tree
version=v4
num_class=1
num_tree_per_iteration=1
label_index=0
max_feature_idx=22
objective=regression
feature_names=Column_0 Column_1 Column_2 Column_3 Column_4 Column_5 Column_6 Column_7 Column_8 Column_9 Column_10 Column_11 Column_12 Column_13 Column_14 Column_15 Column_16 Column_17 Column_18 Column_19 Column_20 Column_21 Column_22
feature_infos=[0:32] [1:44] [0:7] [0:20] [0:37] [0:14] none [0:42] [0:34] [0:27] [0:26] [0:62] [0:10] [2:72] [0:54] [0:21] [0:4] [0:5] none none [0:4] [0:8] [0:2]
tree_sizes=2797 2831 2826 2840 2824 2833 2828 2819 2819 2814 2823 2812 2813 2823 2827 2807 2828 2820 2820 2816 2837 2813 2829 2810 2823 2829 2816 2824 2818 2822 2825 2815 2820 2804 2802 2819 2816 2819 2821 2825 2835 2822 2825 2823 2832 2816 2819 2823 2807 2832 2833 2836 2831 2820 2822 2827 2812 2833 2802 2824 2842 2845 2825 2834 2814 2825 2807 2813 2837 2830 2829 2832 2837 2823 2815 2820 2810 2831 2831 2834 2827 2821 2837 2832 2818 2822 2836 2829 2833 2832 2824 2845 2830 2814 2825 2831 2814 2830 2837 2817 2827 2840 2811 2843 2801 2827 2850 2818 2845 2839 2836 2812 2826 2839 2837 2835 2842 2836 2844 2844 2828 2830 2843 2853 2846 2791 2828 2816 2823 2815 2835 2784 2813 2776 2761 2788 2808 2780 2729 2758 2746 2770 2753 2764 2730 2739 2728 2754 2765 2752 2687 2760 2701 2732 2777 2766 2759 2737 2692 2726 2697 2701 2745 2717 2695 2678 2744 2740 2733 2690 2714 2718 2732 2705 2707 2706 2721 2711 2742 2687 2704 2753 2695 2711 2705 2707 2728 2712 2688 2730 2716 2665 2666 2682 2685 2691 2689 2722 2686 2672

Tree=0
num_leaves=31
num_cat=0
split_feature=13 13 13 14 14 14 14 13 13 13 13 14 14 7 14 14 13 14 13 13 13 13 14 13 7 4 13 14 7 14
split_gain=5.4576e+10 9.85507e+09 9.84128e+09 2.27677e+09 2.20392e+09 1.7245e+09 1.12234e+09 7.10159e+08 6.59667e+08 5.84284e+08 4.53172e+08 3.41158e+08 3.14013e+08 2.82418e+08 2.4925e+08 2.46085e+08 2.26537e+08 1.92314e+08 1.71728e+08 1.71636e+08 1.68611e+08 1.65448e+08 1.44076e+08 1.42795e+08 1.4168e+08 1.35374e+08 1.34263e+08 1.12468e+08 9.78342e+07 9.56106e+07
threshold=27.500000000000004 41.500000000000007 17.500000000000004 17.500000000000004 12.500000000000002 8.5000000000000018 20.500000000000004 32.500000000000007 21.500000000000004 11.500000000000002 59.500000000000007 21.500000000000004 12.500000000000002 4.5000000000000009 11.500000000000002 7.5000000000000009 47.500000000000007 8.5000000000000018 12.500000000000002 50.500000000000007 37.500000000000007 22.500000000000004 4.5000000000000009 33.500000000000007 5.5000000000000009 2.5000000000000004 31.500000000000004 4.5000000000000009 6.5000000000000009 19.500000000000004
decision_type=2 2 2 2 2 2 2 2 2 2 2 2 2 2 2 2 2 2 2 2 2 2 2 2 2 2 2 2 2 2
left_child=2 3 5 7 8 9 16 14 15 27 19 26 18 21 -2 -4 -3 -10 -7 -8 28 -6 -11 -13 -17 -16 -5 -1 -9 -15
right_child=1 6 4 11 13 12 10 20 17 22 -12 23 -14 29 25 24 -18 -19 -20 -21 -22 -23 -24 -25 -26 -27 -28 -29 -30 -31
leaf_value=8269.0459842869805 8546.6295709398837 8761.7286010940479 8401.6467262338701 8651.4714907055386 8509.6610055951332 8360.6265167734437 8875.7932838566539 8620.9763594353863 8463.8408361035417 8326.4988632937493 9080.3729778218603 8722.6660297831222 8469.9241652980636 8582.0567591356121 8591.5057650177987 8444.1615369076917 8845.8465662622602 8508.9038707554009 8416.3808526441881 8950.7790678166457 8689.9730782167026 8559.1135617280252 8365.1418238439346 8802.0372049612015 8522.1908294430468 8666.082300085789 8717.4967883639365 8310.6641517711814 8682.3196285892445 8658.8939531512005
leaf_weight=265 338 201 390 116 319 197 216 329 402 350 40 90 210 233 393 554 133 576 462 118 191 360 776 153 65 72 229 419 81 49
leaf_count=265 338 201 390 116 319 197 216 329 402 350 40 90 210 233 393 554 133 576 462 118 191 360 776 153 65 72 229 419 81 49
internal_value=8516.82 8701.61 8428.15 8644.66 8491.18 8358.79 8861.84 8610.07 8461.12 8330.99 8921.33 8727.26 8416.68 8553.35 8579.3 8432.76 8795.22 8490.38 8399.71 8902.29 8651.17 8535.88 8353.13 8772.64 8452.36 8603.05 8695.3 8294.54 8633.1 8595.41
internal_weight=8327 2700 5627 1992 2948 2679 708 1404 1987 1810 374 588 869 961 803 1009 334 978 659 334 601 679 1126 243 619 465 345 684 410 282
internal_count=8327 2700 5627 1992 2948 2679 708 1404 1987 1810 374 588 869 961 803 1009 334 978 659 334 601 679 1126 243 619 465 345 684 410 282
is_linear=0
shrinkage=1


Tree=1
num_leaves=31
num_cat=0
split_feature=13 13 13 14 14 14 14 13 13 13 14 13 14 14 14 13 14 13 7 13 13 7 7 13 7 14 14 7 14 4
split_gain=4.92548e+10 8.8942e+09 8.88175e+09 2.06297e+09 1.99395e+09 1.55636e+09 1.01292e+09 5.69276e+08 5.27317e+08 5.0623e+08 4.15754e+08 4.08988e+08 3.80889e+08 2.83397e+08 2.2447e+08 2.04449e+08 1.79916e+08 1.79886e+08 1.57686e+08 1.55341e+08 1.54901e+08 1.3965e+08 1.37317e+08 1.36673e+08 1.27052e+08 1.17347e+08 1.05991e+08 1.04361e+08 1.03936e+08 9.02032e+07
threshold=27.500000000000004 41.500000000000007 17.500000000000004 16.500000000000004 11.500000000000002 8.5000000000000018 20.500000000000004 32.500000000000007 11.500000000000002 22.500000000000004 21.500000000000004 59.500000000000007 15.500000000000002 12.500000000000002 7.5000000000000009 47.500000000000007 11.500000000000002 32.500000000000007 3.5000000000000004 13.500000000000002 50.500000000000007 6.5000000000000009 3.5000000000000004 14.500000000000002 6.5000000000000009 19.500000000000004 11.500000000000002 3.5000000000000004 5.5000000000000009 2.5000000000000004
decision_type=2 2 2 2 2 2 2 2 2 2 2 2 2 2 2 2 2 2 2 2 2 2 2 2 2 2 2 2 2 2
left_child=2 3 5 7 9 8 15 16 28 14 17 20 18 19 -4 -3 -2 -5 -6 -7 -8 -12 -16 -10 26 -14 -9 -11 -1 -18
right_child=1 6 4 10 12 13 11 24 23 27 21 -13 25 -15 22 -17 29 -19 -20 -21 -22 -23 -24 -25 -26 -27 -28 -29 -30 -31
leaf_value=-228.44251664363375 28.321059969614243 232.66514084849192 -105.23240510776481 126.5331105117798 -15.692135797827333 -139.84564476401908 341.02658374927665 74.795779936843459 -171.49612053966368 -39.341411245510066 213.4449286656664 535.3773132324219 47.923400971690199 -44.549076904455823 -74.112019399116775 312.57720020265509 67.795264514333653 189.39828364054364 30.093866118818926 -90.641406438244857 412.2630830409164 291.59185419497288 -22.866755525882429 -136.52929403286538 167.53931667140273 108.12821016902174 127.6798014671794 1.8781748209981359 -189.1781156825069 133.78244508837091
leaf_weight=383 338 201 465 200 432 276 216 144 611 386 151 40 323 210 464 133 343 264 333 383 118 92 182 515 122 108 277 255 301 61
leaf_count=383 338 201 465 200 432 276 216 144 611 386 151 40 323 210 464 133 343 264 333 383 118 92 182 515 122 108 277 255 301 61
internal_value=-4.41364e-08 175.552 -84.2352 121.45 -24.3522 -150.131 327.772 83.708 -176.537 -58.3274 190.049 384.288 25.4175 -95.1305 -78.7424 264.486 55.2386 162.301 4.23824 -111.249 366.194 243.031 -59.6745 -155.503 122.611 63.0095 109.591 -22.9436 -211.164 77.7587
internal_weight=8327 2700 5627 1992 2948 2679 708 1285 1810 1752 707 374 1196 869 1111 334 742 464 765 659 334 243 646 1126 543 431 421 641 684 404
internal_count=8327 2700 5627 1992 2948 2679 708 1285 1810 1752 707 374 1196 869 1111 334 742 464 765 659 334 243 646 1126 543 431 421 641 684 404
is_linear=0
shrinkage=0.05


Tree=2
num_leaves=31
num_cat=0
split_feature=13 13 13 14 14 14 14 13 13 13 13 13 14 14 7 7 14 14 13 4 14 7 4 14 7 14 14 14 13 13
split_gain=4.44527e+10 8.98558e+09 7.07399e+09 1.58808e+09 1.57648e+09 1.54704e+09 1.40461e+09 4.77036e+08 4.73652e+08 4.59772e+08 4.45817e+08 4.1737e+08 2.60705e+08 2.55766e+08 2.31449e+08 2.191e+08 2.18585e+08 1.75433e+08 1.44477e+08 1.34532e+08 1.34189e+08 1.33132e+08 1.28734e+08 1.17497e+08 1.11986e+08 1.10652e+08 1.05502e+08 1.02891e+08 1.01078e+08 8.78718e+07
threshold=26.500000000000004 38.500000000000007 17.500000000000004 12.500000000000002 17.500000000000004 20.500000000000004 8.5000000000000018 12.500000000000002 53.500000000000007 20.500000000000004 32.500000000000007 43.500000000000007 11.500000000000002 12.500000000000002 4.5000000000000009 3.5000000000000004 22.500000000000004 27.500000000000004 11.500000000000002 2.5000000000000004 7.5000000000000009 1.5000000000000002 4.5000000000000009 9.5000000000000018 8.5000000000000018 30.500000000000004 4.5000000000000009 13.500000000000002 22.500000000000004 31.500000000000004
decision_type=2 2 2 2 2 2 2 2 2 2 2 2 2 2 2 2 2 2 2 2 2 2 2 2 2 2 2 2 2 2
left_child=2 4 6 9 10 11 7 21 22 20 12 -3 -2 18 28 23 29 -10 -8 -14 -4 -1 25 -11 -13 -7 -9 -12 -5 -6
right_child=1 5 3 14 16 8 13 26 17 15 27 24 19 -15 -16 -17 -18 -19 -20 -21 -22 -23 -24 -25 -26 -27 -28 -29 -30 -31
leaf_value=-210.84267133127648 21.834573431323363 181.15242669815407 -108.96339437289117 -7.745271358809501 122.08490357243159 291.83937558774596 -151.59659199434168 -168.26227111267531 400.01162391075724 -66.974085227875477 88.945401882570849 252.12507311232548 63.130875540029585 -42.321622589542756 68.700683413273779 -3.9411856012959632 221.99639591365667 536.10856789981619 -93.748121185010987 131.40912726907172 -66.389556508745471 -171.78808443138638 377.55118145520174 -25.380128954167954 330.09151711385761 395.85704556169185 -131.40689468383789 136.02072949884061 33.342838873761764 172.48064578262407
leaf_weight=502 433 266 312 319 153 216 136 278 78 420 258 188 477 210 251 403 154 34 523 85 455 386 79 285 61 29 644 211 282 199
leaf_count=502 433 266 312 319 153 216 136 278 78 420 258 188 477 210 251 403 154 34 523 85 455 386 79 285 61 29 644 211 282 199
internal_value=3.3474e-07 157.162 -84.9186 -28.2284 96.2314 283.38 -142.625 -167.711 352.689 -53.9491 69.9357 224.702 50.9925 -90.3739 28.3754 -33.3491 172.312 441.327 -105.687 73.4577 -83.7077 -193.866 322.048 -50.1595 271.225 304.152 -142.519 110.124 11.534 150.576
internal_weight=8327 2921 5406 2727 1970 951 2679 1810 436 1875 1464 515 995 869 852 1108 506 112 659 562 767 888 324 705 249 245 922 469 601 352
internal_count=8327 2921 5406 2727 1970 951 2679 1810 436 1875 1464 515 995 869 852 1108 506 112 659 562 767 888 324 705 249 245 922 469 601 352
is_linear=0
shrinkage=0.05


Tree=3
num_leaves=31
num_cat=0
split_feature=13 13 13 14 14 14 14 13 13 14 13 14 13 7 7 13 14 13 5 4 13 13 7 13 14 4 7 14 13 7
split_gain=4.01592e+10 7.26042e+09 7.22493e+09 1.68919e+09 1.59001e+09 1.35422e+09 8.27471e+08 5.60491e+08 4.59705e+08 3.73489e+08 3.41577e+08 3.33937e+08 3.05483e+08 2.54921e+08 2.18206e+08 1.77548e+08 1.63293e+08 1.60728e+08 1.57854e+08 1.50878e+08 1.37827e+08 1.27242e+08 1.21377e+08 1.11617e+08 1.01364e+08 1.00682e+08 9.90078e+07 9.79533e+07 9.26612e+07 8.78668e+07
threshold=27.500000000000004 41.500000000000007 18.500000000000004 16.500000000000004 8.5000000000000018 10.500000000000002 20.500000000000004 13.500000000000002 35.500000000000007 15.500000000000002 59.500000000000007 21.500000000000004 14.500000000000002 3.5000000000000004 4.5000000000000009 48.500000000000007 14.500000000000002 8.5000000000000018 1.0000000180025095e-35 2.5000000000000004 23.500000000000004 50.500000000000007 6.5000000000000009 31.500000000000004 10.500000000000002 1.5000000000000002 6.5000000000000009 3.5000000000000004 24.500000000000004 2.5000000000000004
decision_type=2 2 2 2 2 2 2 2 2 2 2 2 2 2 2 2 2 2 2 2 2 2 2 2 2 2 2 2 2 2
left_child=2 3 4 8 7 13 15 17 14 18 21 19 29 20 24 -3 -14 -1 28 23 -4 -8 -13 -5 -2 -9 -11 -19 -7 -6
right_child=1 6 5 11 12 9 10 25 -10 26 -12 22 16 -15 -16 -17 -18 27 -20 -21 -22 -23 -24 -25 -26 -27 -28 -29 -30 -31
leaf_value=-219.12996331935975 10.306033971890267 213.64624547367603 -78.086010000538025 96.093272826920696 -127.99361205606495 -19.306131978025515 307.78217615198207 -132.66039112306612 131.88352567794476 51.383592600915954 485.20546081542972 191.61011291908113 -68.146689799086914 -17.455199854650225 87.328415160110367 291.58178631817856 1.1918023713744512 -203.7746951081032 45.584440049852645 203.78793348086779 -33.985738632315964 372.34608299126057 264.46503110139264 153.18794432048557 54.534811741597764 -85.047928243783815 127.17772715043048 -161.68449145880615 18.767467869194146 -79.331528447330868
leaf_weight=205 193 226 654 134 283 504 216 761 282 357 40 151 533 384 416 108 101 172 175 93 243 118 92 237 394 130 49 704 234 138
leaf_count=205 193 226 654 134 283 504 216 761 282 357 40 151 533 384 416 108 101 172 175 93 243 118 92 237 394 130 49 704 234 138
internal_value=1.65661e-07 158.517 -76.0609 109.635 -128.569 -14.929 296.046 -155.075 75.4829 20.6325 347.128 171.709 -79.0254 -51.5453 59.6255 238.847 -57.1007 -179.275 2.89 146.841 -66.1391 330.592 219.193 132.566 39.9928 -125.714 60.5312 -169.949 -7.23401 -112.043
internal_weight=8327 2700 5627 1992 3027 2600 708 1972 1285 1319 374 707 1055 1281 1003 334 634 1081 913 464 897 334 243 371 587 891 406 876 738 421
internal_count=8327 2700 5627 1992 3027 2600 708 1972 1285 1319 374 707 1055 1281 1003 334 634 1081 913 464 897 334 243 371 587 891 406 876 738 421
is_linear=0
shrinkage=0.05


Tree=4
num_leaves=31
num_cat=0
split_feature=13 13 13 14 14 14 14 13 13 14 13 13 14 7 13 14 7 7 14 7 7 13 4 7 14 14 7 14 4 14
split_gain=3.62464e+10 7.34949e+09 5.79334e+09 1.56331e+09 1.29789e+09 1.25657e+09 8.89336e+08 3.86777e+08 3.78534e+08 3.76586e+08 3.56858e+08 3.41919e+08 3.06503e+08 2.81177e+08 1.63578e+08 1.53776e+08 1.50629e+08 1.44558e+08 1.31226e+08 1.24185e+08 1.20429e+08 1.18159e+08 1.14617e+08 1.09671e+08 1.07543e+08 1.03924e+08 1.01225e+08 9.91552e+07 8.32112e+07 8.30128e+07
threshold=26.500000000000004 38.500000000000007 16.500000000000004 10.500000000000002 15.500000000000002 20.500000000000004 9.5000000000000018 53.500000000000007 20.500000000000004 14.500000000000002 11.500000000000002 43.500000000000007 22.500000000000004 4.5000000000000009 20.500000000000004 27.500000000000004 5.5000000000000009 4.5000000000000009 5.5000000000000009 4.5000000000000009 3.5000000000000004 31.500000000000004 4.5000000000000009 9.5000000000000018 5.5000000000000009 6.5000000000000009 6.5000000000000009 30.500000000000004 2.5000000000000004 14.500000000000002
decision_type=2 2 2 2 2 2 2 2 2 2 2 2 2 2 2 2 2 2 2 2 2 2 2 2 2 2 2 2 2 2
left_child=2 4 6 8 13 11 10 22 25 14 24 29 16 21 -5 -9 -6 -10 -12 -11 -8 -2 27 -15 -1 -4 -13 -7 -14 -3
right_child=1 5 3 9 12 7 20 15 17 19 18 26 28 23 -16 -17 -18 -19 -20 -21 -22 -23 -24 -25 -26 -27 -28 -29 -30 -31
leaf_value=-197.50483886081307 20.069929916836276 129.1781996372768 -109.79875266181098 -41.068938676616817 103.99441067758573 262.29979423240383 -90.174410829903948 359.94681521684697 -49.449086162251689 24.781297958080842 -153.44136424163565 214.54400786170663 179.81079200679423 74.338856643223934 4.0417255370081335 487.36642707375927 156.17205054178191 4.8351547478050589 -118.38090661855846 77.233490936972885 -29.420777496488967 63.23349678586807 343.21290236847312 144.16461451603817 -159.35930875462978 -73.806234432648921 278.34513193766276 360.76549030172418 265.83633076435814 186.32288609854186
leaf_weight=383 479 105 315 316 409 216 424 78 653 357 482 129 117 417 552 34 209 151 598 165 101 237 79 65 357 552 120 29 37 161
leaf_count=383 479 105 315 316 409 216 424 78 653 357 482 129 117 417 552 34 209 151 598 165 101 237 79 65 357 552 120 29 37 161
internal_value=-8.27422e-08 141.916 -76.6807 -31.3767 86.8108 256.066 -135.817 318.53 -63.9664 7.80122 -152.355 203.183 137.367 54.2319 -12.3811 398.628 121.64 -39.2539 -134.028 41.361 -78.4866 34.3573 290.842 83.7552 -179.102 -86.8831 245.292 273.955 200.479 163.766
internal_weight=8327 2921 5406 3061 1970 951 2345 436 1671 1390 1820 515 772 1198 868 112 618 804 1080 522 525 716 324 482 740 867 249 245 154 266
internal_count=8327 2921 5406 3061 1970 951 2345 436 1671 1390 1820 515 772 1198 868 112 618 804 1080 522 525 716 324 482 740 867 249 245 154 266
is_linear=0
shrinkage=0.05


Tree=5
num_leaves=31
num_cat=0
split_feature=13 13 13 14 14 14 14 13 13 13 13 13 14 13 14 14 14 5 7 14 7 7 13 5 14 14 13 14 5 7
split_gain=3.27518e+10 5.92443e+09 5.90334e+09 1.38591e+09 1.34596e+09 1.03761e+09 6.76244e+08 4.4863e+08 4.22502e+08 3.58845e+08 2.37143e+08 2.29604e+08 2.24486e+08 2.10467e+08 2.08281e+08 2.01429e+08 2.01051e+08 1.40963e+08 1.27983e+08 1.27258e+08 1.14081e+08 1.11459e+08 1.11251e+08 1.0503e+08 1.03847e+08 1.03531e+08 9.41244e+07 9.16044e+07 8.7766e+07 8.50267e+07
threshold=27.500000000000004 41.500000000000007 17.500000000000004 17.500000000000004 12.500000000000002 8.5000000000000018 22.500000000000004 35.500000000000007 22.500000000000004 11.500000000000002 53.500000000000007 33.500000000000007 11.500000000000002 48.500000000000007 11.500000000000002 19.500000000000004 7.5000000000000009 2.5000000000000004 4.5000000000000009 25.500000000000004 2.5000000000000004 5.5000000000000009 22.500000000000004 1.0000000180025095e-35 17.500000000000004 27.500000000000004 13.500000000000002 5.5000000000000009 3.5000000000000004 1.5000000000000002
decision_type=2 2 2 2 2 2 2 2 2 2 2 2 2 2 2 2 2 2 2 2 2 2 2 2 2 2 2 2 2 2
left_child=2 3 5 7 8 9 13 12 16 29 -8 28 -2 24 26 17 -4 22 -18 -13 27 -14 -6 -10 -3 -12 -7 -11 -5 -1
right_child=1 6 4 11 15 14 10 -9 23 20 25 19 21 -15 -16 -17 18 -19 -20 -21 -22 -23 -24 -25 -26 -27 -28 -29 -30 -31
leaf_value=-186.64324607208766 28.83628774564842 172.84535518364621 -87.418434083179761 118.28273269190935 -6.2235554790322007 -120.51249359510678 295.97425272833442 123.92265312218592 -23.476580900397185 -152.59259513395378 352.38846348353798 177.03523781316744 61.915217721006755 274.03829797521814 -45.519798758171056 93.044587015222632 -54.732525417797241 86.031407786051432 0.78150941018135323 260.2748956853693 -99.217561772843496 107.46703518817299 31.71189900037988 22.65412447267963 235.19921592523244 462.99810862821687 -78.548593621900793 -119.60533644522103 218.74237518310548 -150.50624153408666
leaf_weight=417 435 149 465 231 358 231 194 321 605 415 56 278 458 154 321 108 638 75 124 55 284 190 420 155 121 34 317 427 24 267
leaf_count=417 435 149 465 231 358 231 194 321 605 415 56 278 458 154 321 108 638 75 124 55 284 190 420 155 121 34 317 427 24 267
internal_value=1.47995e-07 143.153 -68.6889 98.9974 -19.8683 -122.412 267.387 72.0077 -43.3638 -143.973 327.094 163.442 56.6202 227.394 -77.503 28.7119 -61.5094 20.5666 -45.6987 190.784 -126.621 75.2715 14.2557 -14.0683 200.789 394.174 -96.2378 -135.864 127.738 -172.537
internal_weight=8327 2700 5627 1992 2948 2679 708 1404 1987 1810 284 588 1083 424 869 961 1227 853 762 333 1126 648 778 760 270 90 548 842 255 684
internal_count=8327 2700 5627 1992 2948 2679 708 1404 1987 1810 284 588 1083 424 869 961 1227 853 762 333 1126 648 778 760 270 90 548 842 255 684
is_linear=0
shrinkage=0.05


Tree=6
num_leaves=31
num_cat=0
split_feature=13 13 13 14 14 14 14 13 14 14 13 14 13 7 13 7 13 7 7 13 13 14 7 7 13 7 7 13 13 14
split_gain=2.95585e+10 5.34833e+09 5.3468e+09 1.26258e+09 1.18188e+09 1.01128e+09 6.15522e+08 3.38173e+08 3.27983e+08 3.27881e+08 3.00753e+08 2.82383e+08 2.65762e+08 2.03496e+08 1.66295e+08 1.55117e+08 1.36063e+08 1.34296e+08 1.29719e+08 1.13887e+08 1.01967e+08 1.00314e+08 9.6805e+07 8.97586e+07 8.31921e+07 8.11405e+07 7.67319e+07 7.23877e+07 7.23305e+07 7.14726e+07
threshold=27.500000000000004 18.500000000000004 41.500000000000007 15.500000000000002 7.5000000000000009 10.500000000000002 20.500000000000004 13.500000000000002 11.500000000000002 21.500000000000004 34.500000000000007 15.500000000000002 59.500000000000007 3.5000000000000004 14.500000000000002 5.5000000000000009 47.500000000000007 4.5000000000000009 5.5000000000000009 8.5000000000000018 23.500000000000004 30.500000000000004 6.5000000000000009 3.5000000000000004 50.500000000000007 6.5000000000000009 2.5000000000000004 22.500000000000004 33.500000000000007 10.500000000000002
decision_type=2 2 2 2 2 2 2 2 2 2 2 2 2 2 2 2 2 2 2 2 2 2 2 2 2 2 2 2 2 2
left_child=1 4 3 10 7 13 16 19 14 15 18 17 21 20 -6 28 -4 27 29 -1 -3 24 -11 -10 -8 -13 -21 -7 -5 -2
right_child=2 5 6 9 8 11 12 -9 23 22 -12 25 -14 -15 -16 -17 -18 -19 -20 26 -22 -23 -24 -25 -26 -27 -28 -29 -30 -31
leaf_value=-193.35895197687924 9.4805295175260262 -67.614562845430612 178.72473964406484 81.40634678607816 -113.95654544195951 -25.197658387795549 253.81240040612599 -112.67990131564386 -53.944016040830348 164.27882803607463 102.17360585615089 44.484627629698622 419.86736694335946 -13.841520822917424 -72.00433312356472 152.63813971157731 243.91609685223804 37.197650729334633 77.278826159100205 -157.22357030037122 -29.682655582898931 361.12257970861492 229.34266490106998 -3.1525408851623538 308.82302008734814 113.09971634222536 -116.61709923910928 7.0761247550447779 124.9983782923499 44.95414041356387
leaf_weight=185 222 654 201 213 451 326 189 717 286 151 301 357 40 384 496 232 133 215 215 624 243 37 92 125 108 49 143 372 172 394
leaf_count=185 222 654 201 213 451 326 189 717 286 151 301 357 40 384 496 232 133 215 215 624 243 37 92 125 108 49 143 372 172 394
internal_value=6.45517e-08 -65.2545 135.995 94.0476 -110.432 -12.6576 254.017 -138.614 -75.7957 139.717 59.3514 18.073 298.074 -44.2997 -91.9837 120.342 204.684 2.64554 43.8406 -158.146 -57.3387 283.488 188.912 -38.4965 273.816 52.7658 -149.653 -7.9973 100.881 32.1698
internal_weight=8327 5627 2700 1992 3027 2600 708 1669 1358 860 1132 1319 374 1281 947 617 334 913 831 952 897 334 243 411 297 406 767 698 385 616
internal_count=8327 5627 2700 1992 3027 2600 708 1669 1358 860 1132 1319 374 1281 947 617 334 913 831 952 897 334 243 411 297 406 767 698 385 616
is_linear=0
shrinkage=0.05


Tree=7
num_leaves=31
num_cat=0
split_feature=13 13 13 14 14 14 14 7 13 13 7 14 14 13 7 14 13 5 5 7 4 13 4 14 7 14 14 5 13 5
split_gain=2.67053e+10 5.44713e+09 4.29205e+09 1.16188e+09 1.04685e+09 8.75214e+08 6.63301e+08 3.4347e+08 3.33651e+08 3.06716e+08 2.51349e+08 2.46808e+08 2.39256e+08 1.71648e+08 1.64546e+08 1.55916e+08 1.31395e+08 1.11304e+08 1.06001e+08 1.05617e+08 1.01203e+08 9.40606e+07 9.22738e+07 9.07476e+07 8.9908e+07 7.71819e+07 7.70933e+07 7.66217e+07 7.38947e+07 7.38847e+07
threshold=26.500000000000004 37.500000000000007 16.500000000000004 11.500000000000002 20.500000000000004 14.500000000000002 6.5000000000000009 2.5000000000000004 50.500000000000007 43.500000000000007 3.5000000000000004 20.500000000000004 10.500000000000002 10.500000000000002 3.5000000000000004 30.500000000000004 20.500000000000004 1.5000000000000002 1.5000000000000002 6.5000000000000009 4.5000000000000009 12.500000000000002 1.5000000000000002 7.5000000000000009 8.5000000000000018 29.500000000000004 17.500000000000004 4.5000000000000009 20.500000000000004 2.5000000000000004
decision_type=2 2 2 2 2 2 2 2 2 2 2 2 2 2 2 2 2 2 2 2 2 2 2 2 2 2 2 2 2 2
left_child=2 5 6 7 9 14 13 23 20 27 28 19 21 -1 -2 -10 -9 -16 26 -7 25 -8 -15 -4 -11 -6 -12 -3 -5 -13
right_child=1 4 3 10 8 11 12 16 15 24 18 29 -14 22 17 -17 -18 -19 -20 -21 -22 -23 -24 -25 -26 -27 -28 -29 -30 -31
leaf_value=-170.96962390168346 13.609928245638384 131.21381701940223 -90.12637386893347 -31.265797836171544 210.53869943329784 80.64707442170284 -123.52057223042485 -52.8460038491896 308.68089786724454 193.76013998478018 14.687811758755537 141.48314258664155 -55.767838387229723 -136.88209744878563 44.996942879698196 454.99070754278273 -16.969632362959878 99.040435148711907 79.917283316651151 132.32346761149745 289.8738302988549 -89.95405172749139 -85.803455075796919 -57.660253739468672 263.61956907178535 293.13188180634472 66.119414430983525 222.14428955078125 4.7319018690546351 232.29938183593751
leaf_weight=386 387 316 434 230 198 488 378 429 137 188 324 215 349 664 513 21 630 117 118 124 73 466 102 427 61 33 94 25 375 25
leaf_count=386 387 316 434 230 198 488 378 429 137 188 324 215 349 664 513 21 630 117 118 124 73 466 102 427 61 33 94 25 375 25
internal_value=-7.77398e-08 121.814 -65.8191 -26.8245 212.823 70.5877 -116.72 -50.5717 269.188 168.686 13.1355 107.97 -90.5887 -143.781 39.2706 328.127 -31.5031 55.0336 38.0678 91.1175 238.555 -104.987 -130.081 -74.0253 210.874 222.338 26.2538 137.88 -8.95317 150.943
internal_weight=8327 2921 5406 3061 1052 1869 2345 1920 462 590 1141 852 1193 1152 1017 158 1059 630 536 612 304 844 766 861 249 231 418 341 605 240
internal_count=8327 2921 5406 3061 1052 1869 2345 1920 462 590 1141 852 1193 1152 1017 158 1059 630 536 612 304 844 766 861 249 231 418 341 605 240
is_linear=0
shrinkage=0.05


Tree=8
num_leaves=31
num_cat=0
split_feature=13 13 13 14 14 14 14 7 7 13 4 7 13 14 14 13 13 13 5 14 13 7 7 13 14 14 7 14 14 5
split_gain=2.41611e+10 4.92143e+09 3.86786e+09 9.98053e+08 9.66102e+08 8.70802e+08 5.11249e+08 3.12415e+08 2.94004e+08 2.78598e+08 2.37103e+08 2.25261e+08 1.89119e+08 1.64977e+08 1.63929e+08 1.60172e+08 1.34468e+08 1.16753e+08 1.09366e+08 1.08529e+08 1.0375e+08 1.01076e+08 9.68084e+07 9.54571e+07 8.62206e+07 8.24281e+07 8.2166e+07 7.67879e+07 7.49887e+07 6.68873e+07
threshold=28.500000000000004 18.500000000000004 41.500000000000007 13.500000000000002 7.5000000000000009 16.500000000000004 22.500000000000004 3.5000000000000004 2.5000000000000004 13.500000000000002 2.5000000000000004 4.5000000000000009 60.500000000000007 19.500000000000004 7.5000000000000009 48.500000000000007 32.500000000000007 12.500000000000002 2.5000000000000004 13.500000000000002 35.500000000000007 1.5000000000000002 8.5000000000000018 23.500000000000004 17.500000000000004 11.500000000000002 7.5000000000000009 23.500000000000004 6.5000000000000009 1.5000000000000002
decision_type=2 2 2 2 2 2 2 2 2 2 2 2 2 2 2 2 2 2 2 2 2 2 2 2 2 2 2 2 2 2
left_child=1 4 5 7 9 11 15 14 17 21 16 25 26 18 -3 24 -7 -6 -5 -10 -13 -1 28 -16 -4 -2 -8 -18 -9 -11
right_child=2 3 6 13 8 10 12 22 19 29 -12 20 -14 -15 23 -17 27 -19 -20 -21 -22 -23 -24 -25 -26 -27 -28 -29 -30 -31
leaf_value=-157.69280814034599 20.645414713601912 -66.920248711451393 145.99815841777215 22.822484545977574 -116.1049220003823 87.179523010253916 243.28572173019936 -48.872990659421141 -53.191978664208307 -106.87383412426303 194.68824589320593 71.905000847304933 407.23947392216439 89.97132939216786 -41.473838046684605 235.36057604504873 127.25580434761797 -74.936830773316757 94.651114947220378 -1.3521236265622654 117.91016156347723 -124.93467954059395 53.322172987306274 -7.7793814000424675 202.81428646371387 59.10250348892977 300.30079530988422 184.51609240080182 1.001341718162809 -56.373163698797363
leaf_weight=525 248 418 149 614 258 185 145 88 452 644 140 371 27 133 570 154 255 518 58 130 183 427 77 333 121 318 112 76 525 73
leaf_count=525 248 418 149 614 258 185 145 88 452 644 140 371 27 133 570 154 255 518 58 130 183 427 77 333 121 318 112 76 525 73
internal_value=-8.16634e-08 -55.5318 130.625 -7.95584 -99.7915 91.2314 229.443 -26.789 -68.4764 -125.271 136.979 64.4366 281.358 39.0919 -41.032 194.669 121.321 -88.6242 29.022 -41.6126 87.1017 -143 0.479259 -29.0483 171.46 42.252 268.133 140.403 -6.15843 -101.732
internal_weight=8327 5843 2484 2816 3027 1776 708 2011 1358 1669 656 1120 284 805 1321 424 516 776 672 582 554 952 690 903 270 566 257 331 613 717
internal_count=8327 5843 2484 2816 3027 1776 708 2011 1358 1669 656 1120 284 805 1321 424 516 776 672 582 554 952 690 903 270 566 257 331 613 717
is_linear=0
shrinkage=0.05


Tree=9
num_leaves=31
num_cat=0
split_feature=13 13 13 13 14 14 14 14 14 7 4 13 13 4 13 13 14 7 5 14 7 7 5 14 4 14 14 14 14 4
split_gain=2.18427e+10 5.00929e+09 3.01093e+09 1.07708e+09 8.79003e+08 6.86961e+08 4.61403e+08 3.74543e+08 3.13678e+08 2.39116e+08 1.90601e+08 1.71104e+08 1.54837e+08 1.50626e+08 1.45283e+08 1.24805e+08 1.0995e+08 1.07325e+08 1.06909e+08 9.78742e+07 9.36152e+07 9.31369e+07 8.28876e+07 8.11935e+07 8.10854e+07 8.00071e+07 7.98634e+07 7.164e+07 6.31432e+07 6.11151e+07
threshold=29.500000000000004 19.500000000000004 41.500000000000007 14.500000000000002 13.500000000000002 16.500000000000004 22.500000000000004 10.500000000000002 6.5000000000000009 3.5000000000000004 2.5000000000000004 53.500000000000007 35.500000000000007 2.5000000000000004 47.500000000000007 24.500000000000004 18.500000000000004 2.5000000000000004 1.5000000000000002 21.500000000000004 1.5000000000000002 8.5000000000000018 5.5000000000000009 17.500000000000004 1.5000000000000002 10.500000000000002 27.500000000000004 9.5000000000000018 8.5000000000000018 1.5000000000000002
decision_type=2 2 2 2 2 2 2 2 2 2 2 2 2 2 2 2 2 2 2 2 2 2 2 2 2 2 2 2 2 2
left_child=1 3 5 8 9 12 14 17 20 15 19 -8 24 16 23 27 -6 -5 29 -7 -1 22 28 -4 -2 -10 -13 -3 -11 -9
right_child=2 4 6 7 13 10 11 18 25 21 -12 26 -14 -15 -16 -17 -18 -19 -20 -21 -22 -23 -24 -25 -26 -27 -28 -29 -30 -31
leaf_value=-151.48075016028969 45.916910755494271 -56.630032274920872 132.44351881760818 -89.114967916240801 23.105327223448949 104.1356758536062 240.85590285468348 -41.62872752729794 -103.6444289763635 -30.260783822679784 188.5255489464962 287.56938912527903 98.340160127438551 89.331634603606346 218.04328465615549 -8.8814777272065495 70.50580533834605 -57.55890960726245 40.598824885108257 152.28744329452516 -119.53480681104614 56.900664494539562 79.329902343750007 191.10264039216219 90.544527084064498 -66.226683070811816 384.71687657973348 -25.474624719588888 5.1011930618297852 8.1584208604451778
leaf_weight=527 548 458 130 708 567 310 194 369 595 183 132 56 282 144 186 375 156 435 55 160 406 76 30 108 125 188 34 309 407 74
leaf_count=527 548 458 130 708 567 310 194 369 595 183 132 56 282 144 186 375 156 435 55 160 406 76 30 108 125 188 34 309 407 74
internal_value=-1.0013e-07 -49.5 132.481 -90.2998 1.13398 93.6069 217.97 -61.3381 -117.996 -18.4418 135.438 267.29 67.2382 42.6337 184.936 -32.5208 33.3328 -77.1054 -25.1493 120.528 -137.579 4.65921 -1.74458 159.062 54.2058 -94.6603 324.27 -44.0785 -5.86701 -33.3121
internal_weight=8327 6062 2265 3357 2705 1557 708 1641 1716 1838 602 284 955 867 424 1142 723 1143 498 470 933 696 620 238 673 783 90 767 590 443
internal_count=8327 6062 2265 3357 2705 1557 708 1641 1716 1838 602 284 955 867 424 1142 723 1143 498 470 933 696 620 238 673 783 90 767 590 443
is_linear=0
shrinkage=0.05


Tree=10
num_leaves=31
num_cat=0
split_feature=13 13 1 14 7 14 13 13 13 14 14 7 13 13 14 14 14 13 14 5 4 4 13 14 4 5 5 7 14 4
split_gain=1.97289e+10 4.03807e+09 3.19518e+09 7.15135e+08 7.12287e+08 6.92337e+08 5.88151e+08 2.84936e+08 2.56686e+08 2.14938e+08 2.02522e+08 1.88195e+08 1.56104e+08 1.48983e+08 1.44523e+08 1.33141e+08 1.29696e+08 1.25534e+08 1.08733e+08 1.04463e+08 8.99173e+07 7.45576e+07 7.19686e+07 7.16999e+07 7.0606e+07 6.89719e+07 6.51698e+07 6.23663e+07 6.23583e+07 6.18175e+07
threshold=26.500000000000004 38.500000000000007 8.5000000000000018 14.500000000000002 3.5000000000000004 19.500000000000004 14.500000000000002 20.500000000000004 50.500000000000007 22.500000000000004 15.500000000000002 1.5000000000000002 43.500000000000007 30.500000000000004 8.5000000000000018 30.500000000000004 9.5000000000000018 32.500000000000007 12.500000000000002 1.5000000000000002 7.5000000000000009 2.5000000000000004 8.5000000000000018 29.500000000000004 1.5000000000000002 2.5000000000000004 3.5000000000000004 8.5000000000000018 5.5000000000000009 1.5000000000000002
decision_type=2 2 2 2 2 2 2 2 2 2 2 2 2 2 2 2 2 2 2 2 2 2 2 2 2 2 2 2 2 2
left_child=2 3 6 13 7 12 11 18 20 17 19 22 -3 25 29 -10 -9 27 -4 21 23 -6 -1 -7 -15 -2 -14 -5 -13 -8
right_child=1 5 4 9 10 8 14 16 15 -11 -12 28 26 24 -16 -17 -18 -19 -20 -21 -22 -23 -24 -25 -26 -27 -28 -29 -30 -31
leaf_value=-164.08654796055384 12.139617668062328 116.3806058046687 -65.752377609548901 61.682955389747136 -19.105004530890032 184.25411730957032 -86.216330936597743 -42.26080004590451 262.83779353463888 150.04585678298753 53.890253820560751 -118.38140379694485 165.50712522476439 45.671928686391631 -36.720235989093787 397.2046003069197 -2.9007126893650681 108.62576970123665 -27.64488860359037 37.136979234901965 272.19770856584825 21.173388003995342 -126.88617141856319 258.83015400654563 91.533008227370829 75.503366648897213 252.97460021972657 127.95938677665515 -89.453676730334394 -45.460268982895862
leaf_weight=168 498 237 783 395 444 250 575 339 151 154 236 298 189 403 275 21 547 328 246 157 42 155 575 37 106 47 24 39 497 111
leaf_count=168 498 237 783 395 444 250 575 339 151 154 236 298 189 403 275 21 547 328 246 157 42 155 575 37 106 47 24 39 497 111
internal_value=-1.42351e-07 104.701 -56.5725 63.8548 -20.9322 189.313 -98.0315 -38.7456 229.745 96.1698 13.4555 -117.206 144.299 35.7708 -67.345 279.243 -17.9606 85.2814 -56.6421 0.833014 203.868 -8.68238 -135.298 193.868 55.2226 17.604 175.363 67.6387 -100.297 -79.6217
internal_weight=8327 2921 5406 1970 2907 951 2499 1915 501 916 992 1538 450 1054 961 172 886 762 1029 756 329 599 743 287 509 545 213 434 795 686
internal_count=8327 2921 5406 1970 2907 951 2499 1915 501 916 992 1538 450 1054 961 172 886 762 1029 756 329 599 743 287 509 545 213 434 795 686
is_linear=0
shrinkage=0.05


Tree=11
num_leaves=31
num_cat=0
split_feature=13 13 1 14 14 13 13 13 14 7 14 7 7 5 4 13 13 14 4 7 5 13 7 4 5 14 4 5 5 5
split_gain=1.78187e+10 4.11248e+09 2.455e+09 8.88666e+08 7.27924e+08 6.61057e+08 3.13407e+08 2.60441e+08 2.45558e+08 2.06966e+08 2.06515e+08 1.99281e+08 1.5933e+08 1.32601e+08 1.31136e+08 1.1708e+08 1.01344e+08 9.21589e+07 8.92702e+07 8.73456e+07 8.66249e+07 8.65092e+07 8.17837e+07 7.69186e+07 7.67626e+07 7.37365e+07 7.22752e+07 7.04593e+07 6.98454e+07 5.97663e+07
threshold=29.500000000000004 19.500000000000004 22.500000000000004 8.5000000000000018 13.500000000000002 36.500000000000007 14.500000000000002 59.500000000000007 13.500000000000002 2.5000000000000004 17.500000000000004 3.5000000000000004 6.5000000000000009 4.5000000000000009 2.5000000000000004 8.5000000000000018 24.500000000000004 19.500000000000004 1.5000000000000002 7.5000000000000009 1.5000000000000002 13.500000000000002 8.5000000000000018 2.5000000000000004 1.5000000000000002 4.5000000000000009 2.5000000000000004 1.0000000180025095e-35 5.5000000000000009 3.5000000000000004
decision_type=2 2 2 2 2 2 2 2 2 2 2 2 2 2 2 2 2 2 2 2 2 2 2 2 2 2 2 2 2 2
left_child=1 3 5 6 11 8 15 12 27 21 23 16 -4 26 17 -1 -3 -6 25 -12 -11 -5 28 29 -14 -17 -10 -2 -13 -7
right_child=2 4 7 9 14 10 -8 -9 13 20 19 22 24 -15 -16 18 -18 -19 -20 -21 -22 -23 -24 -25 -26 -27 -28 -29 -30 -31
leaf_value=-151.38614034513148 28.106777995263929 -39.912246493971878 171.12413966966713 -92.969230706956651 22.253536029353096 86.705674679837713 -77.186172217502289 323.55683949788414 74.643502543784209 -35.117551731982438 143.71339880974739 -5.3403441405807763 213.59916515165165 200.26221704101565 82.50721147722669 -134.55016432753555 -8.1954314316391947 70.074334801918226 -71.979919154519465 204.62098220299032 18.04204639063941 -54.43512658137675 53.398655111891664 146.23665797736055 278.28484714314089 -105.40448379505122 123.1042258884596 72.689060789043623 72.867118733723956 161.10979858398437
leaf_weight=205 356 767 230 225 602 269 818 48 470 516 182 590 206 25 144 333 375 121 134 87 90 413 76 93 59 623 92 118 30 30
leaf_count=205 356 767 230 225 602 269 818 48 470 516 182 590 206 25 144 333 375 121 134 87 90 413 76 93 59 623 92 118 30 30
internal_value=-1.06945e-07 -44.7084 119.657 -81.6761 1.16976 90.4256 -101.415 212.356 65.9735 -48.1484 129.675 -16.6444 201.573 87.5887 38.935 -116.719 -29.4974 30.2567 -110.2 163.412 -27.2226 -68.0247 4.4447 106.523 228.001 -115.557 82.5766 39.2053 -1.55611 94.171
internal_weight=8327 6062 2265 3357 2705 1722 2113 543 1061 1244 661 1838 495 587 867 1295 1142 723 1090 269 606 638 696 392 265 956 562 474 620 299
internal_count=8327 6062 2265 3357 2705 1722 2113 543 1061 1244 661 1838 495 587 867 1295 1142 723 1090 269 606 638 696 392 265 956 562 474 620 299
is_linear=0
shrinkage=0.05


Tree=12
num_leaves=31
num_cat=0
split_feature=13 13 1 14 7 1 13 14 14 7 14 7 14 1 5 14 13 13 13 5 5 0 7 13 4 7 7 13 5 4
split_gain=1.61102e+10 3.30545e+09 2.62726e+09 5.91673e+08 5.86938e+08 5.76498e+08 4.74006e+08 2.36336e+08 2.3407e+08 2.19457e+08 1.71146e+08 1.59015e+08 1.50662e+08 1.4039e+08 1.35139e+08 1.22378e+08 1.07284e+08 9.96867e+07 9.19135e+07 8.8462e+07 8.27254e+07 7.43632e+07 6.63107e+07 6.55132e+07 6.46577e+07 6.37694e+07 6.10912e+07 5.91579e+07 5.40982e+07 4.79631e+07
threshold=26.500000000000004 38.500000000000007 8.5000000000000018 18.500000000000004 3.5000000000000004 22.500000000000004 14.500000000000002 10.500000000000002 11.500000000000002 12.500000000000002 15.500000000000002 1.5000000000000002 16.500000000000004 28.500000000000004 2.5000000000000004 6.5000000000000009 20.500000000000004 32.500000000000007 20.500000000000004 1.5000000000000002 2.5000000000000004 16.500000000000004 7.5000000000000009 34.500000000000007 2.5000000000000004 3.5000000000000004 4.5000000000000009 8.5000000000000018 1.5000000000000002 2.5000000000000004
decision_type=2 2 2 2 2 2 2 2 2 2 2 2 2 2 2 2 2 2 2 2 2 2 2 2 2 2 2 2 2 2
left_child=2 3 6 8 7 12 11 18 25 13 19 27 -3 21 17 -8 -9 29 -4 24 23 -7 -14 -5 -6 -2 -17 -1 -13 -10
right_child=1 5 4 20 10 9 15 16 14 -11 -12 28 22 -15 -16 26 -18 -19 -20 -21 -22 -23 -24 -25 -26 -27 -28 -29 -30 -31
leaf_value=-148.66062741960798 -0.58259034595489501 103.97611028695408 -64.231610804269096 87.49322519745003 -17.653929229899571 174.07774172696202 -79.556983263298164 -33.581020869338325 34.096007724680852 354.25201513671874 49.582928808058725 -94.839845502477019 141.51555604572539 255.35323423405285 116.22555755946946 -51.278145163669478 1.1783327115728819 75.088951634449572 -33.995632581911757 34.216492164590555 180.94114829615546 226.70702758789062 197.38530426025392 130.53562033362422 19.855147059963599 32.766592057687895 -2.2882217642466229 -114.93327663521146 -52.185241880761566 76.575120120853569
leaf_weight=168 250 237 588 237 444 264 466 441 485 25 236 712 158 97 92 420 447 314 439 157 38 90 80 141 155 336 75 575 83 77
leaf_count=168 250 237 588 237 444 264 466 441 485 25 236 712 158 97 92 420 447 314 439 157 38 90 80 141 155 336 75 575 83 77
internal_value=7.86807e-08 94.6125 -51.1215 57.6572 -18.8036 171.165 -88.7159 -34.9738 43.4797 210.054 12.4121 -105.929 132.195 202.061 58.578 -61.1675 -16.0839 52.5237 -51.307 0.808456 110.618 187.458 160.295 103.549 -7.94791 18.5391 -43.8554 -122.559 -90.3866 39.9161
internal_weight=8327 2921 5406 1970 2907 951 2499 1915 1554 476 992 1538 475 451 968 961 888 876 1027 756 416 354 238 378 599 586 495 743 795 562
internal_count=8327 2921 5406 1970 2907 951 2499 1915 1554 476 992 1538 475 451 968 961 888 876 1027 756 416 354 238 378 599 586 495 743 795 562
is_linear=0
shrinkage=0.05


Tree=13
num_leaves=31
num_cat=0
split_feature=13 13 13 14 14 14 14 7 13 7 7 13 4 5 13 14 14 13 4 13 5 14 4 4 14 14 5 13 4 5
split_gain=1.45572e+10 3.37008e+09 2.0486e+09 7.42268e+08 6.03236e+08 5.94958e+08 2.40304e+08 2.22518e+08 2.07019e+08 1.84168e+08 1.61236e+08 1.47935e+08 1.44751e+08 1.17757e+08 1.16583e+08 1.03829e+08 9.73754e+07 9.16928e+07 9.15193e+07 8.76576e+07 8.54296e+07 8.17884e+07 8.0955e+07 7.40559e+07 6.8029e+07 6.27517e+07 6.08599e+07 5.70387e+07 5.66175e+07 5.43689e+07
threshold=29.500000000000004 19.500000000000004 43.500000000000007 7.5000000000000009 12.500000000000002 18.500000000000004 26.500000000000004 2.5000000000000004 11.500000000000002 4.5000000000000009 13.500000000000002 24.500000000000004 2.5000000000000004 3.5000000000000004 51.500000000000007 27.500000000000004 18.500000000000004 59.500000000000007 2.5000000000000004 11.500000000000002 2.5000000000000004 3.5000000000000004 3.5000000000000004 3.5000000000000004 6.5000000000000009 12.500000000000002 1.0000000180025095e-35 34.500000000000007 3.5000000000000004 3.5000000000000004
decision_type=2 2 2 2 2 2 2 2 2 2 2 2 2 2 2 2 2 2 2 2 2 2 2 2 2 2 2 2 2 2
left_child=1 3 5 8 11 9 14 19 -1 25 15 18 16 23 22 27 -6 -8 24 -5 28 -10 29 -11 -3 -2 -23 -7 -9 -4
right_child=2 4 6 7 12 10 17 20 21 13 -12 -13 -14 -15 -16 -17 -18 -19 -20 -21 -22 26 -24 -25 -26 -27 -28 -29 -30 -31
leaf_value=-120.10838156307446 22.421708021310099 -59.292637875320715 135.02958309738725 -95.198117654093636 14.992552207876372 89.524655874764051 232.86681356309339 -38.958406587469746 -112.2351295107887 63.389631578839158 262.08553059895837 1.6653840945030163 73.453828177668839 142.8762835415927 210.28377947126114 190.21943168640138 58.435227487026111 344.45984395345056 10.85016158588471 -57.295817741769305 28.951306815147401 -83.066902476996546 200.79596633911135 108.41614751313863 -27.251565536485202 56.079751505286005 -47.945561105136221 127.12457179877595 5.9692460310459143 217.53752053000713
leaf_weight=595 261 218 216 197 745 164 79 568 210 459 21 607 165 66 154 48 156 24 124 676 60 826 80 114 690 295 145 262 80 22
leaf_count=595 261 218 216 197 745 164 79 568 210 459 21 607 165 66 154 48 156 24 124 676 60 826 80 114 690 295 145 262 80 22
internal_value=-1.19414e-07 -40.4102 108.153 -73.8752 1.12095 80.4164 189.675 -48.9562 -96.0581 61.3228 126.511 -17.9213 30.3989 79.6324 174.575 120.505 22.5143 258.869 -29.4418 -65.8488 -28.1268 -83.9414 157.283 72.3478 -34.9442 40.2798 -77.8222 112.649 -33.4118 142.656
internal_weight=8327 6062 2265 3357 2705 1690 575 1581 1776 1195 495 1639 1066 639 472 474 901 103 1032 873 708 1181 318 573 908 556 971 426 648 238
internal_count=8327 6062 2265 3357 2705 1690 575 1581 1776 1195 495 1639 1066 639 472 474 901 103 1032 873 708 1181 318 573 908 556 971 426 648 238
is_linear=0
shrinkage=0.05


Tree=14
num_leaves=31
num_cat=0
split_feature=13 13 13 14 1 14 14 7 5 7 7 14 13 7 14 5 13 4 14 5 14 14 13 4 5 7 14 13 4 4
split_gain=1.31599e+10 3.06118e+09 1.91814e+09 6.44936e+08 5.43327e+08 5.2948e+08 2.73902e+08 1.94998e+08 1.67618e+08 1.64006e+08 1.45768e+08 1.34818e+08 1.23324e+08 1.22743e+08 1.04154e+08 8.45829e+07 8.32016e+07 8.18519e+07 8.06064e+07 6.9175e+07 6.51769e+07 6.4203e+07 6.28678e+07 5.94989e+07 5.94317e+07 5.43258e+07 5.27662e+07 5.23006e+07 4.68034e+07 4.62463e+07
threshold=25.500000000000004 37.500000000000007 15.500000000000002 10.500000000000002 22.500000000000004 14.500000000000002 6.5000000000000009 12.500000000000002 1.5000000000000002 2.5000000000000004 6.5000000000000009 17.500000000000004 48.500000000000007 3.5000000000000004 14.500000000000002 2.5000000000000004 30.500000000000004 1.0000000180025095e-35 10.500000000000002 1.0000000180025095e-35 23.500000000000004 5.5000000000000009 9.5000000000000018 2.5000000000000004 2.5000000000000004 7.5000000000000009 22.500000000000004 31.500000000000004 1.5000000000000002 2.5000000000000004
decision_type=2 2 2 2 2 2 2 2 2 2 2 2 2 2 2 2 2 2 2 2 2 2 2 2 2 2 2 2 2 2
left_child=2 5 6 9 11 13 17 12 14 21 16 23 29 -2 28 27 -7 22 -8 -11 -14 -4 -1 -3 -12 -13 -18 -15 -5 -6
right_child=1 4 3 8 7 10 18 -9 -10 19 24 25 20 15 -16 -17 26 -19 -20 -21 -22 -23 -24 -25 -26 -27 -28 -29 -30 -31
leaf_value=-136.48818478137989 4.7047463086355163 83.907233245005258 -80.949516434611581 -21.78638066760352 141.99622875479767 45.399790105250347 -77.102258728276709 324.10205859375003 47.448634383678439 -36.746742615678329 99.530021307051911 128.03723375973286 181.01725550684438 19.465491223860283 15.632464358263377 85.179553028389265 70.587552922178318 -77.753691162003406 -44.974416348827418 -4.1189397168609334 234.61410110061234 -51.04125808313853 -104.43626232300788 133.61449546331093 172.09056926054114 179.54177566919572 118.08836784362794 49.113928739461777 11.760645541667939 190.45009411798009
leaf_weight=203 498 253 247 618 172 335 719 25 175 695 166 149 116 386 395 81 311 216 268 212 111 656 621 79 34 78 72 242 125 69
leaf_count=203 498 253 247 618 172 335 719 25 175 695 166 149 116 386 395 81 311 216 268 212 111 656 621 79 34 78 72 242 125 69
internal_value=-1.36489e-07 80.0289 -49.3693 -24.7856 149.784 45.4959 -87.2454 188.047 1.89218 -44.138 74.1145 116.039 180.779 23.7297 -5.11343 37.0928 63.5989 -105.151 -68.3786 -29.1204 207.225 -59.2221 -112.333 95.7352 111.865 145.735 79.5172 30.8905 -16.1425 155.869
internal_weight=8327 3177 5150 3123 1052 2125 2027 493 1313 1810 918 559 468 1207 1138 709 718 1040 987 907 227 903 824 332 200 227 383 628 743 241
internal_count=8327 3177 5150 3123 1052 2125 2027 493 1313 1810 918 559 468 1207 1138 709 718 1040 987 907 227 903 824 332 200 227 383 628 743 241
is_linear=0
shrinkage=0.05


Tree=15
num_leaves=31
num_cat=0
split_feature=13 13 13 14 14 14 13 14 14 7 7 7 7 5 13 7 14 7 13 14 4 4 13 14 5 13 14 14 5 4
split_gain=1.18842e+10 2.7751e+09 1.68165e+09 6.17404e+08 4.96531e+08 4.88291e+08 2.65033e+08 2.01491e+08 1.61744e+08 1.53129e+08 1.38105e+08 1.0864e+08 1.02428e+08 1.00576e+08 9.62738e+07 9.53482e+07 8.98065e+07 8.97806e+07 7.90006e+07 7.07396e+07 6.8538e+07 6.38307e+07 6.07759e+07 5.70885e+07 5.64786e+07 5.49521e+07 5.32632e+07 5.323e+07 5.28867e+07 5.04156e+07
threshold=29.500000000000004 19.500000000000004 43.500000000000007 9.5000000000000018 13.500000000000002 18.500000000000004 12.500000000000002 26.500000000000004 8.5000000000000018 4.5000000000000009 13.500000000000002 3.5000000000000004 4.5000000000000009 3.5000000000000004 51.500000000000007 2.5000000000000004 27.500000000000004 5.5000000000000009 59.500000000000007 4.5000000000000009 3.5000000000000004 8.5000000000000018 24.500000000000004 4.5000000000000009 2.5000000000000004 14.500000000000002 13.500000000000002 11.500000000000002 4.5000000000000009 2.5000000000000004
decision_type=2 2 2 2 2 2 2 2 2 2 2 2 2 2 2 2 2 2 2 2 2 2 2 2 2 2 2 2 2 2
left_child=1 3 5 6 8 9 19 14 28 27 16 25 -6 21 20 23 -7 22 -9 -1 -4 26 -10 -8 -14 -5 -11 -2 29 -3
right_child=2 4 7 11 12 10 15 18 17 13 -12 -13 24 -15 -16 -17 -18 -19 -20 -21 -22 -23 -24 -25 -26 -27 -28 -29 -30 -31
leaf_value=-119.24134758289915 15.62435602044115 -39.660491337780101 128.58197173070508 -61.153591747616616 19.832896700206579 101.48444200793342 -95.594147471148716 210.80549486377572 -17.937044750462409 43.693702015146926 239.82231445312502 -3.5124331951141361 46.970364623371125 130.43657510930842 190.20377165559051 -48.028886393558508 173.6263345082601 32.079086486290315 314.38754730224611 -90.820704385719296 182.07729652404785 128.7727991052576 7.7318362529092033 -68.328803020606742 108.2762787212025 -32.434618712587557 75.333700664428505 47.791179933521036 37.783106004274813 3.529410460120753
leaf_weight=337 202 609 238 258 566 426 263 79 575 245 21 235 257 66 154 458 48 167 24 625 80 37 385 711 44 470 291 354 26 76
leaf_count=337 202 609 238 258 566 426 263 79 575 245 21 235 257 66 154 458 48 167 24 625 80 37 385 711 44 470 291 354 26 76
internal_value=-4.88704e-08 -36.5121 97.7203 -66.8796 1.17504 72.5902 -80.4793 171.581 -13.5378 55.2926 114.349 -33.0709 32.3656 71.9882 157.754 -66.8438 108.79 -1.75673 234.941 -100.777 142.04 65.2559 -7.64275 -75.691 55.932 -42.6125 60.8714 36.1047 -32.2119 -34.8686
internal_weight=8327 6062 2265 3357 2705 1690 2394 575 1838 1195 495 963 867 639 472 1432 474 1127 103 962 318 573 960 974 301 728 536 556 711 685
internal_count=8327 6062 2265 3357 2705 1690 2394 575 1838 1195 495 963 867 639 472 1432 474 1127 103 962 318 573 960 974 301 728 536 556 711 685
is_linear=0
shrinkage=0.05


Tree=16
num_leaves=31
num_cat=0
split_feature=13 13 13 14 14 14 14 13 5 7 7 4 14 14 13 14 14 4 4 13 4 7 7 4 14 13 13 14 5 13
split_gain=1.07591e+10 2.51305e+09 1.57057e+09 5.2641e+08 4.55266e+08 4.3301e+08 2.26782e+08 1.5268e+08 1.44474e+08 1.34827e+08 1.30371e+08 1.19095e+08 1.07089e+08 9.05393e+07 8.89747e+07 8.78734e+07 8.163e+07 7.59887e+07 7.38631e+07 6.90868e+07 6.69031e+07 6.41017e+07 6.09944e+07 5.68695e+07 5.30927e+07 4.90391e+07 4.85295e+07 4.79606e+07 4.72254e+07 4.68368e+07
threshold=25.500000000000004 37.500000000000007 15.500000000000002 10.500000000000002 20.500000000000004 15.500000000000002 6.5000000000000009 50.500000000000007 1.5000000000000002 2.5000000000000004 9.5000000000000018 2.5000000000000004 22.500000000000004 30.500000000000004 30.500000000000004 16.500000000000004 14.500000000000002 2.5000000000000004 1.0000000180025095e-35 9.5000000000000018 7.5000000000000009 7.5000000000000009 8.5000000000000018 1.5000000000000002 5.5000000000000009 45.500000000000007 9.5000000000000018 8.5000000000000018 1.5000000000000002 20.500000000000004
decision_type=2 2 2 2 2 2 2 2 2 2 2 2 2 2 2 2 2 2 2 2 2 2 2 2 2 2 2 2 2 2
left_child=2 5 6 9 10 11 17 20 15 24 16 14 22 -9 27 23 -3 19 26 -1 -6 28 -7 29 -4 -18 -8 -2 -11 -5
right_child=1 4 3 8 7 12 18 13 -10 21 -12 -13 -14 -15 -16 -17 25 -19 -20 -21 -22 -23 -24 -25 -26 -27 -28 -29 -30 -31
leaf_value=-122.47026982646608 -16.972775486609844 71.027182001285453 -73.312919988902479 -30.806361869831534 142.75137865189819 57.222527453632154 -98.490889836159084 197.78618983804745 44.00231087902614 -34.805997509183818 165.37601653675975 58.769344733206282 110.5687796674456 309.27905389694945 34.959692613441689 24.933196955101167 98.694206098752602 -49.312279864391655 -36.50081606899122 -91.434522743809524 211.42026560713609 21.579178186563347 110.62252742961303 15.248132547269385 -46.115309180446516 140.28107674076873 -63.735781749472125 13.84629971552393 -1.0498090445502732 -5.9620735602759423
leaf_weight=239 166 189 247 342 263 571 119 137 175 721 81 209 140 21 453 204 214 83 224 718 41 65 59 166 656 106 644 527 121 426
leaf_count=239 166 189 247 342 263 571 119 137 175 721 81 209 140 21 453 204 214 83 224 718 41 65 59 166 656 106 644 527 121 426
internal_value=9.51134e-08 72.3616 -44.6394 -22.3942 135.564 41.0727 -78.9126 172.735 1.7078 -39.8781 106.458 24.0583 71.0135 212.605 17.728 -4.79618 97.0815 -95.2051 -61.7451 -99.1854 152.013 -26.2619 62.2235 -11.2895 -53.5547 112.47 -69.1563 6.46395 -29.955 -17.0255
internal_weight=8327 3177 5150 3123 1052 2125 2027 462 1313 1810 590 1355 770 158 1146 1138 509 1040 987 957 304 907 630 934 903 320 763 693 842 768
internal_count=8327 3177 5150 3123 1052 2125 2027 462 1313 1810 590 1355 770 158 1146 1138 509 1040 987 957 304 907 630 934 903 320 763 693 842 768
is_linear=0
shrinkage=0.05


Tree=17
num_leaves=31
num_cat=0
split_feature=13 13 13 13 14 14 14 14 14 7 5 7 5 14 14 13 5 4 4 14 14 5 4 5 13 14 7 5 5 5
split_gain=9.71619e+09 2.52937e+09 1.2227e+09 4.89616e+08 4.2134e+08 4.03824e+08 2.05459e+08 1.67429e+08 1.59225e+08 1.56987e+08 1.35809e+08 1.00596e+08 9.61738e+07 8.20754e+07 8.13394e+07 7.60662e+07 7.17848e+07 6.73062e+07 6.59562e+07 6.07614e+07 5.3473e+07 5.16254e+07 5.14648e+07 4.83744e+07 4.59079e+07 4.5424e+07 4.20451e+07 4.14837e+07 4.01102e+07 4.00696e+07
threshold=24.500000000000004 36.500000000000007 15.500000000000002 45.500000000000007 9.5000000000000018 13.500000000000002 5.5000000000000009 23.500000000000004 21.500000000000004 4.5000000000000009 1.5000000000000002 2.5000000000000004 1.0000000180025095e-35 18.500000000000004 5.5000000000000009 60.500000000000007 2.5000000000000004 2.5000000000000004 2.5000000000000004 14.500000000000002 8.5000000000000018 3.5000000000000004 1.0000000180025095e-35 3.5000000000000004 10.500000000000002 14.500000000000002 7.5000000000000009 1.5000000000000002 2.5000000000000004 1.5000000000000002
decision_type=2 2 2 2 2 2 2 2 2 2 2 2 2 2 2 2 2 2 2 2 2 2 2 2 2 2 2 2 2 2
left_child=2 5 6 8 14 12 22 23 18 19 13 24 20 26 -4 29 -11 27 21 -6 -2 -3 -1 25 -8 -5 -7 -16 -10 -9
right_child=1 3 4 7 9 10 11 15 28 16 -12 -13 -14 -15 17 -17 -18 -19 -20 -21 -22 -23 -24 -25 -26 -27 -28 -29 -30 -31
leaf_value=-101.76735648487602 -14.367050109803678 67.802858678186439 -62.985748457542776 89.12257437811958 -20.784887374124907 33.798794483656621 -88.608809112434969 179.82109712963262 126.82249240451388 15.106176107075379 98.877136004355648 -39.767525721440578 39.773543668288113 69.499147971884 -44.141866300848953 289.24196087381114 78.417610078387796 0.76564532724293799 116.55482574202057 5.700707613278742 12.934276782867592 128.40714486929087 -70.462761750192712 202.8548948090652 -63.872673662433627 144.50222347569809 77.805736006100972 -8.576214623320233 191.15250745500839 251.81602942425272
leaf_weight=614 246 355 391 45 838 569 268 121 180 262 155 353 265 308 828 23 54 110 117 292 662 39 167 29 625 209 60 91 28 23
leaf_count=614 246 355 391 45 838 569 268 121 180 262 155 353 265 308 828 23 54 110 117 292 662 39 167 29 625 209 60 91 28 23
internal_value=-1.63691e-08 64.4705 -45.2466 124.202 -24.2268 33.6423 -74.9669 165.104 98.6024 -5.22874 55.5234 -62.364 13.2721 48.3518 -43.5726 204.807 25.9252 -36.196 83.5906 -13.9408 5.53766 73.8018 -95.0735 141.676 -71.2963 134.691 37.9966 -40.6201 135.482 191.32
internal_weight=8327 3434 4893 1169 2866 2265 2027 450 719 1446 1092 1246 1173 937 1420 167 316 1029 511 1130 908 394 781 283 893 254 629 919 208 144
internal_count=8327 3434 4893 1169 2866 2265 2027 450 719 1446 1092 1246 1173 937 1420 167 316 1029 511 1130 908 394 781 283 893 254 629 919 208 144
is_linear=0
shrinkage=0.05


Tree=18
num_leaves=31
num_cat=0
split_feature=13 13 1 14 14 13 7 7 7 14 7 5 4 0 14 13 13 5 14 7 7 4 14 13 1 13 5 5 4 5
split_gain=8.81084e+09 2.06703e+09 1.2443e+09 4.30308e+08 3.90289e+08 3.26111e+08 1.7458e+08 1.67368e+08 1.59763e+08 1.26476e+08 1.1443e+08 1.02278e+08 8.5611e+07 8.38741e+07 7.80249e+07 7.53013e+07 7.51889e+07 7.26792e+07 6.95358e+07 6.84248e+07 6.7167e+07 6.21146e+07 5.75858e+07 5.74959e+07 5.07001e+07 4.86323e+07 4.32831e+07 4.12102e+07 3.98101e+07 3.62225e+07
threshold=29.500000000000004 18.500000000000004 22.500000000000004 10.500000000000002 9.5000000000000018 36.500000000000007 1.5000000000000002 8.5000000000000018 4.5000000000000009 12.500000000000002 7.5000000000000009 4.5000000000000009 2.5000000000000004 17.500000000000004 13.500000000000002 23.500000000000004 22.500000000000004 1.5000000000000002 14.500000000000002 12.500000000000002 11.500000000000002 2.5000000000000004 21.500000000000004 9.5000000000000018 26.500000000000004 13.500000000000002 4.5000000000000009 5.5000000000000009 1.0000000180025095e-35 1.5000000000000002
decision_type=2 2 2 2 2 2 2 2 2 2 2 2 2 2 2 2 2 2 2 2 2 2 2 2 2 2 2 2 2 2
left_child=1 4 5 12 6 9 23 13 15 -2 18 21 16 24 28 -5 -3 25 -7 -9 22 -11 -10 -1 -4 -8 -12 -18 -6 -20
right_child=2 3 7 8 14 10 17 19 20 11 26 -13 -14 -15 -16 -17 27 -19 29 -21 -22 -23 -24 -25 -26 -27 -28 -29 -30 -31
leaf_value=-109.1015598948409 23.187849922983986 -38.673596546216451 112.40847120597715 -8.5848693637510962 -47.434385872902894 53.971113447566609 -75.93042427772285 180.27059101608563 29.244204183695633 48.432156989957292 116.13730735529482 152.69841680526733 11.287449339395616 189.39585465253413 -3.4259812880535514 16.910882145506996 -16.603810326949411 -27.044725844924081 85.298956599678448 268.15204903738839 113.40890243135651 90.926696807262942 92.873056382399341 -80.733132009272197 153.82376208035453 -55.350129676572649 191.14246604225855 53.178845752369277 -18.624445929578165 131.48922705556831
leaf_weight=246 383 660 244 536 446 182 500 106 403 548 153 28 164 59 196 630 552 149 253 28 29 102 39 652 106 674 22 22 164 51
leaf_count=246 383 660 244 536 446 182 500 106 403 548 153 28 164 59 196 630 552 149 253 28 29 102 39 652 106 674 22 22 164 51
internal_value=-4.00583e-08 -31.4384 84.1411 -2.2801 -60.6738 63.3306 -71.4894 150.137 15.1183 46.1563 90.8978 59.1311 -22.6529 134.248 -30.8705 5.19071 -27.1636 -59.9402 78.4143 198.634 39.695 55.1005 34.8585 -88.5044 124.951 -64.1152 125.567 -13.9292 -39.6888 93.048
internal_weight=8327 6062 2265 3035 3027 1722 2221 543 1637 1061 661 678 1398 409 806 1166 1234 1323 486 134 471 650 442 898 350 1174 175 574 610 304
internal_count=8327 6062 2265 3035 3027 1722 2221 543 1637 1061 661 678 1398 409 806 1166 1234 1323 486 134 471 650 442 898 350 1174 175 574 610 304
is_linear=0
shrinkage=0.05


Tree=19
num_leaves=31
num_cat=0
split_feature=1 13 13 7 7 14 7 13 14 14 14 5 14 5 13 4 14 11 13 13 14 7 13 13 14 4 13 13 4 4
split_gain=7.98368e+09 1.62188e+09 1.37177e+09 3.20646e+08 3.01348e+08 2.96547e+08 2.73828e+08 1.50548e+08 1.50195e+08 1.34175e+08 1.09685e+08 1.09529e+08 8.52211e+07 8.2041e+07 7.797e+07 7.75076e+07 7.40594e+07 6.08034e+07 6.00339e+07 5.92002e+07 5.76192e+07 4.83792e+07 4.82269e+07 4.68549e+07 4.39333e+07 4.31596e+07 4.22658e+07 4.20238e+07 4.00335e+07 3.65821e+07
threshold=13.500000000000002 38.500000000000007 17.500000000000004 3.5000000000000004 4.5000000000000009 17.500000000000004 2.5000000000000004 57.500000000000007 5.5000000000000009 22.500000000000004 7.5000000000000009 4.5000000000000009 8.5000000000000018 1.0000000180025095e-35 32.500000000000007 3.5000000000000004 10.500000000000002 28.500000000000004 11.500000000000002 21.500000000000004 30.500000000000004 7.5000000000000009 23.500000000000004 44.500000000000007 15.500000000000002 7.5000000000000009 31.500000000000004 10.500000000000002 5.5000000000000009 2.5000000000000004
decision_type=2 2 2 2 2 2 2 2 2 2 2 2 2 2 2 2 2 2 2 2 2 2 2 2 2 2 2 2 2 2
left_child=2 4 6 10 14 17 8 13 27 15 -4 12 -5 20 24 26 -8 28 -10 -12 23 22 -14 -7 -2 -15 -6 -1 -3 -11
right_child=1 5 3 11 9 7 16 -9 18 29 19 -13 21 25 -16 -17 -18 -19 -20 -21 -22 -23 -24 -25 -26 -27 -28 -29 -30 -31
leaf_value=-104.98985781156101 7.1320798421048552 69.384649355902923 -43.359610886666857 -18.580375636918713 31.935492494458817 96.804499125930505 -45.812113984403908 216.67964797723491 -76.534871204950477 94.130178500444458 -26.758252738295109 69.53311499026087 -5.8748174958054804 156.2450754339045 47.659509388303576 85.555816307522008 -11.534204541348123 146.8236931295956 -52.14454196259684 -3.976484812484872 186.41827466560133 43.087604086546868 21.493341938177977 132.29598774909974 30.727425607516217 236.09401672363285 59.607221016787847 -80.094013830572678 124.9451211052972 153.9567432604338
leaf_weight=260 502 262 538 267 257 159 543 61 372 78 603 72 301 110 263 168 222 34 784 541 33 122 346 224 325 20 298 487 37 38
leaf_count=260 502 262 538 267 257 159 543 61 372 78 603 72 301 110 263 168 222 34 784 541 33 122 346 224 325 20 298 487 37 38
internal_value=-4.06627e-08 67.5272 -35.4957 -10.9833 41.2843 121.381 -61.1289 142.182 -71.285 63.8096 -24.7408 9.90116 5.75686 133.859 23.946 55.8005 -35.8648 83.4647 -59.9933 -15.9847 123.024 14.2068 8.76101 117.562 16.4047 168.53 46.7935 -88.7592 76.26 113.729
internal_weight=8327 2869 5458 2790 1929 940 2668 607 1903 839 1682 1108 1036 546 1090 723 765 333 1156 1144 416 769 647 383 827 130 555 747 299 116
internal_count=8327 2869 5458 2790 1929 940 2668 607 1903 839 1682 1108 1036 546 1090 723 765 333 1156 1144 416 769 647 383 827 130 555 747 299 116
is_linear=0
shrinkage=0.05


Tree=20
num_leaves=31
num_cat=0
split_feature=13 1 13 13 14 14 14 7 5 14 14 7 14 5 4 5 7 14 13 5 14 4 5 4 13 5 14 4 13 13
split_gain=7.2111e+09 1.53115e+09 1.18576e+09 3.46429e+08 2.92887e+08 2.57015e+08 2.13802e+08 1.33265e+08 1.17564e+08 1.08895e+08 1.04468e+08 1.00306e+08 8.62556e+07 8.24127e+07 8.1412e+07 7.36818e+07 7.26422e+07 7.04442e+07 6.08171e+07 5.58891e+07 5.35223e+07 5.26077e+07 5.16719e+07 5.14682e+07 5.12753e+07 4.85315e+07 4.07402e+07 3.89644e+07 3.67545e+07 3.56795e+07
threshold=28.500000000000004 9.5000000000000018 40.500000000000007 14.500000000000002 14.500000000000002 18.500000000000004 22.500000000000004 2.5000000000000004 2.5000000000000004 8.5000000000000018 3.5000000000000004 11.500000000000002 11.500000000000002 2.5000000000000004 2.5000000000000004 1.0000000180025095e-35 8.5000000000000018 21.500000000000004 9.5000000000000018 2.5000000000000004 14.500000000000002 3.5000000000000004 1.0000000180025095e-35 1.5000000000000002 47.500000000000007 1.5000000000000002 24.500000000000004 2.5000000000000004 23.500000000000004 21.500000000000004
decision_type=2 2 2 2 2 2 2 2 2 2 2 2 2 2 2 2 2 2 2 2 2 2 2 2 2 2 2 2 2 2
left_child=1 3 5 10 7 8 16 -3 12 23 -1 24 -2 26 25 18 20 19 -12 28 -4 -14 -11 -5 -8 29 -7 -20 -6 -9
right_child=2 4 6 9 17 13 11 14 -10 22 15 -13 21 -15 -16 -17 -18 -19 27 -21 -22 -23 -24 -25 -26 -27 -28 -29 -30 -31
leaf_value=-98.204306859796702 12.471545981131879 -30.559094021161094 62.379632354001387 -51.960468651790542 2.9470636185762045 64.501396546071888 122.58599201430623 -26.186293811855201 82.346893956342086 -26.217340951663658 -89.664170085519984 254.14798329671225 36.532733896567407 141.69890673828124 24.585932014395016 -35.799534923177923 138.95385854085288 73.753103236298074 -65.856070528904695 67.963272354819566 103.84658977775014 76.681959388076621 13.035840268425998 -20.702862911473346 166.61971007899237 17.449422283078494 103.2805303085934 -27.009068990434919 28.287656004549365 -6.0687884066667825
leaf_weight=275 388 684 109 791 296 294 117 334 127 416 276 24 665 50 217 193 105 67 829 55 272 93 105 158 152 152 88 70 277 648
leaf_count=275 388 684 109 791 296 294 117 334 127 416 276 24 665 50 217 193 105 67 829 55 272 93 105 158 152 152 88 70 277 648
internal_value=-7.92377e-08 -30.3378 71.3623 -54.307 -3.00597 48.0116 122.47 -12.5768 36.7028 -36.6731 -70.0841 156.206 31.6445 81.3357 -3.47249 -64.4312 102.131 25.0179 -69.1342 19.8185 91.9833 41.4587 -18.3064 -46.7564 147.467 -8.8417 73.4348 -62.8313 15.1972 -12.9112
internal_weight=8327 5843 2484 3113 2730 1705 779 2035 1273 1470 1643 293 1146 432 1351 1368 486 695 1175 628 381 758 521 949 269 1134 382 899 573 982
internal_count=8327 5843 2484 3113 2730 1705 779 2035 1273 1470 1643 293 1146 432 1351 1368 486 695 1175 628 381 758 521 949 269 1134 382 899 573 982
is_linear=0
shrinkage=0.05


Tree=21
num_leaves=31
num_cat=0
split_feature=1 13 13 14 13 7 7 7 14 13 7 14 7 14 4 5 14 5 13 14 5 4 5 5 13 4 13 4 14 14
split_gain=6.52658e+09 1.33344e+09 1.13212e+09 3.74843e+08 3.22312e+08 1.97617e+08 1.51598e+08 1.40924e+08 1.31264e+08 1.06013e+08 9.86435e+07 8.37585e+07 8.29107e+07 6.59808e+07 6.46992e+07 6.21204e+07 6.04434e+07 5.79025e+07 5.43635e+07 5.22083e+07 4.41271e+07 4.15936e+07 4.07099e+07 3.62953e+07 3.58469e+07 3.31416e+07 3.14988e+07 2.92778e+07 2.7525e+07 2.62894e+07
threshold=13.500000000000002 36.500000000000007 20.500000000000004 6.5000000000000009 47.500000000000007 4.5000000000000009 4.5000000000000009 2.5000000000000004 18.500000000000004 61.500000000000007 1.5000000000000002 6.5000000000000009 10.500000000000002 20.500000000000004 3.5000000000000004 1.5000000000000002 23.500000000000004 3.5000000000000004 12.500000000000002 15.500000000000002 3.5000000000000004 3.5000000000000004 1.5000000000000002 3.5000000000000004 24.500000000000004 3.5000000000000004 7.5000000000000009 4.5000000000000009 28.500000000000004 3.5000000000000004
decision_type=2 2 2 2 2 2 2 2 2 2 2 2 2 2 2 2 2 2 2 2 2 2 2 2 2 2 2 2 2 2
left_child=2 5 3 10 8 19 11 18 20 16 26 -4 13 27 28 21 23 -8 -5 -2 25 -9 29 -6 -13 -3 -1 -7 -10 -12
right_child=1 4 6 7 9 12 17 15 14 -11 22 24 -14 -15 -16 -17 -18 -19 -20 -21 -22 -23 -24 -25 -26 -27 -28 -29 -30 -31
leaf_value=-113.09882151982556 9.9309805062882273 52.47277806091148 -36.975726386575047 -62.270903735226149 110.92946864685726 34.910309276226783 16.216243129042621 -29.474004051328734 88.896384842212399 236.08513031005862 -78.834390673319504 -11.351690660884962 106.6492279138138 78.473713035583501 141.59798431396484 13.051389424918128 163.02294419232538 66.316440404545176 -39.268515349245682 32.901218151846571 113.11776967603107 6.1251021892793718 -25.869073755081214 178.90226995294745 6.9118611249429343 92.152803629636765 -78.285479242224781 71.152404969930657 138.0395975112915 -55.242520175721204
leaf_weight=73 606 296 226 365 183 431 457 697 260 28 150 629 67 140 96 122 119 66 867 418 43 93 98 22 469 64 591 64 32 555
leaf_count=73 606 296 226 365 183 431 457 697 260 28 150 629 67 140 96 122 119 66 867 418 43 93 98 22 469 64 591 64 32 555
internal_value=1.75932e-08 61.0549 -32.0935 -48.3797 102.943 33.3156 -0.253035 -35.0542 85.2307 142.744 -67.8547 -9.25609 53.7492 48.1676 105.989 -20.1551 134.678 22.5386 -46.0833 19.3075 65.2451 -25.2832 -56.0647 118.224 -3.55059 59.527 -82.1128 39.5962 94.2819 -60.2621
internal_weight=8327 2869 5458 3611 1143 1726 1847 2144 791 352 1467 1324 702 635 388 912 324 523 1232 1024 403 790 803 205 1098 360 664 495 292 705
internal_count=8327 2869 5458 3611 1143 1726 1847 2144 791 352 1467 1324 702 635 388 912 324 523 1232 1024 403 790 803 205 1098 360 664 495 292 705
is_linear=0
shrinkage=0.05


Tree=22
num_leaves=31
num_cat=0
split_feature=13 13 1 14 14 7 13 7 14 5 4 5 4 0 4 14 14 4 14 5 5 5 4 14 13 5 13 13 1 7
split_gain=5.931e+09 1.5582e+09 7.19004e+08 3.7769e+08 2.39204e+08 2.11191e+08 1.66879e+08 1.29209e+08 1.22977e+08 9.99261e+07 9.11756e+07 8.82537e+07 7.67903e+07 7.56459e+07 6.44007e+07 5.99355e+07 5.74673e+07 5.42434e+07 4.71414e+07 4.5011e+07 4.37973e+07 4.32479e+07 4.27978e+07 4.15273e+07 4.05641e+07 3.91443e+07 3.62507e+07 3.52998e+07 3.32855e+07 3.26704e+07
threshold=30.500000000000004 20.500000000000004 22.500000000000004 9.5000000000000018 12.500000000000002 6.5000000000000009 13.500000000000002 12.500000000000002 13.500000000000002 5.5000000000000009 2.5000000000000004 1.5000000000000002 1.5000000000000002 14.500000000000002 1.5000000000000002 6.5000000000000009 3.5000000000000004 2.5000000000000004 17.500000000000004 1.5000000000000002 1.0000000180025095e-35 1.5000000000000002 5.5000000000000009 3.5000000000000004 13.500000000000002 3.5000000000000004 43.500000000000007 8.5000000000000018 28.500000000000004 6.5000000000000009
decision_type=2 2 2 2 2 2 2 2 2 2 2 2 2 2 2 2 2 2 2 2 2 2 2 2 2 2 2 2 2 2
left_child=1 3 5 6 12 8 16 13 -2 22 18 17 15 29 23 -3 -1 24 -6 26 27 28 -7 -8 -5 -17 -10 -18 -15 -4
right_child=2 4 7 11 10 9 14 -9 19 -11 -12 -13 -14 21 -16 25 20 -19 -20 -21 -22 -23 -24 -25 -26 -27 -28 -29 -30 -31
leaf_value=-91.857926045293397 23.445117161398251 -36.410382142008153 87.960309569177966 -51.044921368860003 9.9542687186572945 70.944197787712142 -75.936722114437927 228.0646146501814 47.658017262958346 175.78902061725486 55.500908463398616 20.799312052571256 16.357511181840092 117.55584429059148 -17.888056746534271 -10.015192469396867 -91.239473653011189 5.8979118073282173 35.361441614334623 89.322605755864359 -37.039870997208816 194.03584058357009 111.02090551039754 -45.124772949809149 -24.341281395082532 35.367429317474368 85.921112361424406 -63.586845175378464 167.13627176487702 120.47182045257348
leaf_weight=230 422 223 174 179 692 308 122 28 483 29 180 115 273 121 204 956 139 121 248 98 130 33 85 1055 692 50 71 680 47 139
leaf_count=230 422 223 174 179 692 308 122 28 483 29 180 115 273 121 204 956 139 121 248 98 130 33 85 1055 692 50 71 680 47 139
internal_value=-1.86885e-08 -24.0215 74.1273 -45.0667 5.41117 56.2514 -55.6187 123.467 44.4755 86.2215 22.9001 -20.6645 -7.62987 117.769 -43.8234 -12.9582 -69.435 -25.4713 16.6574 58.0872 -64.0006 141.706 79.6122 -48.3185 -29.8292 -7.75959 52.5618 -68.28 131.427 102.398
internal_weight=8327 6289 2038 3667 2622 1496 2560 542 1074 422 1120 1107 1502 514 1381 1229 1179 992 940 652 949 201 393 1177 871 1006 554 819 168 313
internal_count=8327 6289 2038 3667 2622 1496 2560 542 1074 422 1120 1107 1502 514 1381 1229 1179 992 940 652 949 201 393 1177 871 1006 554 819 168 313
is_linear=0
shrinkage=0.05


Tree=23
num_leaves=31
num_cat=0
split_feature=13 1 1 7 7 7 7 7 7 14 5 14 1 13 14 5 4 13 13 14 14 13 4 5 13 14 5 13 9 11
split_gain=5.36306e+09 1.24112e+09 7.97843e+08 2.4899e+08 2.22178e+08 2.01546e+08 1.84173e+08 1.0339e+08 9.60615e+07 7.98016e+07 7.82264e+07 7.77294e+07 7.37995e+07 7.36559e+07 7.35862e+07 6.95836e+07 5.94051e+07 5.85439e+07 4.37646e+07 4.01307e+07 3.87017e+07 3.6654e+07 3.56678e+07 3.37593e+07 3.29448e+07 3.07449e+07 2.90858e+07 2.87551e+07 2.58774e+07 2.54534e+07
threshold=25.500000000000004 19.500000000000004 8.5000000000000018 6.5000000000000009 4.5000000000000009 3.5000000000000004 1.5000000000000002 10.500000000000002 11.500000000000002 12.500000000000002 5.5000000000000009 12.500000000000002 25.500000000000004 44.500000000000007 10.500000000000002 2.5000000000000004 3.5000000000000004 15.500000000000002 33.500000000000007 3.5000000000000004 17.500000000000004 32.500000000000007 3.5000000000000004 3.5000000000000004 21.500000000000004 8.5000000000000018 2.5000000000000004 7.5000000000000009 13.500000000000002 29.500000000000004
decision_type=2 2 2 2 2 2 2 2 2 2 2 2 2 2 2 2 2 2 2 2 2 2 2 2 2 2 2 2 2 2
left_child=2 4 6 12 14 9 19 11 13 24 16 26 23 -5 -2 17 20 22 -13 -1 -7 -16 -8 -3 -4 -19 -6 -21 -15 -30
right_child=1 3 5 8 7 10 15 -9 -10 -11 -12 18 -14 28 21 -17 -18 25 -20 27 -22 -23 -24 -25 -26 -27 -28 -29 29 -31
leaf_value=-89.184423508062594 -3.3973236386121162 61.567411163064506 -33.689343440331406 89.409101332627344 15.170696128236836 -7.0514091313785361 -55.411194071567564 93.34925205577504 184.24460998535156 -4.7217400233280609 71.391508327060279 40.960853662666153 111.85984608302607 110.19334633567117 17.177150437942586 1.1988055981530084 31.502707382043202 -39.685630216153612 68.615149683701361 -92.515074640587926 30.61671001415748 40.315313668530358 -19.132020182012759 117.45970395844559 -16.311424477751725 -15.339751423720983 59.551292636782627 -60.519489742155315 125.82913832187654 166.10103030514409
leaf_weight=205 355 395 918 154 261 596 802 110 60 482 45 340 107 77 603 90 156 418 247 79 77 239 74 29 388 188 43 632 80 77
leaf_count=205 355 395 918 154 261 596 802 110 60 482 45 340 107 77 603 90 156 418 247 79 77 239 74 29 388 188 43 632 80 77
internal_value=-6.55375e-08 51.0889 -31.5164 97.9154 30.2322 -12.4905 -51.873 47.6157 125.368 -22.1094 7.18751 41.9696 74.7542 116.263 15.6952 -41.4886 3.70238 -44.081 52.5973 -69.6941 -2.74168 23.7449 -52.3465 65.3902 -28.5265 -32.1328 21.4482 -64.0746 133.936 145.58
internal_weight=8327 3177 5150 979 2198 2662 2488 1001 448 1788 874 891 531 388 1197 1572 829 1482 587 916 673 842 876 424 1306 606 304 711 234 157
internal_count=8327 3177 5150 979 2198 2662 2488 1001 448 1788 874 891 531 388 1197 1572 829 1482 587 916 673 842 876 424 1306 606 304 711 234 157
is_linear=0
shrinkage=0.05


Tree=24
num_leaves=31
num_cat=0
split_feature=13 13 13 14 14 14 14 5 5 14 5 5 5 13 13 14 14 14 5 5 13 4 4 5 4 13 4 14 4 7
split_gain=4.8503e+09 1.2487e+09 6.22569e+08 2.63479e+08 2.566e+08 2.1509e+08 9.70529e+07 9.66198e+07 9.11057e+07 8.72434e+07 7.93056e+07 6.83631e+07 6.65557e+07 6.49999e+07 5.79973e+07 5.0485e+07 4.64727e+07 4.54548e+07 4.30029e+07 3.84957e+07 3.65829e+07 3.51519e+07 3.50549e+07 3.21811e+07 3.14083e+07 3.10935e+07 3.10902e+07 3.0754e+07 2.60687e+07 2.58491e+07
threshold=24.500000000000004 36.500000000000007 14.500000000000002 20.500000000000004 9.5000000000000018 13.500000000000002 30.500000000000004 1.0000000180025095e-35 1.5000000000000002 5.5000000000000009 5.5000000000000009 1.0000000180025095e-35 1.0000000180025095e-35 43.500000000000007 52.500000000000007 14.500000000000002 19.500000000000004 5.5000000000000009 1.5000000000000002 5.5000000000000009 10.500000000000002 4.5000000000000009 2.5000000000000004 5.5000000000000009 3.5000000000000004 50.500000000000007 3.5000000000000004 8.5000000000000018 1.0000000180025095e-35 2.5000000000000004
decision_type=2 2 2 2 2 2 2 2 2 2 2 2 2 2 2 2 2 2 2 2 2 2 2 2 2 2 2 2 2 2
left_child=2 5 9 10 11 12 14 15 16 22 13 17 27 -3 18 28 -7 -4 -5 21 -11 -9 -1 -10 -19 -8 -15 -2 -6 -22
right_child=1 3 4 6 7 8 25 19 23 20 -12 -13 -14 26 -16 -17 -18 24 -20 -21 29 -23 -24 -25 -26 -27 -28 -29 -30 -31
leaf_value=-73.021642901053795 -12.505599252431374 50.938151164349222 -51.919687565296421 88.998625360662288 -20.71502304803051 27.195013386229295 148.17106475830079 7.3142278416917241 65.140111396848695 -60.676099597149019 137.38201743678044 -9.9463719683534961 31.069995861188421 74.780811703982565 139.0379327392578 6.2444212779537791 52.245240258795071 -34.040243027463305 137.06843169076103 71.894240431352088 -46.41343214375074 58.618432020529724 -32.769880513821619 126.11556273240311 1.9562294343801647 226.47039300827757 119.96599019368489 8.1990291695816726 0.27233350843996618 -24.9551519369716
leaf_weight=650 246 405 386 275 739 683 32 232 129 322 38 272 265 184 110 331 254 895 56 33 488 39 59 26 65 21 48 662 185 197
leaf_count=650 246 405 386 275 739 683 32 232 129 322 38 272 265 184 110 331 254 895 56 33 488 39 59 26 65 21 48 662 185 197
internal_value=-4.01495e-08 45.551 -31.9685 87.5197 -18.8608 23.8903 115.267 -4.3846 39.8595 -56.2361 67.2126 -32.8092 9.02381 63.0267 107.584 -10.5109 33.9856 -37.4293 97.1313 20.9063 -46.7762 14.6975 -69.6721 75.3683 -31.603 179.195 84.1295 2.58963 -16.513 -40.2422
internal_weight=8327 3434 4893 1169 3177 2265 494 1559 1092 1716 675 1618 1173 637 441 1255 937 1346 331 304 1007 271 709 155 960 53 232 908 924 685
internal_count=8327 3434 4893 1169 3177 2265 494 1559 1092 1716 675 1618 1173 637 441 1255 937 1346 331 304 1007 271 709 155 960 53 232 908 924 685
is_linear=0
shrinkage=0.05


Tree=25
num_leaves=31
num_cat=0
split_feature=13 13 13 14 14 14 13 4 14 7 7 5 4 4 7 14 14 14 14 5 5 13 5 4 14 5 9 14 9 5
split_gain=4.40722e+09 1.16025e+09 5.40191e+08 2.48669e+08 2.14916e+08 1.90077e+08 9.95903e+07 8.64259e+07 8.30879e+07 8.07756e+07 7.86279e+07 6.8866e+07 6.70159e+07 6.06173e+07 5.96381e+07 5.30596e+07 5.04923e+07 4.58579e+07 4.03211e+07 3.97666e+07 3.73165e+07 3.33788e+07 3.19712e+07 3.18913e+07 2.86624e+07 2.81579e+07 2.77971e+07 2.68442e+07 2.58846e+07 2.55401e+07
threshold=30.500000000000004 19.500000000000004 44.500000000000007 7.5000000000000009 12.500000000000002 18.500000000000004 61.500000000000007 2.5000000000000004 12.500000000000002 13.500000000000002 1.5000000000000002 2.5000000000000004 1.5000000000000002 1.5000000000000002 6.5000000000000009 6.5000000000000009 11.500000000000002 26.500000000000004 18.500000000000004 1.5000000000000002 1.5000000000000002 11.500000000000002 3.5000000000000004 1.5000000000000002 16.500000000000004 4.5000000000000009 13.500000000000002 3.5000000000000004 14.500000000000002 1.0000000180025095e-35
decision_type=2 2 2 2 2 2 2 2 2 2 2 2 2 2 2 2 2 2 2 2 2 2 2 2 2 2 2 2 2 2
left_child=1 3 5 10 12 11 14 18 13 17 27 16 15 21 28 -3 -2 29 25 26 -12 -5 -17 -18 -10 -6 -16 -1 -4 -7
right_child=2 4 6 8 7 9 -8 -9 24 -11 20 -13 -14 -15 19 22 23 -19 -20 -21 -22 -23 -24 -25 -26 -27 -28 -29 -30 -31
leaf_value=-81.232497533779707 14.095717481867414 -33.561309230945731 66.65578189695303 -55.931006538195497 6.2221493873909424 57.072909916282462 200.12892107282369 49.368059193931948 -11.691278547906039 170.46226951962427 -48.019068831879395 72.942552631736817 11.977950802063331 -6.9699200014678802 85.635544218499987 -10.763324670764163 34.014976792735517 107.92985306891842 33.378859823037196 154.67747673422605 -18.118713276972205 -32.968547628351622 28.998501838828034 61.125765018532242 25.103048561352949 60.115057767868045 122.40538558394822 -60.071266705079523 102.37765116484269 87.156086496206441
leaf_weight=206 271 270 113 195 794 314 28 191 285 21 902 117 312 196 83 1096 507 69 191 59 118 840 53 138 65 25 135 550 92 91
leaf_count=206 271 270 113 195 794 314 28 191 285 21 902 117 312 196 83 1096 507 69 191 59 118 840 53 138 65 25 135 550 92 91
internal_value=-4.1784e-08 -20.7071 63.8994 -40.7777 2.27279 49.0276 108.457 18.5245 -26.3546 74.503 -53.6173 36.8201 -9.00296 -32.4665 103.131 -13.6161 32.2062 70.2516 12.6917 118.262 -44.56 -37.2948 -8.92923 39.8154 -4.85805 7.86723 108.406 -65.8374 82.6871 63.8323
internal_weight=8327 6289 2038 3357 2932 1528 510 1201 1581 495 1776 1033 1731 1231 482 1419 916 474 1010 277 1020 1035 1149 645 350 819 218 756 205 405
internal_count=8327 6289 2038 3357 2932 1528 510 1201 1581 495 1776 1033 1731 1231 482 1419 916 474 1010 277 1020 1035 1149 645 350 819 218 756 205 405
is_linear=0
shrinkage=0.05


Tree=26
num_leaves=31
num_cat=0
split_feature=13 13 1 14 14 7 14 7 5 4 13 4 14 4 0 14 14 4 13 5 5 14 14 5 5 4 4 7 1 5
split_gain=3.97752e+09 1.05353e+09 4.88919e+08 2.57356e+08 1.59365e+08 1.54142e+08 1.09359e+08 9.95961e+07 9.0483e+07 6.82993e+07 6.79975e+07 6.62722e+07 6.01634e+07 5.59191e+07 5.28593e+07 5.13464e+07 4.32274e+07 4.30735e+07 4.19065e+07 3.55341e+07 3.53904e+07 3.34686e+07 2.87623e+07 2.69016e+07 2.56674e+07 2.52383e+07 2.3957e+07 2.33043e+07 2.30561e+07 2.20147e+07
threshold=30.500000000000004 20.500000000000004 22.500000000000004 6.5000000000000009 12.500000000000002 5.5000000000000009 12.500000000000002 12.500000000000002 5.5000000000000009 1.5000000000000002 10.500000000000002 2.5000000000000004 13.500000000000002 1.5000000000000002 14.500000000000002 14.500000000000002 6.5000000000000009 1.5000000000000002 15.500000000000002 1.5000000000000002 1.5000000000000002 17.500000000000004 2.5000000000000004 3.5000000000000004 3.5000000000000004 3.5000000000000004 7.5000000000000009 6.5000000000000009 28.500000000000004 1.5000000000000002
decision_type=2 2 2 2 2 2 2 2 2 2 2 2 2 2 2 2 2 2 2 2 2 2 2 2 2 2 2 2 2 2
left_child=1 3 5 10 13 12 9 14 15 18 -1 21 -2 16 27 26 -3 22 -5 28 -8 24 -12 -18 -6 -17 -7 -4 -16 -20
right_child=2 4 7 6 11 8 20 -9 -10 -11 17 -13 -14 -15 19 25 23 -19 29 -21 -22 -23 -24 -25 -26 -27 -28 -29 -30 -31
leaf_value=-71.211845309190807 16.24779897897584 -30.578597918297728 71.345404543821843 -44.175401596941271 5.6117540442734919 35.159588372707368 -9.3929581058850982 193.22319575718473 139.52836737381787 -8.5133906482104909 -75.488986591157456 46.598883974817063 43.124584374724662 14.354792766518646 95.535899728979956 63.093429540598166 -8.1167029361283429 -22.369799267553518 -29.988353924869102 163.83181189334755 31.711177338928476 29.242239552207533 -47.696911873858106 29.505457817077641 49.55553289140974 91.961083866515253 87.103716613769535 98.80401068214033 136.8003299631971 1.5913168334960939
leaf_weight=386 350 223 174 751 657 198 370 28 38 270 105 180 514 273 121 265 956 155 688 33 61 248 821 50 35 106 25 139 47 60
leaf_count=386 350 223 174 751 657 198 370 28 38 270 105 180 514 273 121 265 956 155 688 33 61 248 821 50 35 106 25 139 47 60
internal_value=-5.75296e-08 -19.6718 60.7045 -36.9764 4.52966 45.9637 -26.1599 101.391 64.7293 -31.6624 -53.1974 18.8047 32.237 -6.11482 96.3887 59.9442 -10.6618 -46.7649 -35.832 116.398 -3.57544 13.4824 -50.8483 -6.24681 7.83434 71.3413 40.9829 83.5395 107.08 -27.4552
internal_weight=8327 6289 2038 3667 2622 1496 2200 542 632 1769 1467 1120 864 1502 514 594 1229 1081 1499 201 431 940 926 1006 692 371 223 313 168 748
internal_count=8327 6289 2038 3667 2622 1496 2200 542 632 1769 1467 1120 864 1502 514 594 1229 1081 1499 201 431 940 926 1006 692 371 223 313 168 748
is_linear=0
shrinkage=0.05


Tree=27
num_leaves=31
num_cat=0
split_feature=13 13 7 14 14 1 14 7 13 5 5 5 5 7 13 4 14 7 14 5 13 9 14 14 14 14 4 5 14 4
split_gain=3.60799e+09 9.26968e+08 4.80726e+08 2.0287e+08 1.58346e+08 1.52246e+08 1.26634e+08 9.48848e+07 6.73064e+07 6.37503e+07 5.98459e+07 5.75573e+07 5.69395e+07 4.9011e+07 4.85321e+07 4.44727e+07 4.12393e+07 3.4585e+07 3.45147e+07 3.41418e+07 3.17762e+07 3.14488e+07 3.02935e+07 2.99763e+07 2.68994e+07 2.65514e+07 2.36421e+07 2.31967e+07 2.2351e+07 2.17823e+07
threshold=24.500000000000004 36.500000000000007 2.5000000000000004 19.500000000000004 15.500000000000002 7.5000000000000009 10.500000000000002 12.500000000000002 45.500000000000007 1.0000000180025095e-35 1.5000000000000002 6.5000000000000009 5.5000000000000009 5.5000000000000009 8.5000000000000018 3.5000000000000004 10.500000000000002 5.5000000000000009 3.5000000000000004 2.5000000000000004 51.500000000000007 17.500000000000004 5.5000000000000009 11.500000000000002 17.500000000000004 7.5000000000000009 3.5000000000000004 1.0000000180025095e-35 29.500000000000004 4.5000000000000009
decision_type=2 2 2 2 2 2 2 2 2 2 2 2 2 2 2 2 2 2 2 2 2 2 2 2 2 2 2 2 2 2
left_child=2 4 5 11 9 14 13 8 28 16 24 15 17 19 -1 20 -2 -6 -16 22 -3 -10 -4 -7 29 -11 -15 -20 -5 -8
right_child=1 3 6 7 12 23 10 -9 21 25 -12 -13 -14 26 18 -17 -18 -19 27 -21 -22 -23 -24 -25 -26 -27 -28 -29 -30 -31
leaf_value=-75.35338800512433 -5.5003559825389878 41.540350837288088 -43.993002392549435 69.363984491030379 29.940060951256754 -33.487461582478957 -8.4315453639069453 180.51003675460817 98.023156284789252 -6.0245677244095575 31.166822242736817 131.06670977274578 122.76710372924805 -12.664309911405454 -66.423373872958706 81.645310519291812 13.506220070631414 53.618104287277028 -47.812067925575661 7.6686854283014938 87.599699141339556 134.85711975097658 -22.942061121708658 -15.40018610714856 21.953661255789275 36.587973433014348 21.927351411566676 -23.395821261317892 123.15666998000373 21.519590554486459
leaf_weight=209 469 432 226 240 500 1025 646 32 192 42 161 24 20 122 234 104 729 223 841 72 41 83 701 295 101 282 83 110 21 67
leaf_count=209 469 432 226 240 500 1025 646 32 192 42 161 24 20 122 234 104 729 223 841 72 41 83 701 295 101 282 83 110 21 67
internal_value=-4.14448e-08 39.2867 -27.5722 75.4468 20.624 -41.615 -10.0815 96.8725 91.8792 11.3871 3.31304 55.1976 39.5454 -20.9284 -53.1387 52.0418 6.06542 37.2432 -49.2207 -25.4982 45.5328 109.14 -28.0742 -29.4452 -2.19613 31.0641 1.34109 -44.9879 73.6921 -5.61706
internal_weight=8327 3434 4893 1169 2265 2714 2179 568 536 1522 975 601 743 1204 1394 577 1198 723 1185 999 473 275 927 1320 814 324 205 951 261 713
internal_count=8327 3434 4893 1169 2265 2714 2179 568 536 1522 975 601 743 1204 1394 577 1198 723 1185 999 473 275 927 1320 814 324 205 951 261 713
is_linear=0
shrinkage=0.05


Tree=28
num_leaves=31
num_cat=0
split_feature=1 13 7 7 13 13 13 5 5 4 14 7 7 14 14 14 14 14 14 13 4 13 4 13 4 7 13 13 5 5
split_gain=3.26484e+09 6.69463e+08 5.97784e+08 1.85222e+08 1.53585e+08 1.48555e+08 1.07513e+08 8.82408e+07 7.03469e+07 6.82127e+07 6.23557e+07 5.99647e+07 5.16119e+07 4.71129e+07 4.52744e+07 4.48068e+07 4.34185e+07 4.28145e+07 3.95322e+07 3.61829e+07 3.13232e+07 3.02286e+07 2.95199e+07 2.38099e+07 2.22643e+07 2.05952e+07 1.9442e+07 1.92156e+07 1.81743e+07 1.80346e+07
threshold=13.500000000000002 40.500000000000007 2.5000000000000004 4.5000000000000009 14.500000000000002 20.500000000000004 53.500000000000007 5.5000000000000009 4.5000000000000009 2.5000000000000004 24.500000000000004 10.500000000000002 8.5000000000000018 8.5000000000000018 27.500000000000004 6.5000000000000009 17.500000000000004 10.500000000000002 4.5000000000000009 32.500000000000007 14.500000000000002 32.500000000000007 1.5000000000000002 7.5000000000000009 1.5000000000000002 2.5000000000000004 10.500000000000002 21.500000000000004 7.5000000000000009 1.5000000000000002
decision_type=2 2 2 2 2 2 2 2 2 2 2 2 2 2 2 2 2 2 2 2 2 2 2 2 2 2 2 2 2 2
left_child=2 3 4 19 15 12 9 10 13 16 11 21 17 -7 -8 23 -3 26 -6 25 -11 -5 -15 -1 27 -2 -4 -20 -10 -19
right_child=1 6 5 7 18 8 14 -9 28 20 -12 -13 -14 22 -16 -17 -18 29 24 -21 -22 -23 -24 -25 -26 -27 -28 -29 -30 -31
leaf_value=-83.819084508559285 -6.2308629531036352 42.92905845237501 -51.991103352440724 23.419366167263785 -48.638657762596644 -12.44565718309738 105.90850196838379 122.61371329171318 37.260001883139978 92.551960791395857 86.08496940299257 78.043542980580114 29.464464240603981 3.8042233974254689 171.27070079130286 -40.365964596456209 75.263563288450243 -11.475897067156007 -29.755386614061951 29.449578479115633 159.06426635742187 43.263068108686383 24.654471266269685 -55.775664724523871 -0.92748646980270433 13.380523782113796 -24.745983407622717 -14.511401063358917 92.372385660807296 18.908482345363549
leaf_weight=85 168 165 72 376 193 371 120 35 52 154 73 84 54 755 34 568 280 341 893 309 20 392 219 691 94 659 723 269 21 57
leaf_count=85 168 165 72 376 193 371 120 35 52 154 73 84 54 755 34 568 280 341 893 309 20 392 219 691 94 659 723 269 21 57
internal_value=-4.2284e-08 43.1825 -22.6989 28.5148 -38.8625 -5.75895 82.9542 44.6835 5.31137 73.6533 41.7348 37.9348 -18.3473 2.71686 120.339 -51.0368 63.2744 -20.5115 -27.5704 14.8511 100.197 33.5479 8.49232 -58.8474 -24.3331 9.39659 -27.2135 -26.2264 53.1142 -7.12437
internal_weight=8327 2869 5458 2096 2793 2665 773 960 1418 619 925 852 1247 1345 154 1344 445 1193 1449 1136 174 768 974 776 1256 827 795 1162 73 398
internal_count=8327 2869 5458 2096 2793 2665 773 960 1418 619 925 852 1247 1345 154 1344 445 1193 1449 1136 174 768 974 776 1256 827 795 1162 73 398
is_linear=0
shrinkage=0.05


Tree=29
num_leaves=31
num_cat=0
split_feature=13 1 13 7 7 14 13 7 1 7 14 5 5 5 14 13 7 14 14 5 5 11 4 9 13 14 4 5 14 14
split_gain=2.95461e+09 7.8678e+08 3.69513e+08 1.66248e+08 1.62673e+08 1.32659e+08 7.73459e+07 7.68682e+07 7.22394e+07 5.94117e+07 5.82102e+07 5.33782e+07 5.2399e+07 4.63693e+07 4.69643e+07 4.48288e+07 3.6419e+07 3.55365e+07 3.49893e+07 3.15887e+07 3.08464e+07 3.0469e+07 2.80611e+07 2.43922e+07 2.13697e+07 2.08777e+07 2.04019e+07 2.03254e+07 2.01679e+07 2.01022e+07
threshold=30.500000000000004 9.5000000000000018 44.500000000000007 3.5000000000000004 2.5000000000000004 18.500000000000004 61.500000000000007 8.5000000000000018 5.5000000000000009 13.500000000000002 17.500000000000004 1.5000000000000002 3.5000000000000004 6.5000000000000009 17.500000000000004 22.500000000000004 8.5000000000000018 26.500000000000004 10.500000000000002 5.5000000000000009 1.0000000180025095e-35 9.5000000000000018 7.5000000000000009 17.500000000000004 7.5000000000000009 9.5000000000000018 2.5000000000000004 1.0000000180025095e-35 11.500000000000002 2.5000000000000004
decision_type=2 2 2 2 2 2 2 2 2 2 2 2 2 2 2 2 2 2 2 2 2 2 2 2 2 2 2 2 2 2
left_child=1 4 5 15 8 11 13 10 24 17 19 16 21 14 -4 -3 18 27 -2 28 26 -6 -9 -16 -1 -17 -10 -7 -5 -26
right_child=2 3 6 7 12 9 -8 22 20 -11 -12 -13 -14 -15 23 25 -18 -19 -20 -21 -22 -23 -24 -25 29 -27 -28 -29 -30 -31
leaf_value=-77.789270684270576 0.04934063780692316 -16.811506753788571 54.266097354491549 -5.5311232383552786 -30.070839528271307 45.975197091451882 169.95969478062221 36.54498010924739 -40.495231574028125 143.59894002278645 33.703754561681016 53.457675980292642 30.330371394524207 157.13954380580358 83.171486155803393 -12.84068124961923 59.716824289578113 90.824244004401621 26.622184881167051 45.628457597626578 -15.406177965967686 -12.508008605229879 90.048149354996227 114.59419574502074 -75.260308202107751 4.3066098438051492 -10.866748250117068 72.812068142733736 9.02075585730441 -48.674167346954349
leaf_weight=101 155 955 120 417 487 314 28 117 1223 21 208 194 52 21 260 256 67 69 617 45 154 501 31 81 84 579 61 91 555 463
leaf_count=101 155 955 120 417 487 314 28 117 1223 21 208 194 52 21 260 256 67 69 617 45 154 501 31 81 84 579 61 91 555 463
internal_value=-4.86685e-08 -16.9546 52.3196 0.626709 -34.744 40.0196 89.1715 13.7152 -42.7976 61.3021 9.60302 29.8213 -18.5902 84.4784 81.1684 -9.41267 24.3559 57.6561 21.287 4.67387 -36.5515 -21.165 47.7517 90.6355 -56.6585 -0.950524 -39.0876 52.0052 2.77782 -52.7569
internal_weight=8327 6289 2038 3163 3126 1528 510 1373 2086 495 1225 1033 1040 482 461 1790 839 474 772 1017 1438 988 148 341 648 835 1284 405 972 547
internal_count=8327 6289 2038 3163 3126 1528 510 1373 2086 495 1225 1033 1040 482 461 1790 839 474 772 1017 1438 988 148 341 648 835 1284 405 972 547
is_linear=0
shrinkage=0.05


Tree=30
num_leaves=31
num_cat=0
split_feature=13 13 13 14 14 14 7 7 7 4 5 5 4 5 5 4 14 13 14 14 5 14 14 5 13 4 5 13 7 4
split_gain=2.67883e+09 6.88246e+08 3.60811e+08 1.73876e+08 1.2556e+08 1.07337e+08 7.16687e+07 7.07684e+07 6.58055e+07 6.1736e+07 4.94438e+07 4.34574e+07 3.7801e+07 3.77686e+07 3.70945e+07 3.67733e+07 3.66293e+07 3.34054e+07 3.28948e+07 3.24959e+07 2.71708e+07 2.51607e+07 2.3945e+07 2.35566e+07 2.27101e+07 2.1977e+07 2.01837e+07 2.12786e+07 1.96251e+07 1.94571e+07
threshold=24.500000000000004 35.500000000000007 15.500000000000002 22.500000000000004 9.5000000000000018 15.500000000000002 12.500000000000002 1.5000000000000002 6.5000000000000009 1.5000000000000002 2.5000000000000004 2.5000000000000004 1.0000000180025095e-35 5.5000000000000009 1.0000000180025095e-35 3.5000000000000004 11.500000000000002 45.500000000000007 9.5000000000000018 19.500000000000004 1.5000000000000002 4.5000000000000009 8.5000000000000018 2.5000000000000004 7.5000000000000009 7.5000000000000009 1.0000000180025095e-35 46.500000000000007 2.5000000000000004 3.5000000000000004
decision_type=2 2 2 2 2 2 2 2 2 2 2 2 2 2 2 2 2 2 2 2 2 2 2 2 2 2 2 2 2 2
left_child=2 5 7 8 14 10 17 24 16 19 12 -7 22 25 21 18 -3 -5 -9 28 -19 -4 -2 -11 -1 -10 27 -18 -6 -23
right_child=1 3 4 6 9 11 -8 15 13 23 -12 -13 -14 -15 -16 -17 26 20 -20 -21 -22 29 -24 -25 -26 -27 -28 -29 -30 -31
leaf_value=-73.185329635620121 -13.318549760982947 9.4722957197442117 -42.997011501272937 69.968667797683992 -17.906950038375808 28.728392003537 178.76557187167083 -40.148678707235007 57.933045506648881 13.515621252471613 39.878370392422717 70.568908998240587 20.821951105416712 125.82160433255709 -4.936144731633334 -3.5068484801512501 34.063122119152382 92.794617578257686 -20.566494205894088 32.475651096582418 147.88071688138521 -25.164139119498916 5.4447816534674214 55.933963858453858 -47.838588667417831 95.597099287245015 66.364944445702335 63.168727369308478 -3.9609298088321907 3.1397338427030128
leaf_weight=100 216 83 194 173 383 617 22 765 278 236 119 69 335 26 239 104 292 161 298 50 26 922 799 38 760 45 93 80 739 65
leaf_count=100 216 83 194 173 383 617 22 765 278 236 119 69 335 26 239 104 292 161 298 50 26 922 799 38 760 45 93 80 739 65
internal_value=-4.20399e-08 33.8521 -23.758 62.9077 -12.3395 16.6075 91.1577 -39.9029 50.877 -1.96855 8.98193 32.9368 6.25846 67.847 -22.9003 -31.8828 40.0695 85.8039 -34.659 -6.96391 100.454 -26.5357 1.4518 19.3985 -50.7859 63.1804 45.5309 40.3224 -8.72147 -23.3002
internal_weight=8327 3434 4893 1279 2866 2155 382 2027 897 1446 1469 686 1350 349 1420 1167 548 360 1063 1172 187 1181 1015 274 860 323 465 372 1122 987
internal_count=8327 3434 4893 1279 2866 2155 382 2027 897 1446 1469 686 1350 349 1420 1167 548 360 1063 1172 187 1181 1015 274 860 323 465 372 1122 987
is_linear=0
shrinkage=0.05


Tree=31
num_leaves=31
num_cat=0
split_feature=13 13 1 14 7 7 5 7 14 7 4 14 5 4 14 7 13 13 14 14 4 13 14 13 14 4 5 5 5 5
split_gain=2.42106e+09 5.82485e+08 3.53176e+08 1.2923e+08 1.22838e+08 1.14647e+08 8.42156e+07 7.3674e+07 7.1144e+07 5.38511e+07 5.14926e+07 4.81161e+07 4.58847e+07 4.2478e+07 3.93104e+07 3.7655e+07 2.90143e+07 2.83012e+07 2.75595e+07 2.72002e+07 2.66541e+07 2.5833e+07 2.35093e+07 2.26764e+07 2.25349e+07 2.18303e+07 2.01497e+07 1.9943e+07 1.89514e+07 1.72418e+07
threshold=29.500000000000004 18.500000000000004 22.500000000000004 13.500000000000002 1.5000000000000002 4.5000000000000009 5.5000000000000009 8.5000000000000018 10.500000000000002 2.5000000000000004 7.5000000000000009 14.500000000000002 1.0000000180025095e-35 3.5000000000000004 28.500000000000004 8.5000000000000018 60.500000000000007 33.500000000000007 3.5000000000000004 6.5000000000000009 2.5000000000000004 12.500000000000002 11.500000000000002 51.500000000000007 21.500000000000004 5.5000000000000009 1.5000000000000002 1.5000000000000002 1.0000000180025095e-35 4.5000000000000009
decision_type=2 2 2 2 2 2 2 2 2 2 2 2 2 2 2 2 2 2 2 2 2 2 2 2 2 2 2 2 2 2
left_child=1 4 5 9 18 22 10 14 13 -3 11 -7 24 21 23 19 -9 -13 -1 -11 27 -6 -2 -4 -5 29 -21 -10 -20 -14
right_child=2 3 7 12 8 6 -8 16 20 15 -12 17 25 -15 -16 -17 -18 -19 28 26 -22 -23 -24 -25 -26 -27 -28 -29 -30 -31
leaf_value=-62.498636617893126 3.031082102380148 -19.17388580767291 53.89153815794964 6.437164003347668 -43.135556797100776 22.450519684020243 106.85652317810059 101.41295390508873 -17.073031589556635 -21.363164401174799 77.294494215832202 29.449343362709001 22.39722422397498 -2.5187184018412916 105.05159577869233 30.062032029769 165.41287580217636 53.948353610230065 -44.325546268542297 -3.9746218727684459 19.781521385411423 -28.247302242204348 23.233329324553576 82.046291081268009 38.920496858399495 82.395321389903188 15.165579179674388 16.855850478581019 -17.117825001903945 63.306500875949865
leaf_weight=205 205 697 245 672 417 354 50 113 373 198 86 173 132 127 63 85 21 370 747 978 72 967 484 101 58 23 160 49 70 32
leaf_count=205 205 697 245 672 417 354 50 113 373 198 86 173 132 127 63 85 21 370 747 978 72 967 484 101 58 23 160 49 70 32
internal_value=-2.84033e-08 -16.4799 44.1065 -1.00133 -31.9994 33.0195 43.5559 79.2665 -24.8083 -7.79014 40.3362 36.7928 14.6788 -30.1936 68.7246 -2.20642 111.443 46.143 -46.1073 -4.25943 -8.3361 -32.7331 17.2225 62.1101 9.01803 36.7772 -1.28356 -13.1334 -41.9944 30.3795
internal_weight=8327 6062 2265 3035 3027 1722 1033 543 2005 2118 983 897 917 1511 409 1421 134 543 1022 1336 494 1384 689 346 730 187 1138 422 817 164
internal_count=8327 6062 2265 3035 3027 1722 1033 543 2005 2118 983 897 917 1511 409 1421 134 543 1022 1336 494 1384 689 346 730 187 1138 422 817 164
is_linear=0
shrinkage=0.05


Tree=32
num_leaves=31
num_cat=0
split_feature=13 1 13 7 14 7 7 4 7 13 14 5 5 13 14 14 1 5 5 13 14 7 4 14 5 4 5 9 11 5
split_gain=2.1966e+09 5.63261e+08 2.96153e+08 1.21525e+08 1.19908e+08 1.18955e+08 7.88964e+07 5.74272e+07 5.57978e+07 5.14103e+07 4.78192e+07 4.30299e+07 4.11255e+07 4.04483e+07 3.32749e+07 3.23898e+07 3.0548e+07 2.67279e+07 2.64761e+07 2.43574e+07 2.42658e+07 2.04006e+07 1.9849e+07 1.93987e+07 1.91689e+07 1.86596e+07 1.78682e+07 1.75712e+07 1.7823e+07 1.68738e+07
threshold=24.500000000000004 19.500000000000004 14.500000000000002 6.5000000000000009 9.5000000000000018 3.5000000000000004 10.500000000000002 1.5000000000000002 15.500000000000002 8.5000000000000018 13.500000000000002 1.5000000000000002 1.0000000180025095e-35 45.500000000000007 5.5000000000000009 17.500000000000004 25.500000000000004 5.5000000000000009 2.5000000000000004 33.500000000000007 4.5000000000000009 11.500000000000002 8.5000000000000018 9.5000000000000018 1.0000000180025095e-35 3.5000000000000004 3.5000000000000004 12.500000000000002 28.500000000000004 1.0000000180025095e-35
decision_type=2 2 2 2 2 2 2 2 2 2 2 2 2 2 2 2 2 2 2 2 2 2 2 2 2 2 2 2 2 2
left_child=2 5 9 16 12 23 10 15 13 -1 18 14 20 29 -11 26 24 19 -7 -12 -4 -9 27 -2 -3 -22 -6 -15 -29 -5
right_child=1 3 4 8 7 6 -8 21 -10 11 17 -13 -14 22 -16 -17 -18 -19 -20 -21 25 -23 -24 -25 -26 -27 -28 28 -30 -31
leaf_value=-59.609973489745585 -9.6151674813870347 35.573793096733645 -40.34105417091093 50.528516715123104 -11.231960834893155 9.825439470875601 65.598453684267795 13.654063052539346 161.4542681012835 -46.895947197657918 23.048533356478721 -4.9534064727170133 -4.2754720828988972 60.326251350402835 -30.898718132984268 16.915030789899827 70.41942470051417 88.224009399414058 38.936534631922008 41.607843482667754 -24.209937742164975 65.937330970764165 131.78161485460069 7.2785248117143757 63.284233095771391 2.4556552886962892 19.634516977290719 75.417362256844839 108.47598077489975 83.780450524224179
leaf_weight=242 240 349 231 130 1087 638 115 278 21 536 495 112 272 50 826 125 107 20 89 275 1045 20 27 582 76 70 49 72 94 54
leaf_count=242 240 349 231 130 1087 638 115 278 21 536 495 112 272 50 826 125 107 20 89 275 1045 20 27 582 76 70 49 72 94 54
internal_value=-1.17463e-09 30.6541 -21.5136 62.6983 -12.4732 17.8573 25.67 -2.57735 81.8853 -38.2511 22.6431 -34.7445 -22.0082 77.972 -37.1943 -7.2424 46.5409 31.1591 13.3892 29.6769 -25.5916 17.163 91.363 2.34606 40.5291 -22.5359 -9.90057 86.3107 94.1373 60.2872
internal_weight=8327 3434 4893 980 3177 2454 1632 1559 448 1716 1517 1474 1618 427 1362 1261 532 790 727 770 1346 298 243 822 425 1115 1136 216 166 184
internal_count=8327 3434 4893 980 3177 2454 1632 1559 448 1716 1517 1474 1618 427 1362 1261 532 790 727 770 1346 298 243 822 425 1115 1136 216 166 184
is_linear=0
shrinkage=0.05


Tree=33
num_leaves=31
num_cat=0
split_feature=1 13 7 4 13 13 14 14 13 5 14 4 7 14 13 14 14 5 7 14 14 13 5 4 5 14 13 5 14 13
split_gain=1.9885e+09 4.11827e+08 3.74963e+08 1.24417e+08 9.72126e+07 9.17476e+07 8.10761e+07 6.73607e+07 4.99537e+07 4.97538e+07 4.52188e+07 4.12969e+07 3.95105e+07 3.85943e+07 3.73488e+07 3.26384e+07 2.55889e+07 2.4905e+07 2.25403e+07 2.24891e+07 2.24537e+07 2.20422e+07 2.13588e+07 1.7879e+07 1.78675e+07 1.74549e+07 1.7313e+07 1.65526e+07 1.64739e+07 1.4723e+07
threshold=13.500000000000002 40.500000000000007 2.5000000000000004 2.5000000000000004 12.500000000000002 20.500000000000004 30.500000000000004 18.500000000000004 52.500000000000007 7.5000000000000009 22.500000000000004 3.5000000000000004 6.5000000000000009 7.5000000000000009 31.500000000000004 8.5000000000000018 4.5000000000000009 5.5000000000000009 7.5000000000000009 24.500000000000004 17.500000000000004 10.500000000000002 1.5000000000000002 6.5000000000000009 1.5000000000000002 12.500000000000002 50.500000000000007 3.5000000000000004 3.5000000000000004 61.500000000000007
decision_type=2 2 2 2 2 2 2 2 2 2 2 2 2 2 2 2 2 2 2 2 2 2 2 2 2 2 2 2 2 2
left_child=2 3 4 7 16 12 8 14 11 15 22 17 21 28 -2 -7 -1 20 -17 -9 -3 -4 -5 -24 -13 -23 -8 -16 -6 -10
right_child=1 6 5 10 13 9 26 19 29 -11 -12 24 -14 -15 27 18 -18 -19 -20 -21 -22 25 23 -25 -26 -27 -28 -29 -30 -31
leaf_value=-56.217496583907248 3.6162345557697217 28.783413106610318 -42.663081620614747 33.855146124015249 -46.82875302762821 -9.0713047879872857 101.34433107729312 27.645366715128269 79.658504889351988 80.790858677455361 92.559495973587048 67.176544253850722 12.123574937134983 -17.039097210820533 18.683008493577532 5.4049663562362769 -38.211745264886666 94.722945312500002 29.577431504207631 55.661007032394416 52.781810579801856 -18.506198746625049 46.085690843408763 94.071126581827798 108.85093082972935 -2.3122748189247573 161.87636224655878 55.270024394989015 -28.462704088956237 125.52002384185792
leaf_weight=289 758 161 79 240 145 388 27 351 140 21 50 97 128 964 489 901 622 25 108 90 247 832 55 30 35 208 21 33 773 20
leaf_count=289 758 161 79 240 145 388 27 351 140 21 50 97 128 964 489 901 622 25 108 90 247 832 55 30 35 208 21 33 773 20
internal_value=-4.09344e-08 33.7008 -17.7148 22.1966 -30.5163 -4.2985 64.8946 16.5102 60.728 4.4014 48.2935 53.7437 -14.1914 -24.0263 10.7039 3.25309 -43.9238 46.2802 7.99231 33.3628 43.3119 -17.2015 41.4833 63.0217 78.2266 -15.2674 127.827 20.996 -31.3637 85.3912
internal_weight=8327 2869 5458 2096 2793 2665 773 1721 725 1418 375 565 1247 1882 1280 1397 911 433 1009 441 408 1119 325 85 132 1040 48 522 918 160
internal_count=8327 2869 5458 2096 2793 2665 773 1721 725 1418 375 565 1247 1882 1280 1397 911 433 1009 441 408 1119 325 85 132 1040 48 522 918 160
is_linear=0
shrinkage=0.05


Tree=34
num_leaves=31
num_cat=0
split_feature=13 1 14 7 7 7 5 5 13 4 7 14 14 13 14 9 4 9 5 5 4 13 5 13 4 7 9 14 9 21
split_gain=1.80311e+09 4.81814e+08 2.35751e+08 1.05727e+08 1.0353e+08 7.3096e+07 6.58289e+07 5.71729e+07 5.53275e+07 5.50264e+07 5.3549e+07 3.96399e+07 3.94661e+07 3.31053e+07 3.29662e+07 2.87569e+07 2.58236e+07 2.36301e+07 2.2675e+07 2.26076e+07 2.20089e+07 2.11278e+07 2.1068e+07 1.9889e+07 1.89548e+07 1.67437e+07 1.61395e+07 1.50237e+07 1.49757e+07 1.48891e+07
threshold=30.500000000000004 9.5000000000000018 19.500000000000004 3.5000000000000004 1.5000000000000002 12.500000000000002 6.5000000000000009 3.5000000000000004 45.500000000000007 1.5000000000000002 8.5000000000000018 4.5000000000000009 17.500000000000004 18.500000000000004 13.500000000000002 8.5000000000000018 3.5000000000000004 14.500000000000002 5.5000000000000009 1.5000000000000002 7.5000000000000009 9.5000000000000018 2.5000000000000004 51.500000000000007 11.500000000000002 2.5000000000000004 7.5000000000000009 24.500000000000004 17.500000000000004 2.5000000000000004
decision_type=2 2 2 2 2 2 2 2 2 2 2 2 2 2 2 2 2 2 2 2 2 2 2 2 2 2 2 2 2 2
left_child=1 4 6 15 21 8 9 11 22 14 12 -6 18 16 -2 25 -13 -7 26 28 -12 -1 27 29 -11 -3 -5 -4 -10 -16
right_child=2 3 5 10 7 17 -8 -9 19 24 20 13 -14 -15 23 -17 -18 -19 -20 -21 -22 -23 -24 -25 -26 -27 -28 -29 -30 -31
leaf_value=-52.379884318225791 9.9375918631370261 -17.03625796329834 37.158021069254197 -4.5100400327788135 -37.657505797797988 90.85299277305603 100.11766492782101 22.340828243461814 63.356587931353175 40.857412670062416 29.434655095369394 -25.660570665396399 27.363507339129082 -7.8082408628938529 24.660312225691669 2.7721461555132501 1.3594066952665649 167.71345321655275 38.158670457204181 113.54669139965161 76.81805748708787 -35.972982214564688 80.627876578436968 68.860936710752284 82.735643870035815 -5.6693478409282143 8.3767443720748034 58.294133123755458 90.770137764702383 68.643911285400392
leaf_weight=265 416 654 245 492 352 20 31 74 167 272 117 1121 208 462 507 494 96 20 45 37 31 756 45 29 30 642 480 128 71 20
leaf_count=265 416 654 245 492 352 20 31 74 167 272 117 1121 208 462 507 494 96 20 45 37 31 756 45 29 30 642 480 128 71 20
internal_value=-6.00699e-08 -13.2449 40.8719 0.513395 -27.166 63.5626 28.1269 -20.8288 59.7692 26.3752 10.9511 -22.4017 7.5189 -19.2033 20.583 -7.49273 -23.5292 129.283 3.46021 77.1871 39.3596 -40.2314 48.3101 28.5479 45.0175 -11.4054 1.8538 44.4112 71.5346 26.3295
internal_weight=8327 6289 2038 3163 3126 733 1305 2105 693 1274 1373 2031 1225 1679 972 1790 1217 40 1017 275 148 1021 418 556 302 1296 972 373 238 527
internal_count=8327 6289 2038 3163 3126 733 1305 2105 693 1274 1373 2031 1225 1679 972 1790 1217 40 1017 275 148 1021 418 556 302 1296 972 373 238 527
is_linear=0
shrinkage=0.05


Tree=35
num_leaves=31
num_cat=0
split_feature=13 13 14 14 4 5 14 14 5 14 13 7 5 4 13 5 4 5 5 4 13 21 4 14 14 5 14 13 4 14
split_gain=1.63836e+09 4.66966e+08 1.94526e+08 1.25546e+08 7.9289e+07 7.47174e+07 6.25186e+07 6.02305e+07 5.39858e+07 4.34823e+07 4.24364e+07 4.0075e+07 3.63165e+07 3.0392e+07 2.75295e+07 2.46182e+07 2.32055e+07 2.28115e+07 2.22298e+07 1.95102e+07 2.2535e+07 1.9382e+07 1.84455e+07 1.83403e+07 1.80806e+07 1.79218e+07 1.71308e+07 1.70015e+07 1.65878e+07 1.4926e+07
threshold=23.500000000000004 34.500000000000007 7.5000000000000009 19.500000000000004 2.5000000000000004 2.5000000000000004 14.500000000000002 33.500000000000007 1.0000000180025095e-35 12.500000000000002 12.500000000000002 8.5000000000000018 6.5000000000000009 3.5000000000000004 15.500000000000002 7.5000000000000009 2.5000000000000004 2.5000000000000004 5.5000000000000009 9.5000000000000018 53.500000000000007 3.5000000000000004 5.5000000000000009 8.5000000000000018 2.5000000000000004 3.5000000000000004 11.500000000000002 51.500000000000007 1.0000000180025095e-35 3.5000000000000004
decision_type=2 2 2 2 2 2 2 2 2 2 2 2 2 2 2 2 2 2 2 2 2 2 2 2 2 2 2 2 2 2
left_child=2 5 8 12 9 6 16 11 10 14 29 27 13 21 -4 22 23 -6 -11 20 -13 26 -7 -2 -12 -10 -3 -5 -8 -1
right_child=1 3 4 7 17 15 28 -9 25 18 24 19 -14 -15 -16 -17 -18 -19 -20 -21 -22 -23 -24 -25 -26 -27 -28 -29 -30 -31
leaf_value=-57.553534634142039 -11.440378333174664 9.1215846195693846 -26.891240458043956 48.811986903326854 8.0464884636610972 27.860850465377172 15.103400702383503 149.72086013793947 -17.29455647468567 -4.5267013990675204 -51.275224758666241 63.773712608126019 92.269866180419925 54.137747938312025 -13.304806245044094 90.407991235906422 19.120295645935197 49.872955855807746 49.038532400131231 125.98143284009851 111.07896063187543 75.964071292877207 75.947956035448158 2.8952155600432246 -26.716018098866392 15.630977081765934 30.181926480920744 72.564581107099855 31.565524779387882 -40.279588403927505
leaf_weight=166 299 121 590 350 274 150 564 20 264 614 81 97 26 130 1013 22 168 37 20 23 34 20 23 879 1002 49 478 96 210 507
leaf_count=166 299 121 590 350 274 150 564 20 264 614 81 97 26 130 1013 22 168 37 20 23 34 20 23 879 1002 49 478 96 210 507
internal_value=-4.01703e-08 24.7414 -19.881 47.5928 -10.6327 10.9712 8.24694 64.3631 -31.2703 -13.9214 -34.6802 61.5178 34.1766 32.16 -18.3054 40.5893 1.73583 13.0226 -2.83695 83.5085 76.0514 27.5444 34.2539 -0.743445 -28.5529 -12.1401 25.9277 53.9247 19.5699 -44.5403
internal_weight=8327 3710 4617 1395 2548 2315 2120 620 2069 2237 1756 600 775 749 1603 195 1346 311 634 154 131 619 173 1178 1083 313 599 446 774 673
internal_count=8327 3710 4617 1395 2548 2315 2120 620 2069 2237 1756 600 775 749 1603 195 1346 311 634 154 131 619 173 1178 1083 313 599 446 774 673
is_linear=0
shrinkage=0.05


Tree=36
num_leaves=31
num_cat=0
split_feature=13 13 13 14 14 4 5 5 14 4 4 14 4 4 21 13 7 13 14 5 4 4 5 14 14 14 14 14 5 4
split_gain=1.4793e+09 4.34947e+08 1.68208e+08 1.08668e+08 7.43993e+07 7.33539e+07 5.79277e+07 5.19399e+07 4.96807e+07 3.98389e+07 3.74981e+07 3.69178e+07 3.41077e+07 3.07938e+07 2.99072e+07 2.89405e+07 2.71988e+07 2.55174e+07 1.9686e+07 1.93083e+07 1.86859e+07 1.86603e+07 1.84101e+07 1.67537e+07 1.67038e+07 1.64754e+07 1.61364e+07 1.59622e+07 1.45401e+07 1.39139e+07
threshold=31.500000000000004 20.500000000000004 45.500000000000007 6.5000000000000009 10.500000000000002 2.5000000000000004 1.5000000000000002 4.5000000000000009 27.500000000000004 2.5000000000000004 1.5000000000000002 14.500000000000002 1.5000000000000002 1.0000000180025095e-35 2.5000000000000004 11.500000000000002 15.500000000000002 10.500000000000002 12.500000000000002 5.5000000000000009 2.5000000000000004 13.500000000000002 5.5000000000000009 17.500000000000004 14.500000000000002 24.500000000000004 6.5000000000000009 20.500000000000004 3.5000000000000004 3.5000000000000004
decision_type=2 2 2 2 2 2 2 2 2 2 2 2 2 2 2 2 2 2 2 2 2 2 2 2 2 2 2 2 2 2
left_child=1 3 5 12 20 11 9 10 19 17 23 -2 15 -10 25 -1 28 -5 -19 24 26 27 29 -6 -4 -13 -3 -12 -7 -8
right_child=2 4 8 6 7 16 22 -9 13 -11 21 14 -14 -15 -16 -17 -18 18 -20 -21 -22 -23 -24 -25 -26 -27 -28 -29 -30 -31
leaf_value=-46.837886082764832 13.578825246147254 -20.065673630113107 28.11039656375317 -37.432710533618931 1.8080798451071987 44.480971307986181 -1.34546688092742 54.615782969338561 79.867758852640804 2.7719739753918109 16.630116196573859 26.641941491574268 -14.529088447775161 149.07859863281251 82.801505388532377 -30.836894967259418 107.59511211940222 -21.21426635799979 -7.15506467244386 103.15132194187332 10.688251202619252 70.277761898040779 49.849020465373997 16.084025467377085 60.098023969800238 48.900692453189777 -5.2646249201923316 54.463129695769283 80.301476228237163 39.531433081626894
leaf_weight=429 439 249 47 200 1059 247 157 63 45 203 277 548 210 25 28 828 21 1282 309 23 136 20 25 255 310 98 707 31 32 24
leaf_count=429 439 249 47 200 1059 247 157 63 45 203 277 548 210 25 28 828 21 1282 309 23 136 20 25 255 310 98 707 31 32 24
internal_value=-2.59059e-08 -11.3138 39.2553 -22.6412 3.53686 30.7767 -15.6126 10.063 65.8779 -18.2204 8.35362 24.8622 -33.1817 104.586 32.2114 -36.2979 52.7198 -20.5997 -18.4837 58.7475 -6.65278 23.477 9.62981 4.57853 55.8868 30.0187 -9.11971 20.438 48.5894 4.07467
internal_weight=8327 6464 1863 3667 2797 1413 2200 1705 450 1994 1642 1113 1467 70 674 1257 300 1791 1591 380 1092 328 206 1314 357 646 956 308 279 181
internal_count=8327 6464 1863 3667 2797 1413 2200 1705 450 1994 1642 1113 1467 70 674 1257 300 1791 1591 380 1092 328 206 1314 357 646 956 308 279 181
is_linear=0
shrinkage=0.05


Tree=37
num_leaves=31
num_cat=0
split_feature=13 13 7 14 5 1 5 4 14 14 7 4 14 5 4 9 7 13 5 5 14 4 14 21 14 14 13 5 7 9
split_gain=1.34173e+09 3.81083e+08 1.64255e+08 1.05846e+08 6.53004e+07 5.94247e+07 5.59469e+07 4.76544e+07 4.23206e+07 4.11268e+07 3.9553e+07 3.33421e+07 3.20987e+07 2.88729e+07 2.8699e+07 2.47114e+07 2.34767e+07 2.20042e+07 2.01136e+07 1.9513e+07 1.71353e+07 1.55214e+07 1.50045e+07 1.40067e+07 1.34324e+07 1.33586e+07 1.33359e+07 1.26227e+07 1.14152e+07 1.10425e+07
threshold=23.500000000000004 34.500000000000007 2.5000000000000004 23.500000000000004 1.0000000180025095e-35 5.5000000000000009 2.5000000000000004 12.500000000000002 14.500000000000002 33.500000000000007 4.5000000000000009 3.5000000000000004 7.5000000000000009 6.5000000000000009 4.5000000000000009 6.5000000000000009 8.5000000000000018 53.500000000000007 6.5000000000000009 1.0000000180025095e-35 8.5000000000000018 3.5000000000000004 2.5000000000000004 2.5000000000000004 15.500000000000002 4.5000000000000009 7.5000000000000009 5.5000000000000009 5.5000000000000009 13.500000000000002
decision_type=2 2 2 2 2 2 2 2 2 2 2 2 2 2 2 2 2 2 2 2 2 2 2 2 2 2 2 2 2 2
left_child=2 4 5 7 8 22 12 10 25 16 -3 20 28 17 24 19 -5 23 21 -7 -6 -8 -1 29 -14 -2 -24 -22 -4 -12
right_child=1 3 6 9 11 15 18 -9 -10 -11 13 -13 14 -15 -16 -17 -18 -19 -20 -21 27 -23 26 -25 -26 -27 -28 -29 -30 -31
leaf_value=-57.62821811876799 -36.36253175354004 16.884971982329642 -23.608328625336988 54.922805874719529 -2.2232507098052241 -26.790564284135719 5.1241724748020028 89.036293063163768 15.547348940398919 137.61226028442385 28.184324004400612 52.970549586478711 -10.233810550138827 84.955072437633177 17.542777945076832 -11.738179654371123 86.034542592366549 64.913241271972652 60.903120086669929 -8.1369814509000538 21.078923351291223 45.05220477422079 -53.729179009331602 64.77181837293837 4.8425230137233086 0.59005992739744817 -32.694699145436736 51.427694384256995 -2.8104887082026555 42.380990760006121
leaf_weight=95 25 268 428 218 72 1384 129 40 676 20 430 94 979 33 122 464 84 65 25 156 282 30 90 36 174 1127 463 39 78 201
leaf_count=95 25 268 428 218 72 1384 129 40 676 20 430 94 979 33 122 464 84 65 25 156 282 30 90 36 174 1127 463 39 78 201
internal_value=-9.79521e-09 22.3899 -17.9914 43.0333 9.95034 -26.1093 -7.03537 35.4885 5.61594 68.1749 33.415 26.2199 -9.74715 39.2059 -5.5185 -21.8533 63.5764 37.1434 19.2128 -24.901 19.8215 12.6578 -39.2715 34.4372 -7.95863 -0.211863 -36.118 24.7662 -20.4023 32.7066
internal_weight=8327 3710 4617 1395 2315 2652 1965 1073 1828 322 1033 487 1781 765 1275 2004 302 732 184 1540 393 159 648 667 1153 1152 553 321 506 631
internal_count=8327 3710 4617 1395 2315 2652 1965 1073 1828 322 1033 487 1781 765 1275 2004 302 732 184 1540 393 159 648 667 1153 1152 553 321 506 631
is_linear=0
shrinkage=0.05


Tree=38
num_leaves=31
num_cat=0
split_feature=13 13 13 14 7 7 5 5 9 14 13 7 7 11 4 14 4 5 5 5 4 14 5 14 4 4 14 14 7 1
split_gain=1.21273e+09 3.14915e+08 1.72388e+08 9.13036e+07 6.52204e+07 6.20584e+07 5.77026e+07 4.51152e+07 4.34387e+07 3.63991e+07 3.49456e+07 3.08593e+07 3.0088e+07 2.70994e+07 2.54666e+07 2.26998e+07 2.20663e+07 2.16927e+07 2.14803e+07 2.14609e+07 1.93789e+07 1.93211e+07 1.6815e+07 1.63381e+07 1.30401e+07 1.29107e+07 1.19894e+07 1.14708e+07 1.10561e+07 1.042e+07
threshold=24.500000000000004 40.500000000000007 15.500000000000002 13.500000000000002 14.500000000000002 4.5000000000000009 1.5000000000000002 1.0000000180025095e-35 14.500000000000002 9.5000000000000018 9.5000000000000018 7.5000000000000009 9.5000000000000018 31.500000000000004 7.5000000000000009 7.5000000000000009 2.5000000000000004 6.5000000000000009 1.0000000180025095e-35 5.5000000000000009 7.5000000000000009 4.5000000000000009 2.5000000000000004 18.500000000000004 1.5000000000000002 6.5000000000000009 4.5000000000000009 17.500000000000004 11.500000000000002 23.500000000000004
decision_type=2 2 2 2 2 2 2 2 2 2 2 2 2 2 2 2 2 2 2 2 2 2 2 2 2 2 2 2 2 2
left_child=2 3 7 12 8 9 11 10 20 22 -1 23 15 -10 19 -2 21 25 -17 28 27 -12 26 -5 -11 -8 -4 -3 -7 -22
right_child=1 4 5 6 -6 14 17 -9 13 24 16 -13 -14 -15 -16 18 -18 -19 -20 -21 29 -23 -24 -25 -26 -27 -28 -29 -30 -31
leaf_value=-44.381726025168746 -13.340181090198667 24.00214674417154 -29.910701095997382 11.28705613056789 131.87484485308332 0.33825967306708116 37.243943733362592 -9.2123653209727756 53.260889345726355 -6.849751358998275 -39.517044034225265 39.557385285320521 41.016499926827173 85.919329492435907 48.605078845553933 2.2639819099174607 -4.4089733345994677 94.325164656205615 19.819399675163066 48.140560333817092 45.809143932342529 -25.041730095797988 8.0636941192611573 24.622939339365278 10.097950407862664 77.950040818344462 -16.401924315806827 41.534597052207019 37.546508561997193 92.990537678111693
leaf_weight=349 177 166 197 668 24 405 170 299 243 1002 302 159 55 86 36 810 103 22 222 27 25 974 62 350 128 22 988 213 21 22
leaf_count=349 177 166 197 668 24 405 170 299 243 1002 302 159 55 86 36 810 103 22 222 27 25 974 62 350 128 22 988 213 21 22
internal_value=-3.578e-08 22.777 -15.9853 14.5753 50.73 -8.09261 23.414 -27.1449 48.1506 -11.4297 -30.2478 19.0717 4.84844 61.7977 8.12894 3.20308 -26.6707 47.2968 6.04044 4.91229 37.6109 -28.4677 -17.3196 15.8721 -4.93001 41.9082 -18.6477 33.8555 2.17247 67.8941
internal_weight=8327 3434 4893 2655 779 2866 1391 2027 755 2377 1728 1177 1264 329 489 1209 1379 214 1032 453 426 1276 1247 1018 1130 192 1185 379 426 47
internal_count=8327 3434 4893 2655 779 2866 1391 2027 755 2377 1728 1177 1264 329 489 1209 1379 214 1032 453 426 1276 1247 1018 1130 192 1185 379 426 47
is_linear=0
shrinkage=0.05


Tree=39
num_leaves=31
num_cat=0
split_feature=13 7 7 14 14 5 7 14 13 4 7 14 13 5 5 13 13 13 5 4 5 13 14 14 4 14 5 14 7 4
split_gain=1.10265e+09 3.28133e+08 1.29495e+08 9.81408e+07 6.58675e+07 5.31075e+07 5.26301e+07 4.51706e+07 4.10184e+07 4.02936e+07 2.77664e+07 2.7706e+07 2.29275e+07 2.25234e+07 2.24497e+07 2.12074e+07 1.8776e+07 1.76164e+07 1.59893e+07 1.54842e+07 1.44643e+07 1.42707e+07 1.36529e+07 1.25028e+07 1.23917e+07 1.14468e+07 1.10209e+07 9.92577e+06 9.71947e+06 9.06099e+06
threshold=31.500000000000004 2.5000000000000004 6.5000000000000009 10.500000000000002 6.5000000000000009 5.5000000000000009 15.500000000000002 18.500000000000004 45.500000000000007 5.5000000000000009 8.5000000000000018 16.500000000000004 11.500000000000002 1.5000000000000002 4.5000000000000009 16.500000000000004 16.500000000000004 21.500000000000004 1.0000000180025095e-35 3.5000000000000004 1.0000000180025095e-35 54.500000000000007 29.500000000000004 9.5000000000000018 1.0000000180025095e-35 2.5000000000000004 1.5000000000000002 4.5000000000000009 4.5000000000000009 1.0000000180025095e-35
decision_type=2 2 2 2 2 2 2 2 2 2 2 2 2 2 2 2 2 2 2 2 2 2 2 2 2 2 2 2 2 2
left_child=1 4 7 10 12 9 8 18 14 11 13 17 -1 16 -4 24 -3 -5 23 21 -11 26 28 -2 -6 -14 -10 -18 -9 -27
right_child=2 3 6 5 15 -7 -8 22 19 20 -12 -13 25 -15 -16 -17 27 -19 -20 -21 -22 -23 -24 -25 -26 29 -28 -29 -30 -31
leaf_value=-40.117477586192642 -5.8478608459621277 -22.158539361360845 34.815549561199525 -7.6622205362617253 -24.021025065282984 53.566219828205732 115.69122792561851 24.185062530535955 40.683186721801761 21.467713983031526 19.779178108992401 15.119374828591649 -43.72193839932666 4.5840389374746096 82.012433214540849 -10.434214718810198 -29.677457492439835 4.8187272554140428 30.966416418783126 86.371621797795882 56.645515632629397 74.766810976315853 73.180548004150396 15.696096460956879 -4.9351063300653841 -25.964511497532939 78.049254179000854 -7.5712198975538669 41.07360192652996 -8.8640415056185287
leaf_weight=433 77 378 377 417 690 62 30 133 111 87 81 457 81 218 27 901 54 878 155 57 44 73 25 537 97 647 24 851 237 88
leaf_count=433 77 378 377 417 690 62 30 133 111 87 81 457 81 218 27 901 54 878 155 57 44 73 25 537 97 647 24 851 237 88
internal_value=-5.91098e-09 -9.76788 33.8914 0.512125 -22.113 8.03416 50.9023 23.676 47.997 6.53497 -8.73589 4.53496 -30.8178 -10.2747 37.9698 -15.6721 -12.7994 0.799766 16.6168 63.2837 33.2832 56.9567 37.4192 12.9943 -21.6686 -25.883 47.326 -8.89027 35.0029 -23.9171
internal_weight=8327 6464 1863 3527 2937 1945 699 1164 669 1883 1582 1752 1249 1501 404 1688 1283 1295 769 265 131 208 395 614 787 816 135 905 370 735
internal_count=8327 6464 1863 3527 2937 1945 699 1164 669 1883 1582 1752 1249 1501 404 1688 1283 1295 769 265 131 208 395 614 787 816 135 905 370 735
is_linear=0
shrinkage=0.05


Tree=40
num_leaves=31
num_cat=0
split_feature=13 13 14 14 4 5 4 14 5 14 5 5 14 13 21 5 9 7 13 4 7 14 5 9 4 4 14 5 9 11
split_gain=9.96832e+08 2.83988e+08 1.2241e+08 8.38735e+07 5.2212e+07 5.07231e+07 3.88356e+07 3.83201e+07 3.7468e+07 3.48268e+07 3.12622e+07 3.05991e+07 2.94237e+07 2.41665e+07 2.11601e+07 1.92581e+07 1.9079e+07 1.8881e+07 1.7379e+07 1.62964e+07 1.6048e+07 1.49687e+07 1.42342e+07 1.40852e+07 1.34093e+07 1.18504e+07 1.13218e+07 1.09395e+07 1.06556e+07 1.05065e+07
threshold=23.500000000000004 34.500000000000007 7.5000000000000009 23.500000000000004 2.5000000000000004 2.5000000000000004 12.500000000000002 14.500000000000002 1.0000000180025095e-35 33.500000000000007 1.0000000180025095e-35 1.5000000000000002 3.5000000000000004 13.500000000000002 2.5000000000000004 7.5000000000000009 13.500000000000002 8.5000000000000018 11.500000000000002 1.0000000180025095e-35 10.500000000000002 15.500000000000002 3.5000000000000004 8.5000000000000018 5.5000000000000009 1.0000000180025095e-35 4.5000000000000009 5.5000000000000009 7.5000000000000009 23.500000000000004
decision_type=2 2 2 2 2 2 2 2 2 2 2 2 2 2 2 2 2 2 2 2 2 2 2 2 2 2 2 2 2 2
left_child=2 5 8 6 11 7 10 19 12 17 14 13 -1 -4 16 24 -3 -5 -14 26 28 -12 -10 -15 -7 -9 -2 -13 -6 -18
right_child=1 3 4 9 20 15 -8 25 22 -11 21 27 18 23 -16 -17 29 -19 -20 -21 -22 -23 -24 -25 -26 -27 -28 -29 -30 -31
leaf_value=-40.737732928670098 -37.336662153764209 16.456636725743078 -24.347665207543084 47.507529694880915 -0.045088095509487655 21.909273945748808 78.742960224151616 11.405208085807608 -13.198887168886987 123.39769119262697 30.281792290662896 2.1146754493468847 -33.399561913585977 -12.500243468555455 69.728614489237472 77.026214391534992 24.103412701189519 75.408412688119071 -20.908288796873133 11.06929317092523 41.932943265502523 54.491991076251161 16.144372177124023 -0.86238503801969846 62.909491389730704 25.319370162657332 -1.0769898141092396 33.656754050403833 20.949375717904832 44.834256321460281
leaf_weight=334 22 504 370 218 184 150 40 564 264 20 116 195 380 1316 24 22 136 84 1042 320 37 142 49 324 23 210 1004 32 90 111
leaf_count=334 22 504 370 218 184 150 40 564 264 20 116 195 380 1316 24 22 136 84 1042 320 37 142 49 324 23 210 1004 32 90 111
internal_value=-2.84699e-08 19.2988 -15.5076 37.1193 -8.17124 8.56024 30.4031 6.3156 -24.5423 59.4997 28.5313 -10.84 -27.3831 -12.8052 23.5126 32.9635 22.0357 55.268 -24.2463 1.21803 11.0247 43.6068 -8.60521 -10.2011 27.3602 15.1804 -1.85449 6.56114 6.8509 33.4197
internal_weight=8327 3710 4617 1395 2548 2315 1073 2120 2069 322 1033 2237 1756 2010 775 195 751 302 1422 1346 311 258 313 1640 173 774 1026 227 274 247
internal_count=8327 3710 4617 1395 2548 2315 1073 2120 2069 322 1033 2237 1756 2010 775 195 751 302 1422 1346 311 258 313 1640 173 774 1026 227 274 247
is_linear=0
shrinkage=0.05


Tree=41
num_leaves=31
num_cat=0
split_feature=1 7 7 9 4 13 5 14 9 7 21 7 4 13 5 14 11 4 13 4 13 13 5 9 5 5 14 14 3 14
split_gain=9.0442e+08 2.32074e+08 1.48925e+08 9.4409e+07 5.76822e+07 4.76217e+07 4.5828e+07 4.18611e+07 3.7836e+07 3.28291e+07 2.49505e+07 2.25874e+07 2.08534e+07 1.91323e+07 1.88952e+07 1.83435e+07 1.67547e+07 1.63837e+07 1.59411e+07 1.50023e+07 1.49006e+07 1.45238e+07 1.26825e+07 1.26387e+07 1.16835e+07 1.09419e+07 1.0512e+07 9.48866e+06 9.37505e+06 9.09791e+06
threshold=12.500000000000002 5.5000000000000009 2.5000000000000004 14.500000000000002 7.5000000000000009 33.500000000000007 5.5000000000000009 5.5000000000000009 6.5000000000000009 12.500000000000002 2.5000000000000004 10.500000000000002 1.0000000180025095e-35 32.500000000000007 1.5000000000000002 11.500000000000002 31.500000000000004 1.5000000000000002 9.5000000000000018 3.5000000000000004 16.500000000000004 10.500000000000002 1.5000000000000002 9.5000000000000018 1.0000000180025095e-35 5.5000000000000009 5.5000000000000009 25.500000000000004 1.0000000180025095e-35 1.5000000000000002
decision_type=2 2 2 2 2 2 2 2 2 2 2 2 2 2 2 2 2 2 2 2 2 2 2 2 2 2 2 2 2 2
left_child=2 5 7 4 10 12 8 21 11 16 13 18 23 -3 17 -7 -5 20 -4 28 -9 -1 -6 -2 27 -15 -20 -17 -10 -23
right_child=1 3 6 9 22 15 -8 14 19 -11 -12 -13 -14 25 -16 24 -18 -19 26 -21 -22 29 -24 -25 -26 -27 -28 -29 -30 -31
leaf_value=-40.24754683494568 -1.894298800981667 11.880282779232774 -39.156236416685822 48.411257035334906 50.758555511474611 1.9948014497183839 36.907829377145482 -24.013140292835264 -4.3649691264434685 111.327247439112 67.29130680561066 26.86185250404554 17.894195647767411 26.5836165971198 3.0085761147195647 19.330726523772618 75.624554063178408 -0.34042429159849119 -19.979812896104505 20.741613276901784 -14.136964658110848 -51.418679809570314 86.862242709265828 8.7055831172480822 40.947632287664618 62.661382744529035 -8.4000270550598017 45.779796084842168 6.7754023485774297 -24.843301561640914
leaf_weight=260 747 283 51 240 75 104 66 883 447 28 32 39 253 470 110 406 74 117 243 102 673 34 36 451 94 22 1013 37 327 610
leaf_count=260 747 283 51 240 75 104 66 883 447 28 32 39 253 470 110 406 74 117 243 102 673 34 36 451 94 22 1013 37 327 610
internal_value=-1.4532e-08 20.075 -13.5259 37.0272 28.6734 9.86476 -4.15109 -21.5086 -5.37067 59.4505 24.0251 -10.6342 4.85073 22.2387 -17.0649 21.2148 54.8246 -18.3847 -11.7531 2.71696 -19.7415 -30.2732 62.4679 2.09614 24.9371 28.1969 -10.6404 21.5398 0.341622 -26.2463
internal_weight=8327 3352 4975 1260 918 2092 2288 2687 2222 342 807 1346 1451 775 1783 641 314 1673 1307 876 1556 904 111 1198 537 492 1256 443 774 644
internal_count=8327 3352 4975 1260 918 2092 2288 2687 2222 342 807 1346 1451 775 1783 641 314 1673 1307 876 1556 904 111 1198 537 492 1256 443 774 644
is_linear=0
shrinkage=0.05


Tree=42
num_leaves=31
num_cat=0
split_feature=13 7 14 14 9 7 5 7 7 13 14 14 7 5 5 13 14 5 5 14 13 4 4 1 5 9 13 13 10 14
split_gain=8.18039e+08 2.47217e+08 1.01372e+08 7.5622e+07 5.09366e+07 4.54605e+07 4.17917e+07 3.45104e+07 3.17378e+07 2.61828e+07 2.55358e+07 2.49634e+07 2.17071e+07 2.02504e+07 1.74446e+07 1.67048e+07 1.47838e+07 1.46092e+07 1.45617e+07 1.4351e+07 1.37155e+07 1.20328e+07 1.20007e+07 1.18758e+07 1.1874e+07 1.15887e+07 1.1528e+07 1.04248e+07 1.03395e+07 8.98383e+06
threshold=31.500000000000004 2.5000000000000004 19.500000000000004 10.500000000000002 5.5000000000000009 14.500000000000002 5.5000000000000009 9.5000000000000018 11.500000000000002 45.500000000000007 3.5000000000000004 16.500000000000004 8.5000000000000018 1.0000000180025095e-35 1.5000000000000002 9.5000000000000018 10.500000000000002 3.5000000000000004 1.0000000180025095e-35 3.5000000000000004 22.500000000000004 1.0000000180025095e-35 1.5000000000000002 19.500000000000004 1.5000000000000002 17.500000000000004 18.500000000000004 43.500000000000007 11.500000000000002 24.500000000000004
decision_type=2 2 2 2 2 2 2 2 2 2 2 2 2 2 2 2 2 2 2 2 2 2 2 2 2 2 2 2 2 2
left_child=1 4 7 12 10 9 8 13 11 17 -1 20 14 16 19 -12 -2 29 25 -3 -5 -6 -13 -15 -17 -11 -21 -18 -20 -4
right_child=2 3 5 6 21 -7 -8 -9 -10 18 15 22 -14 23 -16 24 27 -19 28 26 -22 -23 -24 -25 -26 -27 -28 -29 -30 -31
leaf_value=-37.185039176497348 -2.8992266323606848 -33.203863367353165 24.715913212602423 -4.632752604817485 -11.95191320188396 111.68101924260458 47.503498595760718 47.213819219481273 52.27852941089207 40.342820236682897 -33.069985715888357 10.698312415058737 17.60408440931344 23.240912413195279 4.1076837036861198 -20.415988532285169 13.305609285371307 64.814243855195897 53.938405381716215 -15.975267948666335 5.570847175503955 4.6001793992661293 30.376306244761675 48.212028616391699 -1.7370447729315079 64.614772133088451 -5.9964552340006625 29.129630217095837 97.725940636226113 41.004435185230143
leaf_weight=301 118 70 236 555 854 24 62 106 36 160 257 385 81 178 218 1308 557 34 26 477 810 126 97 65 91 71 736 128 28 132
leaf_count=301 118 70 236 555 854 24 62 106 36 160 257 385 81 178 218 1308 557 34 26 477 810 126 97 65 91 71 736 128 28 132
internal_value=-4.20723e-08 -8.41334 29.1915 0.509596 -19.1288 44.0377 7.1125 20.0287 5.78257 41.6746 -23.7884 4.87632 -7.60838 17.2738 -8.96895 -21.3534 13.4467 33.4558 53.2675 -11.1909 1.42213 -9.82379 14.6584 29.9204 -19.201 47.803 -9.92052 16.2625 76.6431 30.5585
internal_weight=8327 6464 1863 3527 2937 711 1945 1152 1883 687 1957 1847 1582 1046 1501 1656 803 402 285 1283 1365 980 482 243 1399 231 1213 685 54 368
internal_count=8327 6464 1863 3527 2937 711 1945 1152 1883 687 1957 1847 1582 1046 1501 1656 803 402 285 1283 1365 980 482 243 1399 231 1213 685 54 368
is_linear=0
shrinkage=0.05


Tree=43
num_leaves=31
num_cat=0
split_feature=9 11 7 7 11 5 13 14 4 4 7 5 14 5 5 9 13 14 4 13 4 1 5 4 21 8 14 8 14 9
split_gain=7.4782e+08 1.84332e+08 1.67453e+08 6.56719e+07 5.73035e+07 4.34591e+07 3.9702e+07 3.49871e+07 3.38634e+07 2.65619e+07 2.34258e+07 2.21581e+07 1.81954e+07 1.63385e+07 1.59718e+07 1.54728e+07 1.50923e+07 1.49686e+07 1.35504e+07 1.38118e+07 1.26194e+07 1.23203e+07 1.22365e+07 1.22307e+07 1.18729e+07 1.11762e+07 1.11698e+07 1.06571e+07 1.00399e+07 8.2828e+06
threshold=8.5000000000000018 24.500000000000004 2.5000000000000004 4.5000000000000009 14.500000000000002 6.5000000000000009 61.500000000000007 5.5000000000000009 7.5000000000000009 7.5000000000000009 8.5000000000000018 2.5000000000000004 14.500000000000002 1.5000000000000002 1.0000000180025095e-35 17.500000000000004 10.500000000000002 18.500000000000004 1.0000000180025095e-35 16.500000000000004 1.5000000000000002 4.5000000000000009 1.0000000180025095e-35 2.5000000000000004 2.5000000000000004 6.5000000000000009 14.500000000000002 6.5000000000000009 18.500000000000004 11.500000000000002
decision_type=2 2 2 2 2 2 2 2 2 2 2 2 2 2 2 2 2 2 2 2 2 2 2 2 2 2 2 2 2 2
left_child=2 3 7 20 10 9 11 21 14 12 16 15 -5 18 25 23 -4 -11 19 -9 26 -1 27 -3 -14 -6 29 -18 -16 -2
right_child=1 6 4 5 8 -7 -8 13 -10 17 -12 -13 24 -15 28 -17 22 -19 -20 -21 -22 -23 -24 -25 -26 -27 -28 -29 -30 -31
leaf_value=-37.430326347992199 -2.505489096523839 30.549653301257077 -30.047724531918039 10.42324222977115 -5.4067742101938991 79.991434371832653 103.49026668444276 -22.754797329242148 49.960825755379418 35.20977993965149 16.788691874172379 68.473810804883641 23.33436728390469 3.1597537841545336 12.495447519354151 60.11535221779183 -13.625042199571855 81.931506868203485 -4.1076787357900875 -13.181992968200781 20.781377943727509 -24.158053804773484 0.2820543300966884 50.359441923627671 59.301264444986977 6.8107389107619953 10.813471137155902 -3.5535484921746923 43.785784707089952 11.493712145605482
leaf_weight=238 514 330 82 359 328 33 28 823 44 60 92 72 522 109 221 73 822 24 187 695 134 659 344 102 24 436 424 386 29 133
leaf_count=238 514 330 82 359 328 33 28 823 44 60 92 72 522 109 221 73 822 24 187 695 134 659 344 102 24 436 424 386 29 133
internal_value=-2.28528e-08 20.8719 -10.7569 14.2231 -2.14374 23.5464 45.346 -19.602 7.01854 21.6629 -7.76001 42.5244 19.1665 -15.6077 5.15517 38.8247 -9.14219 48.5588 -16.8075 -18.372 6.31573 -27.6796 -8.03765 35.227 24.9153 1.56552 4.50584 -10.4068 16.1251 0.372245
internal_weight=8327 2832 5495 2227 2784 1022 605 2711 1058 989 1726 577 905 1814 1014 505 1634 84 1705 1518 1205 897 1552 432 546 764 1071 1208 250 647
internal_count=8327 2832 5495 2227 2784 1022 605 2711 1058 989 1726 577 905 1814 1014 505 1634 84 1705 1518 1205 897 1552 432 546 764 1071 1208 250 647
is_linear=0
shrinkage=0.05


Tree=44
num_leaves=31
num_cat=0
split_feature=14 13 13 7 4 13 5 9 7 5 14 14 14 14 5 5 13 5 4 4 5 4 12 4 7 13 9 12 4 4
split_gain=6.74915e+08 1.72606e+08 1.66418e+08 5.32962e+07 4.95481e+07 4.07304e+07 3.18455e+07 3.17745e+07 2.71467e+07 2.2908e+07 2.16785e+07 2.15108e+07 1.88924e+07 1.73161e+07 1.71009e+07 1.62727e+07 1.48805e+07 1.42589e+07 1.34038e+07 1.31617e+07 1.24475e+07 1.35717e+07 1.08361e+07 1.0214e+07 1.01291e+07 1.00676e+07 9.69197e+06 9.33133e+06 8.4466e+06 8.04923e+06
threshold=13.500000000000002 21.500000000000004 33.500000000000007 7.5000000000000009 1.5000000000000002 10.500000000000002 1.5000000000000002 19.500000000000004 8.5000000000000018 6.5000000000000009 6.5000000000000009 5.5000000000000009 25.500000000000004 21.500000000000004 1.0000000180025095e-35 1.5000000000000002 57.500000000000007 1.5000000000000002 4.5000000000000009 3.5000000000000004 1.0000000180025095e-35 5.5000000000000009 1.5000000000000002 10.500000000000002 3.5000000000000004 7.5000000000000009 15.500000000000002 1.0000000180025095e-35 8.5000000000000018 1.5000000000000002
decision_type=2 2 2 2 2 2 2 2 2 2 2 2 2 2 2 2 2 2 2 2 2 2 2 2 2 2 2 2 2 2
left_child=1 4 6 12 5 25 13 9 10 16 -3 -7 14 22 26 23 19 27 -8 -5 -6 -22 24 -12 -2 -1 -4 -13 -24 -14
right_child=2 8 3 7 20 11 18 -9 -10 -11 15 17 29 -15 -16 -17 -18 -19 -20 -21 21 -23 28 -25 -26 -27 -28 -29 -30 -31
leaf_value=-44.767755126953126 2.601242987574818 -14.149902118562048 17.207620274301231 30.100683526746156 -7.7438350795758399 -23.853181628292916 21.295380934764601 94.685332541995592 25.206549244411921 97.10489379882813 -0.11504731408144318 -7.4625685819607686 38.656758794223563 24.546530159681787 39.417541309992473 14.955796553068692 79.730822110176092 0.62518567555681148 53.726851544777553 51.957895854481478 2.1661078420403888 39.614230964923735 -0.24296142069817958 30.935989023137978 17.504705618908172 -27.956415680409652 33.096829082946151 -16.714736525214764 31.941564550853911 69.566672434125636
leaf_weight=114 214 223 464 174 380 687 174 36 118 20 1386 341 85 119 150 225 24 163 39 114 146 29 697 27 244 407 121 1357 21 28
leaf_count=114 214 223 464 174 380 687 174 36 118 20 1386 341 85 119 150 225 24 163 39 114 146 29 697 27 244 407 121 1357 21 28
internal_value=-2.93008e-08 -9.92529 20.4154 34.178 -16.4104 -18.8966 9.31765 50.068 1.95039 45.23 0.475788 -16.2919 27.2823 6.37087 24.356 2.46695 41.9047 -13.5007 27.2335 38.7525 -2.66233 8.3718 4.53167 0.478285 10.5411 -31.6349 20.4941 -14.8567 0.698369 46.3159
internal_weight=8327 5603 2724 1216 3624 3069 1508 368 1979 332 1861 2548 848 1295 735 1638 312 1861 213 288 555 175 1176 1413 458 521 585 1698 718 113
internal_count=8327 5603 2724 1216 3624 3069 1508 368 1979 332 1861 2548 848 1295 735 1638 312 1861 213 288 555 175 1176 1413 458 521 585 1698 718 113
is_linear=0
shrinkage=0.05


Tree=45
num_leaves=31
num_cat=0
split_feature=9 11 11 4 7 4 14 4 13 5 21 4 14 4 9 13 11 7 13 5 14 5 7 13 5 13 5 4 14 5
split_gain=6.19092e+08 1.5161e+08 1.39036e+08 4.57581e+07 4.28704e+07 4.02221e+07 3.90514e+07 2.60044e+07 2.55484e+07 2.34479e+07 2.3005e+07 2.25503e+07 2.11304e+07 2.0763e+07 1.98198e+07 1.64158e+07 1.62425e+07 1.61324e+07 1.46342e+07 1.29082e+07 1.17967e+07 1.11732e+07 1.11315e+07 8.99502e+06 8.91825e+06 8.80539e+06 8.50086e+06 8.14295e+06 7.98788e+06 7.60406e+06
threshold=8.5000000000000018 22.500000000000004 10.500000000000002 1.5000000000000002 4.5000000000000009 1.5000000000000002 27.500000000000004 1.0000000180025095e-35 10.500000000000002 3.5000000000000004 2.5000000000000004 13.500000000000002 14.500000000000002 13.500000000000002 16.500000000000004 22.500000000000004 15.500000000000002 14.500000000000002 47.500000000000007 1.5000000000000002 4.5000000000000009 1.0000000180025095e-35 11.500000000000002 8.5000000000000018 1.5000000000000002 6.5000000000000009 2.5000000000000004 1.0000000180025095e-35 19.500000000000004 1.0000000180025095e-35
decision_type=2 2 2 2 2 2 2 2 2 2 2 2 2 2 2 2 2 2 2 2 2 2 2 2 2 2 2 2 2 2
left_child=2 3 5 9 15 8 10 -8 25 12 13 16 -2 18 -9 -4 -6 21 24 20 -10 28 29 -7 -3 -1 -25 -17 -5 -18
right_child=1 6 4 17 11 23 7 14 19 -11 -12 -13 -14 -15 -16 27 22 -19 -20 -21 -22 -23 -24 26 -26 -27 -28 -29 -30 -31
leaf_value=-49.164396854747423 1.0568050649200453 19.732180090312777 -9.5755912291621765 13.20358333438635 -1.5161473990544199 -25.940224618911742 46.279616993904114 60.306945909772608 -26.480618833136681 33.088866545551127 71.774783568912085 58.41477307406339 12.935435550756317 78.431287557428547 128.21676942651922 -2.5961074527367249 7.2634159599684214 67.827237285267231 38.965324564713555 -2.7528947002799424 -16.483590429495646 34.040382333790383 48.402157170122322 -3.0696534567452662 40.287006378173828 -27.998466071648092 26.58723028623141 10.612260292002755 36.876767651979314 23.420615349193611
leaf_weight=55 833 325 1157 208 310 40 75 21 386 87 36 22 680 22 22 787 261 22 231 135 1253 164 22 342 63 461 26 137 43 101
leaf_count=55 833 325 1157 208 310 40 75 21 386 87 36 22 680 22 22 787 261 22 231 135 1253 164 22 342 63 461 26 137 43 101
internal_value=-1.7142e-08 18.9907 -9.78737 11.7634 -1.97605 -17.8853 37.5089 64.0524 -20.4622 7.84697 32.8824 8.5771 6.39552 30.6982 95.0515 -5.60702 6.99723 26.1027 29.0017 -17.6139 -18.838 23.8908 13.87 -3.42197 23.0697 -30.2545 -0.97433 -0.637724 17.2591 11.7714
internal_weight=8327 2832 5495 2037 2797 2698 795 118 2290 1600 677 716 1513 641 43 2081 694 437 619 1774 1639 415 384 408 388 516 368 924 251 362
internal_count=8327 2832 5495 2037 2797 2698 795 118 2290 1600 677 716 1513 641 43 2081 694 437 619 1774 1639 415 384 408 388 516 368 924 251 362
is_linear=0
shrinkage=0.05


Tree=46
num_leaves=31
num_cat=0
split_feature=9 11 7 7 4 11 11 5 9 4 7 21 4 8 9 14 4 13 5 5 14 11 5 21 7 14 4 4 11 5
split_gain=5.58731e+08 1.37483e+08 1.25772e+08 5.1844e+07 4.68555e+07 4.04438e+07 3.32507e+07 3.00759e+07 2.72322e+07 2.23968e+07 1.87887e+07 1.76814e+07 2.01129e+07 1.50519e+07 1.5015e+07 1.47276e+07 1.43566e+07 1.33302e+07 1.3311e+07 1.04783e+07 1.03522e+07 9.52317e+06 9.04239e+06 8.98916e+06 9.1852e+06 8.78353e+06 8.42227e+06 8.38558e+06 7.98977e+06 7.58332e+06
threshold=8.5000000000000018 24.500000000000004 2.5000000000000004 5.5000000000000009 11.500000000000002 15.500000000000002 38.500000000000007 6.5000000000000009 3.5000000000000004 7.5000000000000009 7.5000000000000009 2.5000000000000004 1.0000000180025095e-35 6.5000000000000009 18.500000000000004 14.500000000000002 1.0000000180025095e-35 7.5000000000000009 1.0000000180025095e-35 1.0000000180025095e-35 2.5000000000000004 8.5000000000000018 1.5000000000000002 2.5000000000000004 11.500000000000002 3.5000000000000004 3.5000000000000004 1.5000000000000002 31.500000000000004 1.0000000180025095e-35
decision_type=2 2 2 2 2 2 2 2 2 2 2 2 2 2 2 2 2 2 2 2 2 2 2 2 2 2 2 2 2 2
left_child=2 3 8 15 5 13 11 9 17 23 22 12 -3 18 28 27 21 -1 25 -11 -19 -10 -7 24 -5 -4 -20 -2 -14 -17
right_child=1 6 4 7 -6 10 -8 -9 16 19 -12 -13 14 -15 -16 29 -18 20 26 -21 -22 -23 -24 -25 -26 -27 -28 -29 -30 -31
leaf_value=-40.643476937033917 1.0342981526984814 27.227322623911494 -31.415883946822863 15.379915643432765 49.35418382991444 1.0528809714379113 94.492829117408178 78.770833206176761 -19.36913179110228 32.533568682670591 25.815609695514041 75.453794533865789 37.307056347790521 -0.10777165310023583 85.980190918662345 10.320947901040011 0.0095788396032232999 -36.055865810073428 -4.6601179668054371 72.414036842754911 -19.569729758619918 -11.159227804735075 15.683464060993646 47.987327438354498 38.034291512625565 -11.507575381214643 16.799762394644997 16.799788363607306 63.503537983364531 24.467486608344899
leaf_weight=99 752 341 59 515 44 627 26 24 609 40 108 28 152 584 22 586 190 107 271 28 865 841 127 25 49 909 55 95 36 113
leaf_count=99 752 341 59 515 44 627 26 24 609 40 108 28 152 584 22 586 190 107 271 28 865 841 127 25 49 909 55 95 36 113
internal_value=-3.19038e-08 18.0411 -9.298 12.2991 -1.83338 -2.65537 39.1775 23.7936 -16.9636 21.7853 6.31095 36.6936 34.7239 -6.77091 46.897 7.23588 -12.914 -23.1648 -9.77807 48.9549 -21.3846 -14.6074 3.51718 18.6486 17.3481 -12.721 -1.03959 2.80256 42.3234 12.6079
internal_weight=8327 2832 5495 2227 2784 2740 605 681 2711 657 862 579 551 1878 210 1546 1640 1071 1294 68 972 1450 754 589 564 968 326 847 188 699
internal_count=8327 2832 5495 2227 2784 2740 605 681 2711 657 862 579 551 1878 210 1546 1640 1071 1294 68 972 1450 754 589 564 968 326 847 188 699
is_linear=0
shrinkage=0.05


Tree=47
num_leaves=31
num_cat=0
split_feature=13 14 13 13 4 4 14 5 5 5 14 13 9 4 13 5 14 4 5 14 9 10 12 5 0 14 14 12 13 12
split_gain=5.07423e+08 1.49444e+08 6.62288e+07 4.73884e+07 4.0114e+07 3.4921e+07 2.82972e+07 2.56161e+07 2.46804e+07 2.14719e+07 2.0128e+07 1.73758e+07 1.63028e+07 1.59229e+07 1.55916e+07 1.49047e+07 1.37802e+07 1.35224e+07 1.24894e+07 1.10149e+07 1.04408e+07 9.51722e+06 9.49551e+06 9.45945e+06 9.25616e+06 8.97972e+06 8.1061e+06 7.94562e+06 8.44916e+06 7.92288e+06
threshold=23.500000000000004 17.500000000000004 13.500000000000002 45.500000000000007 1.5000000000000002 7.5000000000000009 9.5000000000000018 1.0000000180025095e-35 1.0000000180025095e-35 3.5000000000000004 11.500000000000002 8.5000000000000018 16.500000000000004 12.500000000000002 32.500000000000007 1.5000000000000002 25.500000000000004 6.5000000000000009 3.5000000000000004 19.500000000000004 17.500000000000004 11.500000000000002 1.5000000000000002 1.0000000180025095e-35 9.5000000000000018 5.5000000000000009 2.5000000000000004 2.5000000000000004 33.500000000000007 2.5000000000000004
decision_type=2 2 2 2 2 2 2 2 2 2 2 2 2 2 2 2 2 2 2 2 2 2 2 2 2 2 2 2 2 2
left_child=2 5 11 7 10 6 -2 16 20 14 23 -1 21 18 -8 25 27 -9 -6 22 -5 -10 -12 26 -7 -13 -4 -3 -29 -28
right_child=1 3 4 8 13 24 9 17 12 -11 19 15 -14 -15 -16 -17 -18 -19 -20 -21 -22 -23 -24 -25 -26 -27 29 28 -30 -31
leaf_value=-32.319325568557772 -4.3721965095696147 20.60179167881267 -31.705227212111158 31.172642867515489 1.4240023513352895 17.124010318976183 3.5745456789054062 32.941684452309666 27.44046168804169 29.14278521396346 1.335056553595775 -24.868014154910483 104.17733726501466 45.919491676662282 13.532613583850233 1.6072985586299691 33.557919625119048 71.721534479581393 33.196693787430277 21.997424231019131 53.172040889422107 73.71544088745118 -10.486958501995749 -3.2889257942499377 45.059223269034128 -15.509402773250622 -11.528132255294578 -2.4165905571858821 15.114871233205001 -21.317565609385937
leaf_weight=242 555 262 60 192 493 52 1112 166 20 118 370 428 24 23 608 93 111 26 33 43 75 25 314 253 69 639 1383 109 186 243
leaf_count=242 555 262 60 192 493 52 1112 166 20 118 370 428 24 23 608 93 111 26 33 43 75 25 314 253 69 639 1383 109 186 243
internal_value=-2.09509e-08 13.7691 -11.0641 28.3183 -7.1096 6.84747 5.52236 22.0973 44.2411 8.5101 -9.64405 -20.1325 70.8978 5.19795 7.09461 -17.5901 17.4709 38.1931 3.41735 -2.54889 37.3522 53.1488 -4.09201 -12.3043 33.054 -19.2634 -13.6571 14.265 8.63714 -12.9911
internal_weight=8327 3710 4617 1196 3215 2514 2393 860 336 1838 2666 1402 69 549 1720 1160 668 192 526 727 267 45 684 1939 121 1067 1686 557 295 1626
internal_count=8327 3710 4617 1196 3215 2514 2393 860 336 1838 2666 1402 69 549 1720 1160 668 192 526 727 267 45 684 1939 121 1067 1686 557 295 1626
is_linear=0
shrinkage=0.05


Tree=48
num_leaves=31
num_cat=0
split_feature=9 7 11 14 7 4 5 14 5 4 13 9 4 13 11 13 5 21 5 14 7 14 8 5 4 5 7 10 13 7
split_gain=4.61841e+08 1.15616e+08 1.04728e+08 4.6077e+07 3.23104e+07 3.1922e+07 3.01236e+07 2.47138e+07 2.24717e+07 2.15945e+07 1.97876e+07 1.79344e+07 1.72181e+07 1.23758e+07 1.22054e+07 1.20768e+07 1.02381e+07 9.87086e+06 9.6472e+06 1.07411e+07 9.38198e+06 8.98713e+06 8.72462e+06 8.27409e+06 7.89948e+06 7.32775e+06 7.49565e+06 7.15917e+06 6.98164e+06 6.8942e+06
threshold=8.5000000000000018 5.5000000000000009 10.500000000000002 26.500000000000004 4.5000000000000009 1.5000000000000002 6.5000000000000009 18.500000000000004 1.0000000180025095e-35 7.5000000000000009 10.500000000000002 14.500000000000002 13.500000000000002 33.500000000000007 15.500000000000002 22.500000000000004 1.5000000000000002 2.5000000000000004 1.0000000180025095e-35 16.500000000000004 10.500000000000002 4.5000000000000009 6.5000000000000009 3.5000000000000004 1.0000000180025095e-35 1.5000000000000002 9.5000000000000018 12.500000000000002 6.5000000000000009 11.500000000000002
decision_type=2 2 2 2 2 2 2 2 2 2 2 2 2 2 2 2 2 2 2 2 2 2 2 2 2 2 2 2 2 2
left_child=2 7 5 6 15 10 9 13 24 11 28 17 14 23 -6 -4 21 29 27 -20 22 -12 -16 -2 -5 26 -7 -11 -1 -3
right_child=1 3 4 8 12 25 -8 -9 -10 18 16 -13 -14 -15 20 -17 -18 -19 19 -21 -22 -23 -24 -25 -26 -27 -28 -29 -30 -31
leaf_value=-43.233278486078433 1.3732043950083834 13.554524724613538 -8.2301809226889606 37.247913165451727 -1.2728163214268224 -7.5136638676484928 66.673761068071641 19.69994731809453 96.586648723057351 21.016012070395732 -23.031475186301638 33.064833281666459 51.036273592168641 13.438172016143799 -1.1629046958000935 -0.56399307679505906 -2.035590279278932 48.505678699327554 36.705749797821049 87.333927067843362 37.140161317937519 -14.305762603892951 15.403566091520744 23.306855966779921 68.094624522225615 12.520273554503028 22.661189378391612 56.499161384219214 -24.386299805359315 33.505719945278571
leaf_weight=55 966 550 1157 73 310 319 42 370 28 44 386 217 22 335 122 924 135 23 20 22 34 1253 228 45 29 67 22 21 461 47
leaf_count=55 966 550 1157 73 310 319 42 370 28 44 386 217 22 335 122 924 135 23 20 22 34 1253 228 45 29 67 22 21 461 47
internal_value=-8.48285e-09 16.4025 -8.45346 28.9298 -1.67405 -15.4816 25.2408 8.2553 56.9098 23.3974 -17.7773 20.6935 7.48761 5.1093 6.10711 -4.82626 -15.2706 16.3635 44.5481 63.2253 12.0649 -16.3608 9.62897 2.34948 46.0181 -2.5967 -5.5669 32.4798 -26.3952 15.1252
internal_weight=8327 2832 5495 1116 2797 2698 986 1716 130 944 2290 837 716 1346 694 2081 1774 620 107 42 384 1639 350 1011 102 408 341 65 516 597
internal_count=8327 2832 5495 1116 2797 2698 986 1716 130 944 2290 837 716 1346 694 2081 1774 620 107 42 384 1639 350 1011 102 408 341 65 516 597
is_linear=0
shrinkage=0.05


Tree=49
num_leaves=31
num_cat=0
split_feature=14 13 13 13 4 4 21 5 7 14 5 14 5 14 14 9 13 5 12 4 12 5 4 13 7 12 5 14 4 7
split_gain=4.20571e+08 1.05837e+08 1.0409e+08 3.82235e+07 2.95679e+07 2.90094e+07 2.64158e+07 2.48588e+07 2.32736e+07 2.24088e+07 1.85801e+07 1.78958e+07 1.73949e+07 1.62231e+07 1.37109e+07 1.1853e+07 1.0913e+07 1.08535e+07 1.03228e+07 1.00124e+07 9.70928e+06 9.43315e+06 1.3074e+07 8.82924e+06 7.76529e+06 7.22276e+06 6.78625e+06 7.7454e+06 6.59215e+06 6.25419e+06
threshold=13.500000000000002 18.500000000000004 33.500000000000007 61.500000000000007 1.5000000000000002 3.5000000000000004 2.5000000000000004 1.0000000180025095e-35 11.500000000000002 3.5000000000000004 1.0000000180025095e-35 28.500000000000004 4.5000000000000009 8.5000000000000018 22.500000000000004 15.500000000000002 9.5000000000000018 5.5000000000000009 1.5000000000000002 6.5000000000000009 1.0000000180025095e-35 1.0000000180025095e-35 8.5000000000000018 24.500000000000004 2.5000000000000004 1.0000000180025095e-35 2.5000000000000004 23.500000000000004 1.0000000180025095e-35 8.5000000000000018
decision_type=2 2 2 2 2 2 2 2 2 2 2 2 2 2 2 2 2 2 2 2 2 2 2 2 2 2 2 2 2 2
left_child=1 5 8 4 6 9 15 13 12 -1 16 21 14 25 18 26 -11 19 23 -9 -18 -6 -23 -2 -15 -3 27 -4 -20 -7
right_child=2 7 3 -5 11 29 -8 17 -10 10 -12 -13 -14 24 -16 -17 20 -19 28 -21 -22 22 -24 -25 -26 -27 -28 -29 -30 -31
leaf_value=-28.019214134536572 4.1338495117132785 4.2765964269638062 10.164081881415873 85.827358521355521 28.435887373162206 1.3517036505540212 57.78083979288737 4.1038608008153217 47.63562404905047 -25.604966365316962 -3.0792678380339051 78.536382019042975 33.970512923598292 -6.7333775116950711 23.355670993182127 28.807316635864709 -8.0776992635969211 27.24866040642582 -2.404337418373784 33.874650650024414 -16.715738685836943 36.450481213372335 75.21593760786385 17.532422696733938 1.8974237880618892 -10.950488726268667 33.009395579074294 25.035806253389879 7.5755544424057009 28.841958204905197
leaf_weight=335 305 88 429 27 214 150 45 482 35 257 324 25 55 343 98 203 433 67 577 30 1308 87 29 206 1085 677 47 110 232 24
leaf_count=335 305 88 429 27 214 150 45 482 35 257 324 25 55 343 98 203 433 67 577 30 1308 87 29 206 1085 677 47 110 232 24
internal_value=-1.29435e-08 -7.835 16.1158 27.0002 25.6644 -14.6349 20.5201 -0.89034 7.339 -15.9302 -14.186 37.7497 6.38151 -3.32329 5.31141 18.395 -15.9871 8.32463 3.97176 5.84824 -14.5674 34.6598 46.1418 9.53523 -0.175661 -9.19888 14.788 13.1991 0.457634 5.14346
internal_weight=8327 5603 2724 1216 1189 2831 834 2772 1508 2657 2322 355 1473 2193 1418 789 1998 579 1320 512 1741 330 116 511 1428 765 586 539 809 174
internal_count=8327 5603 2724 1216 1189 2831 834 2772 1508 2657 2322 355 1473 2193 1418 789 1998 579 1320 512 1741 330 116 511 1428 765 586 539 809 174
is_linear=0
shrinkage=0.05


Tree=50
num_leaves=31
num_cat=0
split_feature=9 11 7 7 4 5 8 14 14 7 7 13 5 5 14 5 13 21 13 5 14 4 4 9 5 14 4 14 13 4
split_gain=3.8217e+08 9.65181e+07 8.59612e+07 3.84761e+07 3.55439e+07 3.05169e+07 2.75978e+07 2.56704e+07 2.01453e+07 1.9515e+07 1.78869e+07 1.48458e+07 1.43896e+07 1.39298e+07 1.28285e+07 1.21873e+07 1.01574e+07 9.28382e+06 9.25929e+06 8.39372e+06 8.85915e+06 8.31307e+06 7.8537e+06 7.31327e+06 7.24236e+06 6.95739e+06 6.71949e+06 6.61416e+06 6.18972e+06 5.93693e+06
threshold=8.5000000000000018 25.500000000000004 2.5000000000000004 4.5000000000000009 11.500000000000002 6.5000000000000009 6.5000000000000009 33.500000000000007 4.5000000000000009 10.500000000000002 11.500000000000002 57.500000000000007 3.5000000000000004 1.5000000000000002 14.500000000000002 1.5000000000000002 9.5000000000000018 2.5000000000000004 15.500000000000002 1.0000000180025095e-35 18.500000000000004 1.0000000180025095e-35 5.5000000000000009 11.500000000000002 1.0000000180025095e-35 1.5000000000000002 1.0000000180025095e-35 3.5000000000000004 10.500000000000002 1.0000000180025095e-35
decision_type=2 2 2 2 2 2 2 2 2 2 2 2 2 2 2 2 2 2 2 2 2 2 2 2 2 2 2 2 2 2
left_child=2 3 8 21 6 10 9 11 25 12 14 13 16 29 -5 18 -4 22 26 -8 -21 23 -16 -2 -24 -1 -10 -18 -27 -3
right_child=1 7 4 5 -6 -7 19 -9 15 -11 -12 -13 -14 -15 17 -17 27 -19 -20 20 -22 -23 24 -25 -26 28 -28 -29 -30 -31
leaf_value=-39.991000000000007 -0.071879205426754939 19.833953227888458 -30.182491896702693 6.7583601596863119 43.064074277877808 62.05338258485537 1.6786990471500181 90.226768054962164 -17.587759007959885 25.131322727600732 39.9205635411044 55.493279938619644 10.675089167242959 48.060015126723279 14.916955919321737 2.7987158754578343 -23.036023258095359 46.651271854128161 -9.2400867966647002 8.7904356558533276 38.783162794794357 13.91759530901909 21.25338510477318 9.0640302159175103 53.471417405055121 -28.63404857036544 -5.0279012910590692 -6.9512853635913503 -17.025498946248398 33.445029277650143
leaf_weight=50 714 220 52 371 44 37 849 20 888 48 72 61 105 79 511 135 67 28 970 204 28 198 53 316 26 164 121 1387 383 126
leaf_count=50 714 220 52 371 44 37 849 20 888 48 72 61 105 79 511 135 67 28 970 204 28 198 53 316 26 164 121 1387 383 126
internal_value=-1.92634e-08 14.9208 -7.68983 10.6155 -1.51866 17.4163 -2.23458 34.7113 -14.0272 -6.2852 15.8597 32.4267 -7.22126 29.116 14.108 -11.7367 -8.46901 18.5202 -12.7282 3.98186 12.4102 4.53469 17.1852 2.73098 31.8568 -22.1379 -16.0816 -7.69247 -20.5059 24.7906
internal_weight=8327 2832 5495 2326 2784 1098 2740 506 2711 1659 1061 486 1611 425 989 2114 1506 618 1979 1081 232 1228 590 1030 79 597 1009 1454 547 346
internal_count=8327 2832 5495 2326 2784 1098 2740 506 2711 1659 1061 486 1611 425 989 2114 1506 618 1979 1081 232 1228 590 1030 79 597 1009 1454 547 346
is_linear=0
shrinkage=0.05


Tree=51
num_leaves=31
num_cat=0
split_feature=14 13 13 13 5 5 4 13 7 14 4 5 21 4 5 14 14 12 12 9 1 13 14 4 12 13 5 4 12 3
split_gain=3.46198e+08 8.81696e+07 8.58332e+07 3.22062e+07 3.04538e+07 2.50576e+07 2.22896e+07 2.22335e+07 1.94823e+07 1.59121e+07 1.5912e+07 1.61392e+07 1.55825e+07 1.54323e+07 1.45334e+07 1.19174e+07 1.17165e+07 1.16662e+07 9.44224e+06 8.7357e+06 8.59153e+06 7.55538e+06 7.28689e+06 6.1756e+06 5.61919e+06 5.59572e+06 5.42892e+06 5.2943e+06 4.98747e+06 4.91646e+06
threshold=13.500000000000002 21.500000000000004 33.500000000000007 61.500000000000007 1.0000000180025095e-35 6.5000000000000009 1.5000000000000002 12.500000000000002 11.500000000000002 28.500000000000004 7.5000000000000009 3.5000000000000004 2.5000000000000004 5.5000000000000009 4.5000000000000009 8.5000000000000018 22.500000000000004 1.0000000180025095e-35 1.5000000000000002 15.500000000000002 4.5000000000000009 24.500000000000004 2.5000000000000004 12.500000000000002 1.0000000180025095e-35 22.500000000000004 4.5000000000000009 1.5000000000000002 2.5000000000000004 1.0000000180025095e-35
decision_type=2 2 2 2 2 2 2 2 2 2 2 2 2 2 2 2 2 2 2 2 2 2 2 2 2 2 2 2 2 2
left_child=1 4 8 5 7 6 12 20 14 23 11 15 19 26 16 24 18 -9 21 28 -1 -2 -19 -8 -3 -20 -6 -24 -4 -17
right_child=2 10 3 -5 13 -7 9 17 -10 -11 -12 -13 -14 -15 -16 29 -18 22 25 -21 -22 -23 27 -25 -26 -27 -28 -29 -30 -31
leaf_value=-27.847467797983157 3.8833243891108236 10.074989982084794 19.3677935389181 78.504043070475262 -4.4581770388909225 62.694592089530751 27.002748945398608 -3.2891810941594155 43.520193185806278 71.918121814727783 25.329731141275435 18.213391946564037 49.120563414290146 34.466400787748135 30.993423516533593 -0.46267571277096969 21.477740336315975 -29.107931012373708 -7.4659001892351586 24.990858980362791 -17.156789852771084 16.277713504780845 -13.163312897205877 47.79936538556727 -8.59913298522339 2.454369675602913 14.269760289078668 -4.8943059756420553 9.4937750825138068 5.9559485276208299
leaf_weight=260 305 44 192 27 492 39 276 409 35 24 67 121 37 29 55 791 98 65 184 197 678 206 1425 41 477 625 42 224 383 479
leaf_count=260 305 44 192 27 492 39 276 409 35 24 67 121 37 29 55 791 98 65 184 197 678 206 1425 41 477 625 42 224 383 479
internal_value=-2.55558e-08 -7.10855 14.6216 24.5055 -11.7435 23.2793 21.9426 -13.7092 6.65155 32.6644 1.37916 0.539883 17.4232 -1.05607 5.77552 -0.65414 4.79739 -10.8767 3.559 15.9041 -20.1201 8.87989 -12.6873 29.6925 -7.02205 0.198091 -2.98519 -12.0401 12.7908 1.95821
internal_weight=8327 5603 2724 1216 3624 1189 1150 3061 1508 341 1979 1912 809 563 1473 1791 1418 2123 1320 772 938 511 1714 317 521 809 534 1649 575 1270
internal_count=8327 5603 2724 1216 3624 1189 1150 3061 1508 341 1979 1912 809 563 1473 1791 1418 2123 1320 772 938 511 1714 317 521 809 534 1649 575 1270
is_linear=0
shrinkage=0.05


Tree=52
num_leaves=31
num_cat=0
split_feature=9 7 11 7 5 10 4 4 5 14 8 13 9 9 5 5 4 5 14 11 14 4 7 5 4 14 11 12 2 4
split_gain=3.15334e+08 8.10738e+07 7.14153e+07 3.73963e+07 2.79968e+07 2.57393e+07 2.51429e+07 2.45355e+07 2.04465e+07 1.72253e+07 1.53742e+07 1.31492e+07 9.73861e+06 9.42794e+06 9.08809e+06 8.97052e+06 8.88633e+06 8.69919e+06 8.51925e+06 7.18473e+06 7.13804e+06 6.42616e+06 6.41107e+06 6.05903e+06 5.89777e+06 5.874e+06 5.77962e+06 5.77224e+06 5.3405e+06 7.07815e+06
threshold=8.5000000000000018 5.5000000000000009 10.500000000000002 15.500000000000002 6.5000000000000009 12.500000000000002 12.500000000000002 1.0000000180025095e-35 1.0000000180025095e-35 18.500000000000004 6.5000000000000009 8.5000000000000018 14.500000000000002 17.500000000000004 1.5000000000000002 3.5000000000000004 3.5000000000000004 7.5000000000000009 2.5000000000000004 12.500000000000002 2.5000000000000004 7.5000000000000009 11.500000000000002 2.5000000000000004 3.5000000000000004 9.5000000000000018 15.500000000000002 1.0000000180025095e-35 1.0000000180025095e-35 1.0000000180025095e-35
decision_type=2 2 2 2 2 2 2 2 2 2 2 2 2 2 2 2 2 2 2 2 2 2 2 2 2 2 2 2 2 2
left_child=2 9 7 4 5 12 8 11 10 14 -4 -1 22 21 19 20 17 25 -13 -2 -9 -7 -3 27 -22 -10 -18 -20 -11 -30
right_child=1 3 6 -5 -6 13 -8 15 16 28 -12 18 -14 -15 -16 -17 26 -19 23 -21 24 -23 -24 -25 -26 -27 -28 -29 29 -31
leaf_value=-28.047036553839202 -2.7317314997968012 11.767039815725958 -7.5299227064165457 78.192269172976097 61.108459676106776 26.409484711446261 41.348028832674032 -29.452815963482035 -4.394391913922493 7.2265535620461527 0.97777880151221097 -26.845861632649491 25.837346563152238 54.529138016214176 15.451903481571339 23.70128301211766 10.697915779672018 35.680018415905181 -8.7432815680970677 5.4389634974654744 -7.4199655980727703 52.24964472566333 32.747045390422528 2.7984622963687831 3.8400110890051566 7.1643253648794927 39.307601485713839 -15.434505953057958 15.939098702474396 36.171126408143479
leaf_weight=186 411 549 1310 31 45 171 34 29 177 113 893 123 204 49 156 28 41 21 429 779 383 28 39 57 167 290 31 1296 202 55
leaf_count=186 411 549 1310 31 45 171 34 29 177 113 893 123 204 49 156 28 41 21 429 779 383 28 39 57 167 290 31 1296 202 55
internal_value=-1.62791e-09 13.5534 -6.98512 24.0438 22.4967 20.826 -1.38682 -12.7889 -1.91269 6.73101 -4.08127 -15.3579 16.4243 34.8828 4.10454 -3.93914 6.61835 4.19903 -14.1189 2.61698 -5.27581 30.0453 13.1586 -13.2404 -4.00103 2.7834 23.016 -13.7704 16.2857 20.2689
internal_weight=8327 2832 5495 1116 1085 1040 2797 2698 2763 1716 2203 2091 792 248 1346 607 560 488 1905 1190 579 199 588 1782 550 467 72 1725 370 257
internal_count=8327 2832 5495 1116 1085 1040 2797 2698 2763 1716 2203 2091 792 248 1346 607 560 488 1905 1190 579 199 588 1782 550 467 72 1725 370 257
is_linear=0
shrinkage=0.05


Tree=53
num_leaves=31
num_cat=0
split_feature=9 7 14 14 4 7 5 4 21 11 13 5 9 14 5 5 0 4 9 5 4 5 12 14 10 7 4 13 11 12
split_gain=2.85804e+08 1.17578e+08 4.8743e+07 3.56743e+07 2.1893e+07 2.1797e+07 2.02125e+07 1.67778e+07 1.59563e+07 1.50785e+07 1.30862e+07 1.18392e+07 1.14573e+07 1.01727e+07 8.96762e+06 8.34418e+06 7.9854e+06 7.97608e+06 7.53892e+06 7.40133e+06 7.27194e+06 6.51558e+06 5.87754e+06 6.00878e+06 5.743e+06 5.71464e+06 5.5346e+06 5.41414e+06 5.37471e+06 7.45373e+06
threshold=6.5000000000000009 4.5000000000000009 22.500000000000004 5.5000000000000009 7.5000000000000009 12.500000000000002 1.0000000180025095e-35 1.0000000180025095e-35 2.5000000000000004 18.500000000000004 16.500000000000004 5.5000000000000009 11.500000000000002 2.5000000000000004 1.0000000180025095e-35 5.5000000000000009 16.500000000000004 3.5000000000000004 13.500000000000002 2.5000000000000004 1.0000000180025095e-35 3.5000000000000004 1.5000000000000002 13.500000000000002 9.5000000000000018 8.5000000000000018 1.5000000000000002 23.500000000000004 38.500000000000007 5.5000000000000009
decision_type=2 2 2 2 2 2 2 2 2 2 2 2 2 2 2 2 2 2 2 2 2 2 2 2 2 2 2 2 2 2
left_child=3 7 4 13 8 11 10 12 9 21 20 28 22 -1 18 26 19 -15 -11 -6 -5 -3 27 -24 -10 -20 -8 -2 29 -4
right_child=1 2 5 6 16 -7 15 -9 24 14 -12 -13 -14 17 -16 -17 -18 -19 25 -21 -22 -23 23 -25 -26 -27 -28 -29 -30 -31
leaf_value=-28.336078541348964 -2.2438164857966183 4.2530017796273052 29.680836093712511 -14.683622000318744 21.805294318880357 76.001946043968204 -2.9878596145386571 10.878343905136948 25.505053206043026 8.7420936693835767 -5.3292307196123501 66.780538994925365 7.8258949906510473 -16.243366481015308 25.80415964310999 25.155714030362464 61.564003610610968 2.5859158690770467 17.451316870930039 52.076660934448242 -3.5275199291042307 22.054542056151803 -8.3296513869024036 0.18326054839692879 57.605553574995568 42.823639965057374 8.5368737193743396 6.7789740528670555 53.343178205490112 8.4146464146673683
leaf_weight=170 452 626 291 859 105 28 341 389 38 339 1363 21 340 898 181 37 20 60 107 25 176 56 536 338 22 28 150 263 20 48
leaf_count=170 452 626 291 859 105 28 341 389 38 339 1363 21 340 898 181 37 20 60 107 25 176 56 536 338 22 28 150 263 20 48
internal_value=4.79165e-09 9.02268 18.054 -9.51009 13.9995 33.4273 -6.59788 1.40569 12.0504 10.9184 -8.54788 30.2902 -0.504552 -17.0643 16.3366 2.25839 32.1517 -15.0641 12.7214 27.6267 -12.7865 5.71471 -2.28703 -5.03747 37.2752 22.7137 0.532935 1.07506 28.1557 26.6697
internal_weight=8327 4273 1955 4054 1547 408 2926 2318 1397 1337 2398 380 1929 1128 655 528 150 958 474 130 1035 682 1589 874 60 135 491 715 359 339
internal_count=8327 4273 1955 4054 1547 408 2926 2318 1397 1337 2398 380 1929 1128 655 528 150 958 474 130 1035 682 1589 874 60 135 491 715 359 339
is_linear=0
shrinkage=0.05


Tree=54
num_leaves=31
num_cat=0
split_feature=11 9 7 14 7 14 14 21 5 4 4 4 4 4 13 14 15 5 9 9 12 13 7 13 9 21 5 5 14 8
split_gain=2.60522e+08 7.13722e+07 7.03027e+07 3.69035e+07 2.29872e+07 1.73802e+07 1.61993e+07 1.59388e+07 1.54582e+07 1.32616e+07 1.27499e+07 1.22676e+07 1.21508e+07 1.06043e+07 1.04615e+07 1.03979e+07 9.36057e+06 9.02804e+06 8.52246e+06 7.19566e+06 6.74936e+06 5.71436e+06 5.6251e+06 5.61613e+06 5.54739e+06 4.90419e+06 4.86052e+06 4.59286e+06 4.51346e+06 4.51015e+06
threshold=15.500000000000002 5.5000000000000009 4.5000000000000009 24.500000000000004 11.500000000000002 3.5000000000000004 33.500000000000007 2.5000000000000004 2.5000000000000004 13.500000000000002 2.5000000000000004 1.5000000000000002 1.0000000180025095e-35 7.5000000000000009 15.500000000000002 16.500000000000004 9.5000000000000018 1.5000000000000002 7.5000000000000009 8.5000000000000018 5.5000000000000009 5.5000000000000009 9.5000000000000018 49.500000000000007 11.500000000000002 1.5000000000000002 2.5000000000000004 1.5000000000000002 27.500000000000004 7.5000000000000009
decision_type=2 2 2 2 2 2 2 2 2 2 2 2 2 2 2 2 2 2 2 2 2 2 2 2 2 2 2 2 2 2
left_child=1 5 12 4 7 -1 17 10 9 15 18 14 24 -6 21 19 -12 20 -4 29 22 -7 -5 -20 -2 -18 -23 -13 -19 -3
right_child=2 8 3 6 13 11 -8 -9 -10 -11 16 27 -14 -15 -16 -17 25 28 23 -21 -22 26 -24 -25 -26 -27 -28 -29 -30 -31
leaf_value=-21.98766418423342 -1.0523521556642288 -6.1903208305280151 -0.071653818967622088 27.969187825673249 28.893828787122455 -41.491410369873051 79.367422027587907 39.053222288290662 13.286809346487647 39.037844667434697 16.538491271449402 -4.5153558627007504 14.492323141360714 65.310565990871851 -7.8808383528556192 9.4245940653104636 51.374447172338307 38.479539569218957 10.307213221126766 1.039177363326675 5.781548057753465 -15.119976026578286 52.811945063979536 22.80162317911784 8.3608831727199071 25.479176837642019 3.5482655710644195 10.273408996491206 70.640594730377202 0.91268157300082131
leaf_weight=368 793 1193 179 146 77 20 20 60 190 20 226 315 194 27 929 189 33 24 627 798 29 1108 27 105 195 41 36 63 20 275
leaf_count=368 793 1193 179 146 77 20 20 60 190 20 226 315 194 27 929 189 33 24 627 798 29 1108 27 105 195 41 36 63 20 275
internal_value=-2.06936e-08 -6.33379 12.349 19.0456 15.7477 -11.8503 36.0931 13.8984 -0.457149 -1.51224 12.6521 -10.3405 3.05192 38.3482 -11.8377 -1.84259 21.5923 32.5748 9.70798 -2.78235 28.1044 -14.9957 31.8464 12.0994 0.805523 37.0271 -14.5325 -2.05056 53.0982 -4.85972
internal_weight=8327 5504 2823 1641 1375 2839 266 1271 2665 2475 1211 2471 1182 104 2093 2455 300 246 911 2266 202 1164 173 732 988 74 1144 378 44 1468
internal_count=8327 5504 2823 1641 1375 2839 266 1271 2665 2475 1211 2471 1182 104 2093 2455 300 246 911 2266 202 1164 173 732 988 74 1144 378 44 1468
is_linear=0
shrinkage=0.05


Tree=55
num_leaves=31
num_cat=0
split_feature=14 13 7 7 5 5 14 13 5 13 4 4 12 14 5 7 4 7 5 12 21 4 11 13 13 1 14 15 13 12
split_gain=2.37245e+08 7.40434e+07 5.232e+07 3.08115e+07 2.27513e+07 2.27094e+07 1.80095e+07 1.74735e+07 1.40606e+07 1.3699e+07 1.25969e+07 1.25128e+07 1.11572e+07 1.07571e+07 8.75282e+06 8.62999e+06 7.93687e+06 7.46427e+06 7.28059e+06 6.11791e+06 5.85609e+06 5.54535e+06 5.85075e+06 5.42279e+06 5.15617e+06 4.74688e+06 4.71313e+06 4.68335e+06 4.6383e+06 4.4813e+06
threshold=14.500000000000002 21.500000000000004 4.5000000000000009 15.500000000000002 6.5000000000000009 1.0000000180025095e-35 24.500000000000004 10.500000000000002 1.5000000000000002 42.500000000000007 5.5000000000000009 11.500000000000002 1.0000000180025095e-35 8.5000000000000018 5.5000000000000009 1.5000000000000002 7.5000000000000009 11.500000000000002 7.5000000000000009 1.5000000000000002 1.0000000180025095e-35 2.5000000000000004 29.500000000000004 6.5000000000000009 33.500000000000007 12.500000000000002 18.500000000000004 9.5000000000000018 29.500000000000004 2.5000000000000004
decision_type=2 2 2 2 2 2 2 2 2 2 2 2 2 2 2 2 2 2 2 2 2 2 2 2 2 2 2 2 2 2
left_child=1 5 26 4 6 7 9 23 11 17 14 13 -9 29 -7 -14 -8 19 25 -4 -17 -11 -23 -1 -21 -10 27 -2 -15 -3
right_child=2 8 3 -5 -6 10 16 12 18 21 -12 -13 15 28 -16 20 -18 -19 -20 24 -22 22 -24 -25 -26 -27 -28 -29 -30 -31
leaf_value=-33.546183081142239 3.3425949715727761 -3.3955912013999594 17.235620483966791 69.169787917598612 52.193821021488738 -3.585187468424694 26.406881525622477 -3.2350532278876623 2.6017233194531624 19.62784715349979 30.028571270406246 34.016028315932665 -16.499035946883065 -0.37764730010346576 27.289942955970766 -1.4427262149571221 55.096293184492325 33.126603168911402 38.314116046739663 2.0171064685959328 -10.496459725691427 26.941180835025655 58.445753383636479 -17.690571215973105 12.119583739174738 14.751254836774686 9.6673761529758053 -11.585603384159763 5.4107393816270326 -13.684817580916942
leaf_weight=61 558 329 198 31 49 527 225 553 148 227 32 27 565 881 24 207 27 36 23 263 1302 56 20 465 243 176 290 58 570 156
leaf_count=61 558 329 198 31 49 527 225 553 148 227 32 27 565 881 24 207 27 36 23 263 1302 56 20 465 243 176 290 58 570 156
internal_value=9.29754e-09 -5.18385 13.7403 19.8871 18.7504 -9.53478 17.485 -11.211 1.85297 14.5867 -0.469161 0.212871 -9.54548 -0.258557 -2.24035 -11.2281 29.4807 10.92 11.1311 9.78439 -9.2545 23.5417 35.2319 -19.5293 6.86869 9.20147 4.41142 1.93702 1.89622 -6.70512
internal_weight=8327 6046 2281 1375 1344 3736 1295 3153 2310 1043 583 1963 2627 1936 551 2074 252 740 347 704 1509 303 76 526 506 324 906 616 1451 485
internal_count=8327 6046 2281 1375 1344 3736 1295 3153 2310 1043 583 1963 2627 1936 551 2074 252 740 347 704 1509 303 76 526 506 324 906 616 1451 485
is_linear=0
shrinkage=0.05


Tree=56
num_leaves=31
num_cat=0
split_feature=9 7 9 14 7 5 14 4 21 5 4 8 9 14 4 11 7 4 5 7 12 5 10 4 5 14 10 13 3 13
split_gain=2.15538e+08 8.75396e+07 2.96285e+07 2.81678e+07 2.21933e+07 2.07916e+07 2.06466e+07 1.74948e+07 1.62159e+07 1.56406e+07 1.40327e+07 9.80945e+06 9.64599e+06 8.37072e+06 8.22745e+06 8.10141e+06 7.96924e+06 6.71126e+06 6.60265e+06 6.38131e+06 6.25188e+06 6.07515e+06 6.06319e+06 5.6486e+06 5.44911e+06 5.2748e+06 5.20075e+06 5.09497e+06 4.51196e+06 4.5099e+06
threshold=6.5000000000000009 5.5000000000000009 17.500000000000004 5.5000000000000009 10.500000000000002 6.5000000000000009 18.500000000000004 7.5000000000000009 2.5000000000000004 1.0000000180025095e-35 1.0000000180025095e-35 6.5000000000000009 11.500000000000002 2.5000000000000004 12.500000000000002 25.500000000000004 8.5000000000000018 1.5000000000000002 5.5000000000000009 11.500000000000002 1.5000000000000002 1.0000000180025095e-35 12.500000000000002 1.5000000000000002 1.5000000000000002 16.500000000000004 9.5000000000000018 8.5000000000000018 1.0000000180025095e-35 33.500000000000007
decision_type=2 2 2 2 2 2 2 2 2 2 2 2 2 2 2 2 2 2 2 2 2 2 2 2 2 2 2 2 2 2
left_child=3 6 5 13 22 7 10 8 15 11 12 16 20 -1 24 19 27 -15 -11 -3 28 26 -4 -8 -12 -23 -9 -5 -2 -22
right_child=1 2 4 9 -6 -7 23 21 -10 18 14 -13 -14 17 -16 -17 -18 -19 -20 -21 29 25 -24 -25 -26 -27 -28 -29 -30 -31
leaf_value=-25.196054755379173 -1.6760563493257594 6.900254776320037 22.797137977371754 -21.443982349352893 88.953438858985905 46.416315740909219 10.541171214639487 9.4588699541593861 43.880947220631136 0.58469997561876264 4.4581849228252066 -2.2927878120117398 7.2234471485296403 -14.945690763944208 36.800853942871093 18.520287504971474 19.21616189479828 -3.3664170190691949 22.487748053267197 22.964745059434108 -6.6112721432310426 32.089960396674371 46.099796376021011 26.3387727431397 17.952580152812757 65.025311851501471 34.580283864339194 -9.154015680690085 6.4410196014203649 2.6759808365302753
leaf_weight=170 494 680 71 89 20 53 364 38 39 491 352 678 322 810 25 266 24 148 37 68 757 31 46 67 95 20 45 1607 262 158
leaf_count=170 494 680 71 89 20 53 364 38 39 491 352 678 322 810 25 266 24 148 37 68 757 31 46 67 95 20 45 1607 262 158
internal_value=-6.50379e-09 7.83543 18.214 -8.2587 40.2792 15.7762 2.90058 14.4081 12.2427 -5.67095 1.13525 -7.3863 -0.700654 -14.9712 8.88728 11.0258 -9.39409 -13.1568 2.11957 8.36066 -2.22762 31.4242 31.9589 12.9969 7.32612 45.0058 23.0789 -9.79895 1.137 -5.00757
internal_weight=8327 4273 1377 4054 137 1240 2896 1187 1053 2926 2465 2398 1993 1128 472 1014 1720 958 528 748 1671 134 117 431 447 51 83 1696 756 915
internal_count=8327 4273 1377 4054 137 1240 2896 1187 1053 2926 2465 2398 1993 1128 472 1014 1720 958 528 748 1671 134 117 431 447 51 83 1696 756 915
is_linear=0
shrinkage=0.05


Tree=57
num_leaves=31
num_cat=0
split_feature=14 13 13 0 4 4 21 14 13 7 5 5 13 4 14 4 12 14 12 11 5 13 13 12 12 7 13 10 5 4
split_gain=1.96161e+08 5.00387e+07 4.949e+07 2.62465e+07 1.85204e+07 1.82873e+07 1.4243e+07 1.39375e+07 1.22758e+07 1.20141e+07 1.14048e+07 1.09649e+07 1.06429e+07 1.16791e+07 1.00406e+07 8.64252e+06 8.28353e+06 7.9196e+06 7.48499e+06 6.79593e+06 6.45842e+06 5.70534e+06 5.4564e+06 5.28112e+06 5.26879e+06 5.20898e+06 5.0363e+06 4.99414e+06 4.90295e+06 5.02971e+06
threshold=13.500000000000002 18.500000000000004 33.500000000000007 22.500000000000004 3.5000000000000004 15.500000000000002 2.5000000000000004 6.5000000000000009 7.5000000000000009 11.500000000000002 1.0000000180025095e-35 1.5000000000000002 55.500000000000007 2.5000000000000004 24.500000000000004 11.500000000000002 1.5000000000000002 2.5000000000000004 1.5000000000000002 30.500000000000004 1.0000000180025095e-35 25.500000000000004 12.500000000000002 5.5000000000000009 2.5000000000000004 2.5000000000000004 28.500000000000004 14.500000000000002 7.5000000000000009 6.5000000000000009
decision_type=2 2 2 2 2 2 2 2 2 2 2 2 2 2 2 2 2 2 2 2 2 2 2 2 2 2 2 2 2 2
left_child=1 4 9 5 8 6 12 -3 -1 14 15 17 13 23 16 24 21 -10 22 27 -18 -2 -19 -4 -9 -26 -16 -15 29 -12
right_child=2 7 3 -5 -6 -7 -8 10 11 -11 28 -13 -14 19 26 -17 20 18 -20 -21 -22 -23 -24 -25 25 -27 -28 -29 -30 -31
leaf_value=-26.487297204257999 4.4976239127508348 -8.9305623690287277 12.419961863495935 75.316786050796509 5.7767236214944688 63.809008375803629 42.317214776919442 0.62311845156557699 -22.778835071940374 33.906656161717009 5.2533750568626978 0.71499305933281998 33.49070080843839 16.5277650137531 45.432320766448981 30.27100198919123 -1.6671629272976292 -12.202931699732488 -14.992001468231312 42.25714351654053 9.2713187550356295 15.142989018391342 -6.1231854132485637 -2.0693614230639694 -12.786308037568325 -2.2753031749108974 13.634924215258975 36.188609766348819 31.891968369483948 25.773514203727245
leaf_weight=123 355 423 710 20 174 21 52 1227 141 35 447 207 77 188 20 22 703 627 662 40 167 195 897 69 161 440 33 39 20 32
leaf_count=123 355 423 710 20 174 21 52 1227 141 35 447 207 77 188 20 22 703 627 662 40 167 195 897 69 161 440 33 39 20 32
internal_value=-3.56556e-09 -5.35089 11.0062 18.5114 -10.0265 17.5615 16.7349 -0.57575 -11.0614 4.95435 0.928757 -10.3126 15.5503 14.2297 4.26642 -0.880649 3.4689 -11.2936 -10.5528 23.2542 0.432523 8.27189 -8.6245 11.1366 -1.25556 -5.09106 25.6339 19.9056 7.63697 6.62424
internal_weight=8327 5603 2724 1216 2831 1196 1175 2772 2657 1508 2349 2534 1123 1046 1473 1850 1420 2327 2186 267 870 550 1524 779 1828 601 53 227 499 479
internal_count=8327 5603 2724 1216 2831 1196 1175 2772 2657 1508 2349 2534 1123 1046 1473 1850 1420 2327 2186 267 870 550 1524 779 1828 601 53 227 499 479
is_linear=0
shrinkage=0.05


Tree=58
num_leaves=31
num_cat=0
split_feature=9 7 7 11 14 14 21 4 5 4 8 11 9 4 4 14 4 2 7 7 12 8 9 10 4 5 5 13 12 2
split_gain=1.78952e+08 7.28643e+07 2.66495e+07 2.52945e+07 2.34455e+07 1.70323e+07 1.64715e+07 1.30716e+07 1.23417e+07 1.2308e+07 1.09179e+07 9.34036e+06 8.16724e+06 7.39603e+06 7.02582e+06 6.83897e+06 6.73725e+06 6.02355e+06 6.01654e+06 5.68053e+06 5.50269e+06 5.33246e+06 5.13446e+06 5.12155e+06 4.8101e+06 4.80774e+06 4.66207e+06 4.55051e+06 4.48158e+06 4.12697e+06
threshold=6.5000000000000009 5.5000000000000009 18.500000000000004 38.500000000000007 5.5000000000000009 18.500000000000004 2.5000000000000004 1.0000000180025095e-35 4.5000000000000009 1.0000000180025095e-35 9.5000000000000018 10.500000000000002 11.500000000000002 2.5000000000000004 12.500000000000002 2.5000000000000004 1.5000000000000002 1.0000000180025095e-35 5.5000000000000009 10.500000000000002 1.5000000000000002 6.5000000000000009 16.500000000000004 9.5000000000000018 1.5000000000000002 2.5000000000000004 1.5000000000000002 6.5000000000000009 2.5000000000000004 1.0000000180025095e-35
decision_type=2 2 2 2 2 2 2 2 2 2 2 2 2 2 2 2 2 2 2 2 2 2 2 2 2 2 2 2 2 2
left_child=4 5 3 6 15 9 8 11 10 12 -3 -6 20 17 26 -1 -10 -12 25 21 -2 -9 -15 -8 -7 27 -11 -17 -21 -26
right_child=1 2 -4 -5 7 24 23 19 16 14 13 -13 -14 22 -16 18 -18 -19 -20 28 -22 -23 -24 -25 29 -27 -28 -29 -30 -31
leaf_value=-22.89134998128695 1.0660533946453441 7.8179106237933187 73.904069919586192 64.606074285507205 -10.587526325118667 9.5412597008213247 24.2601259443495 -3.267906598437015 21.966811750702941 4.1985009439289573 2.6239107730540825 -4.0958198938857429 6.6059735255049805 22.294628934540611 34.088648010253905 -33.488151168823244 51.399345503182246 17.21976576892953 5.2435926119486496 34.735216776529953 -4.6986141342494658 6.8723039586899688 45.777600107874193 53.623603289055097 5.0961136817932129 4.987762680318621 16.680377988752564 -13.00052479294175 4.1793373073850359 32.214194220684945
leaf_weight=170 756 638 20 26 1007 364 27 457 59 352 94 1232 322 138 25 28 29 285 48 21 915 181 28 33 20 36 95 846 28 47
leaf_count=170 756 638 20 26 1007 364 27 457 59 352 94 1232 322 138 25 28 29 285 48 21 915 181 28 33 20 36 95 846 28 47
internal_value=5.11325e-09 7.13952 16.6083 15.7638 -7.5252 2.63728 14.8097 -5.16431 13.6012 1.0339 12.2574 -7.01549 -0.685485 17.4545 8.29391 -13.6493 31.6662 13.5997 -12.0092 0.868871 -2.09054 -0.391138 26.2556 40.41 11.8074 -12.9193 6.85125 -13.6569 17.2747 24.1192
internal_weight=8327 4273 1377 1357 4054 2896 1331 2926 1271 2465 1183 2239 1993 545 472 1128 88 379 958 687 1671 638 166 60 431 910 447 874 49 67
internal_count=8327 4273 1377 1357 4054 2896 1331 2926 1271 2465 1183 2239 1993 545 472 1128 88 379 958 687 1671 638 166 60 431 910 447 874 49 67
is_linear=0
shrinkage=0.05


Tree=59
num_leaves=31
num_cat=0
split_feature=13 14 7 4 9 5 5 4 14 13 4 5 21 9 12 12 7 11 13 21 8 5 12 14 17 12 4 13 5 3
split_gain=1.63881e+08 5.16965e+07 2.56106e+07 2.41382e+07 1.97443e+07 1.70925e+07 1.60169e+07 1.47106e+07 1.28568e+07 1.16931e+07 1.04948e+07 9.29903e+06 8.71588e+06 8.01168e+06 7.32143e+06 6.80928e+06 6.75496e+06 6.6693e+06 6.6571e+06 6.54971e+06 6.29604e+06 6.13955e+06 6.03495e+06 5.88141e+06 5.54775e+06 5.48635e+06 4.72286e+06 4.6769e+06 4.61688e+06 4.52326e+06
threshold=22.500000000000004 17.500000000000004 15.500000000000002 2.5000000000000004 3.5000000000000004 8.5000000000000018 1.0000000180025095e-35 7.5000000000000009 9.5000000000000018 48.500000000000007 7.5000000000000009 5.5000000000000009 2.5000000000000004 8.5000000000000018 4.5000000000000009 1.5000000000000002 6.5000000000000009 5.5000000000000009 52.500000000000007 3.5000000000000004 6.5000000000000009 1.0000000180025095e-35 2.5000000000000004 25.500000000000004 1.5000000000000002 1.0000000180025095e-35 12.500000000000002 9.5000000000000018 1.5000000000000002 1.0000000180025095e-35
decision_type=2 2 2 2 2 2 2 2 2 2 2 2 2 2 2 2 2 2 2 2 2 2 2 2 2 2 2 2 2 2
left_child=3 5 6 4 17 7 9 8 25 15 18 19 21 26 16 -3 -11 -1 24 20 22 29 27 -17 -8 -2 28 -6 -5 -10
right_child=1 2 -4 13 11 -7 10 -9 12 14 -12 -13 -14 -15 -16 23 -18 -19 -20 -21 -22 -23 -24 -25 -26 -27 -28 -29 -30 -31
leaf_value=-20.094865336453346 10.976270082901266 18.591108497222265 69.368114306709984 -1.914334982862107 -16.51905636162985 49.602168178558351 16.417113735261321 20.185506519724115 0.26403447291551729 17.516175092969622 55.002560343061184 21.69139596262286 25.69396032779775 23.123461990356446 11.929879952573229 4.2505086284556786 42.445737613615449 -11.240446881624129 49.319827107020785 21.954196400869463 -0.87753590999273312 9.4753603574890786 -14.532209461666199 16.881695234984683 40.397190782002042 -5.1410288571350042 24.406003163077614 -5.6539121073330376 12.92094384602138 5.7766904142752509
leaf_weight=271 58 150 22 313 105 20 174 122 924 49 28 31 47 50 87 481 61 988 21 21 474 394 251 114 28 589 22 1746 63 623
leaf_count=271 58 150 22 313 105 20 174 122 924 49 28 31 47 50 87 481 61 988 21 21 474 394 251 114 28 589 22 1746 63 623
internal_value=5.21491e-09 7.30953 15.9116 -6.73117 -7.99783 3.54591 14.9259 3.2118 2.42592 11.9353 26.1494 -5.53132 4.41839 4.25879 22.7684 9.0707 31.3408 -13.1464 22.5265 -5.85627 -6.08298 3.90321 -7.25681 6.6706 19.7411 -3.6962 1.88886 -6.27025 0.571363 2.48406
internal_weight=8327 3992 1215 4335 3887 2777 1193 2757 2635 942 251 2628 1988 448 197 745 110 1259 223 2597 2576 1941 2102 595 202 647 398 1851 376 1547
internal_count=8327 3992 1215 4335 3887 2777 1193 2757 2635 942 251 2628 1988 448 197 745 110 1259 223 2597 2576 1941 2102 595 202 647 398 1851 376 1547
is_linear=0
shrinkage=0.05


Tree=60
num_leaves=31
num_cat=0
split_feature=13 14 14 5 4 4 7 14 9 5 4 9 8 13 4 2 2 12 21 8 4 7 14 12 12 3 4 12 13 13
split_gain=1.49356e+08 5.02955e+07 2.53137e+07 1.75925e+07 1.55281e+07 1.52099e+07 1.50538e+07 1.32629e+07 1.30636e+07 1.07269e+07 9.79103e+06 9.41479e+06 8.86228e+06 7.80568e+06 7.23276e+06 7.08085e+06 6.84429e+06 6.60882e+06 6.37426e+06 6.15926e+06 5.74851e+06 5.72165e+06 5.58959e+06 5.41985e+06 4.75768e+06 4.58442e+06 4.56519e+06 5.36171e+06 4.34791e+06 4.16139e+06
threshold=31.500000000000004 9.5000000000000018 27.500000000000004 1.0000000180025095e-35 3.5000000000000004 1.0000000180025095e-35 9.5000000000000018 4.5000000000000009 16.500000000000004 7.5000000000000009 5.5000000000000009 14.500000000000002 6.5000000000000009 16.500000000000004 9.5000000000000018 1.5000000000000002 1.0000000180025095e-35 2.5000000000000004 2.5000000000000004 10.500000000000002 1.0000000180025095e-35 5.5000000000000009 7.5000000000000009 1.5000000000000002 1.0000000180025095e-35 1.0000000180025095e-35 1.0000000180025095e-35 4.5000000000000009 10.500000000000002 38.500000000000007
decision_type=2 2 2 2 2 2 2 2 2 2 2 2 2 2 2 2 2 2 2 2 2 2 2 2 2 2 2 2 2 2
left_child=1 4 6 12 7 -4 11 28 -7 10 -5 18 24 -9 15 -8 -13 -15 22 -18 23 -6 -2 -14 -3 -26 27 -24 -1 -17
right_child=2 3 5 9 21 8 14 13 -10 -11 -12 16 20 17 -16 29 19 -19 -20 -21 -22 -23 26 -25 25 -27 -28 -29 -30 -31
leaf_value=-21.127844566138005 -19.833971829414367 3.4009151783238338 20.451163283395179 5.0450490943316764 -1.4582698554208835 31.460416869016797 10.30573013941447 -9.8739984064725519 83.191196010423752 39.08755524499076 26.436866524616875 5.4673796420097354 5.0144063002016495 -2.1982613311857295 47.372088623046878 49.839397453126452 12.515877811218564 -10.586657863143953 25.551520872645909 28.438157299023409 9.6732398536410287 14.625693456242594 6.6256221042783174 -2.6574064130470867 -6.9106068135474361 0.18862214682617906 11.895716654843298 -4.427928842297038 -12.322414166119792 23.978321799437207
leaf_weight=191 20 206 81 493 146 26 90 1179 23 28 60 100 410 968 28 21 114 310 45 130 221 89 675 525 792 319 319 131 527 60
leaf_count=191 20 206 81 493 146 26 90 1179 23 28 60 100 410 968 28 21 114 310 45 130 221 89 675 525 792 319 319 131 527 60
internal_value=-1.95683e-08 -3.59496 12.4733 1.06548 -7.76885 33.7532 10.877 -8.68679 55.7422 8.89479 7.36604 9.19858 -0.773913 -6.93986 23.8154 19.9581 16.484 -4.23301 7.09253 20.9991 2.42089 4.6331 6.36707 0.706704 -3.57816 -4.87221 6.83286 4.82908 -14.6648 30.683
internal_weight=8327 6464 1863 3054 3410 130 1733 3175 49 581 553 1534 2473 2457 199 171 344 1278 1190 244 1156 235 1145 935 1317 1111 1125 806 718 81
internal_count=8327 6464 1863 3054 3410 130 1733 3175 49 581 553 1534 2473 2457 199 171 344 1278 1190 244 1156 235 1145 935 1317 1111 1125 806 718 81
is_linear=0
shrinkage=0.05


Tree=61
num_leaves=31
num_cat=0
split_feature=9 7 14 7 4 1 13 5 4 5 14 12 2 21 7 7 4 9 5 4 21 8 13 21 11 12 1 21 12 10
split_gain=1.36813e+08 5.58806e+07 2.56635e+07 1.7917e+07 1.49295e+07 1.37019e+07 1.12744e+07 1.11272e+07 1.06977e+07 1.0541e+07 9.50341e+06 7.86846e+06 7.3419e+06 7.31851e+06 1.17499e+07 6.7798e+06 5.82795e+06 5.76187e+06 5.59402e+06 5.46656e+06 5.43569e+06 4.60646e+06 4.55061e+06 4.77924e+06 4.41795e+06 4.39801e+06 4.32389e+06 4.07779e+06 3.71502e+06 3.59786e+06
threshold=6.5000000000000009 4.5000000000000009 24.500000000000004 1.5000000000000002 13.500000000000002 32.500000000000007 42.500000000000007 5.5000000000000009 1.0000000180025095e-35 8.5000000000000018 7.5000000000000009 5.5000000000000009 1.0000000180025095e-35 1.5000000000000002 1.0000000180025095e-35 11.500000000000002 7.5000000000000009 11.500000000000002 1.0000000180025095e-35 2.5000000000000004 3.5000000000000004 6.5000000000000009 8.5000000000000018 1.5000000000000002 15.500000000000002 1.5000000000000002 16.500000000000004 1.5000000000000002 2.5000000000000004 6.5000000000000009
decision_type=2 2 2 2 2 2 2 2 2 2 2 2 2 2 2 2 2 2 2 2 2 2 2 2 2 2 2 2 2 2
left_child=3 8 4 13 6 11 9 10 17 15 22 16 -8 14 -1 20 -4 25 -14 21 24 28 -5 -24 -3 -2 -6 -26 -12 -27
right_child=1 2 5 7 26 -7 12 -9 -10 -11 19 -13 18 -15 -16 -17 -18 -19 -20 -21 -22 -23 23 -25 27 29 -28 -29 -30 -31
leaf_value=-17.536309957596668 1.1103928811681436 0.89444483511938777 24.126843091586363 -23.629572099320434 20.629762732361755 64.771964714743874 4.2931514289941681 20.932237458867689 8.5554664320075418 40.613311401657441 -4.3152753082156847 0.86896606214118732 16.358438320973473 -17.737002919918581 -3.8108850608245088 20.815808278864083 50.323445534706117 5.3736990211553435 31.680795545032225 4.4025058968795392 25.813237382099032 -0.31004724028230718 -1.5358092458460664 -9.3998240050875808 14.791292222232038 -7.1105400593090469 49.320422817098688 5.396611377398802 -12.123463118261625 -0.66880508287617912
leaf_weight=252 715 425 184 47 24 22 89 42 389 23 723 33 211 382 409 77 24 340 83 239 32 595 244 928 146 476 29 553 193 398
leaf_count=252 715 425 184 47 24 22 89 42 389 23 723 33 211 382 409 77 24 340 83 239 32 595 244 928 146 476 29 553 193 398
internal_value=-8.41022e-09 6.24259 12.4687 -6.57982 10.2102 26.9991 9.36557 -4.62347 0.991486 7.07559 -4.98498 23.5509 16.8753 -12.2276 -9.04357 6.44999 27.1495 -0.533858 20.6841 -2.62403 5.49309 -3.73544 -8.37438 -7.76261 4.91459 -1.7979 36.3284 7.35888 -5.96045 -4.17712
internal_weight=8327 4273 1955 4054 1692 263 1639 3011 2318 1256 2969 241 383 1043 661 1233 208 1929 294 1750 1156 1511 1219 1172 1124 1589 53 699 916 874
internal_count=8327 4273 1955 4054 1692 263 1639 3011 2318 1256 2969 241 383 1043 661 1233 208 1929 294 1750 1156 1511 1219 1172 1124 1589 53 699 916 874
is_linear=0
shrinkage=0.05


Tree=62
num_leaves=31
num_cat=0
split_feature=11 9 7 7 11 5 13 21 4 5 4 4 4 9 11 14 14 7 12 2 10 21 2 10 8 14 5 13 7 3
split_gain=1.24341e+08 3.5244e+07 3.40135e+07 2.51149e+07 2.13995e+07 1.38054e+07 1.06213e+07 8.9828e+06 8.87677e+06 8.85906e+06 8.16239e+06 7.91869e+06 7.5363e+06 7.47697e+06 7.20075e+06 6.74486e+06 5.31223e+06 5.08005e+06 5.2145e+06 4.97455e+06 4.4181e+06 4.334e+06 4.40079e+06 4.70808e+06 6.5072e+06 4.03557e+06 3.87577e+06 3.83484e+06 3.7983e+06 3.76035e+06
threshold=15.500000000000002 5.5000000000000009 4.5000000000000009 17.500000000000004 38.500000000000007 6.5000000000000009 8.5000000000000018 2.5000000000000004 2.5000000000000004 2.5000000000000004 1.0000000180025095e-35 13.500000000000002 1.5000000000000002 7.5000000000000009 29.500000000000004 19.500000000000004 1.5000000000000002 11.500000000000002 1.5000000000000002 1.0000000180025095e-35 5.5000000000000009 1.5000000000000002 2.5000000000000004 10.500000000000002 13.500000000000002 11.500000000000002 1.5000000000000002 26.500000000000004 3.5000000000000004 1.0000000180025095e-35
decision_type=2 2 2 2 2 2 2 2 2 2 2 2 2 2 2 2 2 2 2 2 2 2 2 2 2 2 2 2 2 2
left_child=1 6 10 4 5 7 -1 8 13 11 28 15 16 -4 21 17 -8 18 25 -15 -18 -10 23 27 -25 29 -14 -23 -2 -3
right_child=2 9 3 -5 -6 -7 12 -9 14 -11 -12 -13 26 19 -16 -17 20 -19 -20 -21 -22 22 -24 24 -26 -27 -28 -29 -30 -31
leaf_value=-18.552521651296512 -2.531824638232913 -3.8947274324619197 -1.7845153726553649 67.517975325811477 55.049774102506973 35.035167662823788 -26.082190635374616 29.742448799212777 21.733756518985913 10.158497299897043 11.441227474163489 30.289438724517822 -3.0976734918146325 3.5648440618097315 33.57954102685818 15.118160727766693 -9.5116471937134648 22.765465895334881 -4.2041210251283285 11.872715445905925 -4.4604943811443425 21.458978215903045 27.029100747541946 9.0042302057362988 41.395085601806642 4.5791073061695586 10.537288920341 -2.3592991644362793 3.7117090635924441 3.9282358824513679
leaf_weight=230 552 538 178 21 29 61 42 60 115 190 194 20 327 254 52 61 1582 21 1225 620 596 20 33 69 20 395 62 109 436 215
leaf_count=230 552 538 178 21 29 61 42 60 115 190 194 20 327 254 52 61 1582 21 1225 620 596 20 33 69 20 395 62 109 436 215
internal_value=-8.66648e-09 -4.37572 8.53133 13.1893 12.485 11.7092 -8.25222 10.7792 10.0052 -0.246119 2.06458 -1.04486 -7.34418 7.556 16.1691 -1.30013 -8.46907 -1.71847 -1.93514 9.4583 -8.12942 13.6955 10.0126 7.43674 16.2831 0.486023 -0.924492 1.33346 0.223419 -1.66108
internal_weight=8327 5504 2823 1641 1620 1591 2839 1530 1470 2665 1182 2475 2609 1052 418 2455 2220 2394 2373 874 2178 366 251 218 89 1148 389 129 988 753
internal_count=8327 5504 2823 1641 1620 1591 2839 1530 1470 2665 1182 2475 2609 1052 418 2455 2220 2394 2373 874 2178 366 251 218 89 1148 389 129 988 753
is_linear=0
shrinkage=0.05


Tree=63
num_leaves=31
num_cat=0
split_feature=9 11 13 5 14 5 4 13 14 12 13 5 4 5 5 8 12 5 13 14 7 14 4 7 21 21 12 2 4 12
split_gain=1.14e+08 3.18969e+07 2.75303e+07 1.59164e+07 1.4795e+07 1.45084e+07 1.27436e+07 1.00652e+07 8.68632e+06 8.40969e+06 7.62155e+06 6.69954e+06 6.53759e+06 5.93226e+06 5.6658e+06 5.25655e+06 5.05008e+06 5.03033e+06 4.88265e+06 4.45626e+06 4.38472e+06 4.03562e+06 3.97537e+06 3.95099e+06 6.14271e+06 4.03103e+06 3.95178e+06 3.58979e+06 3.50243e+06 3.64173e+06
threshold=8.5000000000000018 25.500000000000004 22.500000000000004 3.5000000000000004 33.500000000000007 1.0000000180025095e-35 11.500000000000002 12.500000000000002 14.500000000000002 1.0000000180025095e-35 57.500000000000007 1.5000000000000002 5.5000000000000009 1.0000000180025095e-35 7.5000000000000009 7.5000000000000009 2.5000000000000004 5.5000000000000009 6.5000000000000009 18.500000000000004 8.5000000000000018 3.5000000000000004 2.5000000000000004 1.5000000000000002 1.0000000180025095e-35 1.5000000000000002 2.5000000000000004 1.5000000000000002 1.5000000000000002 3.5000000000000004
decision_type=2 2 2 2 2 2 2 2 2 2 2 2 2 2 2 2 2 2 2 2 2 2 2 2 2 2 2 2 2 2
left_child=2 3 5 8 10 7 13 18 28 -9 11 -3 17 16 20 -10 -4 -7 -1 -15 -5 -20 -17 25 -25 -11 -26 -12 29 -2
right_child=1 4 6 14 -6 12 -8 9 15 23 27 -13 -14 19 -16 22 -18 -19 21 -21 -22 -23 -24 24 26 -27 -28 -29 -30 -31
leaf_value=-25.772084970943265 1.1536497471206753 12.419954922657482 2.043106451315539 11.329419531652304 61.672061595916752 -1.7739705542238751 36.867044219970708 0.30199129517915002 2.6943568591900764 -8.3941543508474137 18.728360259014629 28.557418034951901 21.818208077374628 5.2978520263477957 38.726861078598922 8.2933474318107354 -4.5058470041381096 18.90405907169465 -18.509885731920019 27.722761066754657 33.87801982738354 -9.6092532737884149 17.728643711117932 1.8137314719482533 -6.0988152197638499 -18.923038983345034 -12.99263705597474 43.755638103108659 7.3458107425072754 -8.587471892725338
leaf_weight=61 751 346 700 107 20 574 25 433 363 292 23 79 34 288 34 603 508 31 154 24 27 736 137 206 1037 132 260 38 194 110
leaf_count=61 751 346 700 107 20 574 25 433 363 292 23 79 34 288 34 603 508 31 154 24 27 736 137 206 1037 132 260 38 194 110
internal_value=-6.43206e-09 8.1492 -4.19992 5.67424 19.5262 -6.4133 1.4589 -7.74453 4.52021 -5.99453 17.7918 15.4196 0.484485 0.876534 20.498 7.62263 -0.710924 -0.714435 -12.0873 7.02285 15.8728 -11.1494 10.0402 -7.40937 -6.20687 -11.672 -7.48077 34.3191 1.27664 -0.0908606
internal_weight=8327 2832 5495 2326 506 3950 1545 3311 2158 2360 486 425 639 1520 168 1103 1208 605 951 312 134 890 740 1927 1503 424 1297 61 1055 861
internal_count=8327 2832 5495 2326 506 3950 1545 3311 2158 2360 486 425 639 1520 168 1103 1208 605 951 312 134 890 740 1927 1503 424 1297 61 1055 861
is_linear=0
shrinkage=0.05


Tree=64
num_leaves=31
num_cat=0
split_feature=14 13 7 13 5 7 21 12 4 14 21 7 21 14 13 7 7 5 12 13 4 21 13 5 4 7 7 7 12 12
split_gain=1.03384e+08 3.61926e+07 1.87293e+07 1.80778e+07 1.13944e+07 1.11746e+07 1.02496e+07 1.01626e+07 8.72798e+06 8.62488e+06 7.52269e+06 1.73646e+07 7.07736e+06 6.645e+06 6.41776e+06 6.21016e+06 6.10882e+06 5.81511e+06 7.35526e+06 5.99586e+06 4.96015e+06 4.69137e+06 4.31309e+06 4.03685e+06 3.97932e+06 3.97216e+06 3.80016e+06 3.78637e+06 3.61989e+06 3.57359e+06
threshold=11.500000000000002 33.500000000000007 2.5000000000000004 61.500000000000007 6.5000000000000009 8.5000000000000018 2.5000000000000004 1.5000000000000002 15.500000000000002 21.500000000000004 1.5000000000000002 1.0000000180025095e-35 3.5000000000000004 6.5000000000000009 28.500000000000004 3.5000000000000004 1.5000000000000002 1.0000000180025095e-35 5.5000000000000009 48.500000000000007 7.5000000000000009 1.5000000000000002 52.500000000000007 1.5000000000000002 2.5000000000000004 9.5000000000000018 12.500000000000002 4.5000000000000009 1.5000000000000002 2.5000000000000004
decision_type=2 2 2 2 2 2 2 2 2 2 2 2 2 2 2 2 2 2 2 2 2 2 2 2 2 2 2 2 2 2
left_child=2 4 10 6 7 12 8 15 17 21 11 -1 13 -4 27 -2 -12 18 19 29 22 -9 -19 -15 -25 -17 28 -11 -7 -3
right_child=1 3 5 -5 -6 26 -8 9 -10 14 16 -13 -14 23 -16 25 -18 20 -20 -21 -22 -23 -24 24 -26 -27 -28 -29 -30 -31
leaf_value=-15.665711510044407 1.9666869072632478 12.433533938569683 -7.9322130454420039 52.505180195399696 31.193157824348006 26.222583965633227 31.931354033360716 3.8551905802010631 40.817336561282474 13.157179524348335 -15.353281283766032 -0.74481400472103543 18.742795561521483 -2.164512571213375 1.6520307121605708 9.093277453469792 -8.1591665440665349 12.263181644460381 -5.0465234088897706 18.651126451845524 36.763525693757195 -3.5217693034885595 33.80281943541307 2.2903385828172462 21.028433547300452 29.589552789688113 31.118603142102558 41.007419287640118 3.5122405973640647 5.2204495913810565
leaf_weight=261 455 280 472 28 34 23 61 277 24 26 400 771 39 1269 58 434 1125 219 90 162 28 971 26 170 34 25 24 23 74 444
leaf_count=261 455 280 472 28 34 23 61 277 24 26 400 771 39 1269 58 434 1125 219 90 162 28 971 26 170 34 25 24 23 74 444
internal_value=-1.12472e-08 6.28349 -4.93972 12.7445 2.46242 -1.44684 11.91 2.0319 10.9506 -0.716365 -7.81517 -4.51841 -2.34651 -2.76938 12.9072 6.1062 -10.0461 10.3767 8.5723 9.9557 16.8274 -1.88442 14.549 -1.11503 5.41335 10.2096 13.3047 26.2297 8.89717 8.01004
internal_weight=8327 3665 4662 1362 2303 2105 1334 2269 1273 1355 2557 1032 1984 1945 107 914 1525 1249 976 886 273 1248 245 1473 204 459 121 49 97 724
internal_count=8327 3665 4662 1362 2303 2105 1334 2269 1273 1355 2557 1032 1984 1945 107 914 1525 1249 976 886 273 1248 245 1473 204 459 121 49 97 724
is_linear=0
shrinkage=0.05


Tree=65
num_leaves=31
num_cat=0
split_feature=9 7 7 11 14 4 21 3 5 5 0 8 4 14 7 4 21 13 5 13 2 14 10 9 4 12 5 7 8 0
split_gain=9.50518e+07 3.84941e+07 1.87742e+07 1.68851e+07 1.30592e+07 1.12168e+07 1.09091e+07 8.86944e+06 8.40072e+06 7.62836e+06 6.39184e+06 6.13994e+06 5.05894e+06 4.95301e+06 4.7242e+06 4.53543e+06 4.50312e+06 4.45124e+06 4.4466e+06 4.41581e+06 4.29147e+06 4.2489e+06 3.86715e+06 3.8335e+06 3.76984e+06 3.64718e+06 3.529e+06 3.26144e+06 3.24549e+06 3.08364e+06
threshold=6.5000000000000009 5.5000000000000009 18.500000000000004 38.500000000000007 5.5000000000000009 1.5000000000000002 2.5000000000000004 1.0000000180025095e-35 1.0000000180025095e-35 4.5000000000000009 12.500000000000002 9.5000000000000018 1.5000000000000002 1.5000000000000002 1.5000000000000002 2.5000000000000004 1.0000000180025095e-35 23.500000000000004 2.5000000000000004 6.5000000000000009 1.0000000180025095e-35 25.500000000000004 9.5000000000000018 16.500000000000004 5.5000000000000009 1.5000000000000002 5.5000000000000009 5.5000000000000009 6.5000000000000009 13.500000000000002
decision_type=2 2 2 2 2 2 2 2 2 2 2 2 2 2 2 2 2 2 2 2 2 2 2 2 2 2 2 2 2 2
left_child=4 5 3 6 13 7 9 21 14 11 -7 -3 -11 -1 -6 20 -16 25 19 -15 -13 29 -8 -17 26 -9 -10 -21 -18 -2
right_child=1 2 -4 -5 8 10 22 17 24 12 -12 15 -14 18 16 23 28 -19 -20 27 -22 -23 -24 -25 -26 -27 -28 -29 -30 -31
leaf_value=-24.551146285874506 -2.3630756924343745 5.2280650440965521 60.176012477874764 51.282424134474539 -9.3254087800355325 7.1297914918416581 17.397872402932911 3.9433215620275028 0.0032059767974607538 15.411395790617346 24.82660854527208 0.17174272638686161 40.915842944178088 -28.223140710592272 2.0215844982841111 15.924141521298367 -6.4010394370899242 6.9381160609911534 6.8504989461200996 -9.9746998007454195 12.491618388452029 18.544642300789175 42.913280605186117 36.215128844124926 22.248902475833894 -7.8809312887089424 16.914760063633775 3.799830220871502 -1.6214754862402168 7.3733125791993253
leaf_weight=56 1495 638 20 26 496 312 27 167 473 59 61 94 29 32 279 138 1098 642 41 954 285 26 33 28 22 107 33 45 525 86
leaf_count=56 1495 638 20 26 496 312 27 167 473 59 61 94 29 32 279 138 1098 642 41 954 285 26 33 28 22 107 33 45 525 86
internal_value=-1.23096e-08 5.20333 12.0856 11.3768 -5.48442 1.93092 10.5973 0.734448 -3.72243 9.61381 10.0239 8.55733 23.8163 -10.055 -4.97956 12.4547 -3.84626 4.66108 -9.29771 -9.93988 9.43603 -1.50375 31.4313 19.3467 1.98708 -0.674179 1.10613 -9.35423 -4.85497 -1.83346
internal_weight=8327 4273 1377 1357 4054 2896 1331 2523 2926 1271 373 1183 88 1128 2398 545 1902 916 1072 1031 379 1607 60 166 528 274 506 999 1623 1581
internal_count=8327 4273 1377 1357 4054 2896 1331 2523 2926 1271 373 1183 88 1128 2398 545 1902 916 1072 1031 379 1607 60 166 528 274 506 999 1623 1581
is_linear=0
shrinkage=0.05


Tree=66
num_leaves=31
num_cat=0
split_feature=14 13 0 7 4 4 5 9 9 12 5 4 5 4 21 21 21 12 14 7 2 7 5 11 12 4 13 3 14 13
split_gain=8.62576e+07 2.7727e+07 2.23307e+07 1.71866e+07 1.26066e+07 1.14173e+07 1.13741e+07 7.87206e+06 7.65811e+06 7.05202e+06 5.66441e+06 5.389e+06 9.22496e+06 6.14222e+06 5.53825e+06 5.2338e+06 4.84256e+06 4.71321e+06 4.65107e+06 5.73118e+06 4.16984e+06 3.84945e+06 4.08177e+06 3.58983e+06 4.89624e+06 4.84992e+06 3.90592e+06 3.38261e+06 3.35402e+06 3.92119e+06
threshold=14.500000000000002 21.500000000000004 22.500000000000004 4.5000000000000009 15.500000000000002 1.5000000000000002 9.5000000000000018 14.500000000000002 2.5000000000000004 2.5000000000000004 1.5000000000000002 7.5000000000000009 1.5000000000000002 10.500000000000002 2.5000000000000004 3.5000000000000004 3.5000000000000004 1.0000000180025095e-35 9.5000000000000018 9.5000000000000018 1.0000000180025095e-35 10.500000000000002 1.5000000000000002 30.500000000000004 3.5000000000000004 1.0000000180025095e-35 47.500000000000007 1.0000000180025095e-35 24.500000000000004 38.500000000000007
decision_type=2 2 2 2 2 2 2 2 2 2 2 2 2 2 2 2 2 2 2 2 2 2 2 2 2 2 2 2 2 2
left_child=1 5 3 -2 6 8 7 11 -1 10 27 14 13 -13 28 18 17 -10 19 -11 -9 22 -7 24 26 -25 -22 -3 -5 -30
right_child=2 9 -4 4 -6 21 -8 20 16 15 -12 12 -14 -15 -16 -17 -18 -19 -20 -21 23 -23 -24 25 -26 -27 -28 -29 29 -31
leaf_value=-11.872817299679015 2.4787976360294675 0.019070657475005047 60.886032056808475 4.5124941141737835 44.57961029665811 -2.1476660317150151 48.099724547863012 6.7222826276347041 -2.2091862562719196 -10.441016851192714 11.143606974523848 25.992520090249869 47.713773198561235 -8.7179959297180183 27.243136793567288 19.843330069688651 18.176651656059992 -7.1984800144204399 -0.49454435115974205 17.374606132507324 17.570571935517446 18.43228121297113 9.6057536230845884 19.437941764082229 6.0089725802584395 45.236786425555195 40.320388530648273 5.4779964457888273 26.660198870683327 6.4869307290940057
leaf_weight=636 904 746 20 720 28 460 20 90 634 250 202 26 22 25 31 26 21 1868 608 20 105 29 88 56 82 27 23 458 39 63
leaf_count=636 904 746 20 720 28 460 20 90 634 250 202 26 22 25 31 26 21 1868 608 20 105 29 88 56 82 27 23 458 39 63
internal_value=-1.10285e-08 -3.12574 8.28506 7.81977 11.3778 -5.78824 10.6783 10.1065 -6.96954 1.18036 3.39556 7.61287 20.6515 8.97756 6.49702 -2.26495 -5.73352 -5.93421 -2.91964 -8.3806 16.1356 0.679231 -0.260256 19.0271 15.5477 27.8303 21.6584 2.09564 5.71462 14.2002
internal_weight=8327 6046 2281 2261 1357 3736 1329 1309 3159 2310 1406 926 73 51 853 904 2523 2502 878 270 383 577 548 293 210 83 128 1204 822 102
internal_count=8327 6046 2281 2261 1357 3736 1329 1309 3159 2310 1406 926 73 51 853 904 2523 2502 878 270 383 577 548 293 210 83 128 1204 822 102
is_linear=0
shrinkage=0.05


Tree=67
num_leaves=31
num_cat=0
split_feature=9 7 1 14 4 7 21 4 5 3 0 5 2 13 14 14 12 10 7 21 4 7 4 12 12 11 12 4 4 4
split_gain=7.91288e+07 3.1575e+07 1.66237e+07 1.12231e+07 1.02034e+07 9.87371e+06 9.42248e+06 8.07885e+06 7.22564e+06 6.86249e+06 6.77974e+06 6.46732e+06 5.26099e+06 4.94697e+06 4.48593e+06 4.3386e+06 4.23762e+06 4.07772e+06 3.98049e+06 4.0481e+06 3.74572e+06 3.68873e+06 3.63712e+06 3.62076e+06 3.46063e+06 3.30447e+06 3.03739e+06 3.64329e+06 3.01126e+06 2.93585e+06
threshold=6.5000000000000009 5.5000000000000009 32.500000000000007 5.5000000000000009 1.0000000180025095e-35 17.500000000000004 2.5000000000000004 7.5000000000000009 1.0000000180025095e-35 1.0000000180025095e-35 12.500000000000002 1.0000000180025095e-35 1.0000000180025095e-35 46.500000000000007 2.5000000000000004 25.500000000000004 1.5000000000000002 9.5000000000000018 1.5000000000000002 1.0000000180025095e-35 15.500000000000002 4.5000000000000009 3.5000000000000004 4.5000000000000009 3.5000000000000004 21.500000000000004 2.5000000000000004 4.5000000000000009 5.5000000000000009 1.5000000000000002
decision_type=2 2 2 2 2 2 2 2 2 2 2 2 2 2 2 2 2 2 2 2 2 2 2 2 2 2 2 2 2 2
left_child=3 4 5 14 9 6 7 12 18 15 -6 20 26 16 -1 -2 -14 -8 -5 -20 -9 24 -16 29 -11 28 -3 -28 -10 -15
right_child=1 2 -4 8 10 -7 17 11 25 21 -12 -13 13 23 22 -17 -18 -19 19 -21 -22 -23 -24 -25 -26 -27 27 -29 -30 -31
leaf_value=-16.726233446037067 -2.104116849505365 6.8733804341561786 54.09537073915655 -8.5256013047430788 5.5572099335585969 44.298666636149093 15.538274934556751 5.4742255308411343 0.1213087000140623 3.5340370402613681 21.048085497660811 33.267075212512701 14.560500935145789 17.332695159857924 -8.7091802502030244 18.904602518081667 4.9568203876767543 42.322172673543292 2.0672987493562869 -4.4525819962699078 28.54069477717082 10.143371476091282 4.0058693683147437 7.9668864237467449 -7.086936862902208 17.497507464885711 -5.5622271465254833 16.740660953521729 19.925924535989765 35.225912783222817
leaf_weight=170 1445 167 22 496 474 21 27 66 476 597 83 56 154 88 898 25 452 30 279 1623 24 184 60 75 88 32 143 21 20 31
leaf_count=170 1445 167 22 496 474 21 27 66 476 597 83 56 154 88 898 25 452 30 279 1623 24 184 60 75 88 32 143 21 20 31
internal_value=2.38857e-09 4.74754 10.9807 -5.004 1.78378 10.2807 9.74516 8.85735 -3.37057 0.335492 7.86555 19.9262 7.42848 9.622 -9.24109 -1.74683 7.39736 29.6351 -4.53647 -3.4962 11.6253 3.85794 -7.91283 16.5711 2.16959 1.92459 2.12692 -2.70637 0.919882 21.994
internal_weight=8327 4273 1377 4054 2896 1355 1334 1277 2926 2339 557 146 1131 800 1128 1470 606 57 2398 1902 90 869 958 194 685 528 331 164 496 119
internal_count=8327 4273 1377 4054 2896 1355 1334 1277 2926 2339 557 146 1131 800 1128 1470 606 57 2398 1902 90 869 958 194 685 528 331 164 496 119
is_linear=0
shrinkage=0.05


Tree=68
num_leaves=31
num_cat=0
split_feature=9 14 4 5 11 4 9 10 11 9 12 8 7 13 12 5 12 4 4 21 7 5 13 5 12 15 21 10 7 14
split_gain=7.22094e+07 2.09286e+07 1.80915e+07 1.37849e+07 1.29422e+07 1.26183e+07 1.21809e+07 1.04123e+07 9.26817e+06 6.70628e+06 5.76047e+06 5.72342e+06 5.65381e+06 5.23418e+06 4.85215e+06 4.74955e+06 4.20206e+06 4.11804e+06 3.59227e+06 3.55796e+06 4.50713e+06 3.50143e+06 3.56908e+06 3.38479e+06 3.35322e+06 3.30611e+06 3.14491e+06 3.33717e+06 3.09298e+06 2.94262e+06
threshold=8.5000000000000018 27.500000000000004 1.0000000180025095e-35 8.5000000000000018 10.500000000000002 11.500000000000002 20.500000000000004 11.500000000000002 15.500000000000002 12.500000000000002 2.5000000000000004 12.500000000000002 6.5000000000000009 7.5000000000000009 4.5000000000000009 3.5000000000000004 1.0000000180025095e-35 2.5000000000000004 1.5000000000000002 1.5000000000000002 1.5000000000000002 4.5000000000000009 9.5000000000000018 1.0000000180025095e-35 1.5000000000000002 4.5000000000000009 2.5000000000000004 7.5000000000000009 2.5000000000000004 1.5000000000000002
decision_type=2 2 2 2 2 2 2 2 2 2 2 2 2 2 2 2 2 2 2 2 2 2 2 2 2 2 2 2 2 2
left_child=2 3 4 7 13 8 14 9 21 18 12 -9 19 -1 17 25 -15 -3 24 20 -6 22 -4 -10 -2 -11 27 -26 -21 -18
right_child=1 6 5 -5 10 -7 -8 11 23 15 -12 -13 -14 16 -16 -17 29 -19 -20 28 -22 -23 -24 -25 26 -27 -28 -29 -30 -31
leaf_value=-18.560384214486717 4.0317784813512505 19.188641619682311 -11.436303865498511 39.235788071950282 -5.2861086311123593 27.201522883963079 59.837186819856825 8.6638740626854069 5.049169454971949 17.227609171236264 -6.629042923332884 21.326282199158157 15.920984861373903 -3.1922888600468635 5.712984446116856 23.404210459551916 -23.255640064586295 45.735286476498565 6.6490741956378914 -6.2914047327967033 6.8517050094813472 16.825366434684167 -0.83607839054213129 17.140856407500888 -4.5634817662682119 5.4880062199249044 16.938069683572522 2.2574730744629004 -0.72813464215767931 -8.1562284430242649
leaf_weight=106 486 48 87 30 110 47 22 340 159 68 537 121 50 500 42 47 33 21 329 371 251 26 910 91 448 508 23 299 765 1452
leaf_count=106 486 48 87 30 110 47 22 340 159 68 537 121 50 500 42 47 33 21 329 371 251 26 910 91 448 508 23 299 765 1452
internal_value=-4.61684e-09 6.48574 -3.34261 5.53159 -4.95578 1.75968 25.8486 5.15275 0.82035 3.72577 -2.16726 11.9874 -0.618474 -7.73497 19.1121 8.121 -7.15689 27.2681 1.99818 -1.17089 3.1532 -1.28869 -1.76107 9.45054 0.779908 6.87393 -1.27257 -1.83327 -2.54501 -8.49177
internal_weight=8327 2832 5495 2699 4175 1320 133 2669 1273 2208 2084 461 1547 2091 111 623 1985 69 1585 1497 361 1023 997 250 1256 576 770 747 1136 1485
internal_count=8327 2832 5495 2699 4175 1320 133 2669 1273 2208 2084 461 1547 2091 111 623 1985 69 1585 1497 361 1023 997 250 1256 576 770 747 1136 1485
is_linear=0
shrinkage=0.05


Tree=69
num_leaves=31
num_cat=0
split_feature=13 9 7 4 4 5 13 9 14 12 21 8 12 14 12 5 17 12 1 4 13 21 7 13 11 11 12 21 7 14
split_gain=6.59158e+07 2.27147e+07 1.50504e+07 1.27379e+07 1.1505e+07 9.8813e+06 8.9935e+06 8.20815e+06 8.0999e+06 5.77147e+06 6.67541e+06 4.8815e+06 5.89546e+06 4.87992e+06 4.93803e+06 4.78943e+06 4.34065e+06 4.33422e+06 4.16566e+06 3.9386e+06 3.75167e+06 3.70646e+06 3.28111e+06 3.23731e+06 3.45658e+06 3.08148e+06 2.94228e+06 2.91067e+06 4.539e+06 2.85702e+06
threshold=22.500000000000004 13.500000000000002 11.500000000000002 1.5000000000000002 7.5000000000000009 7.5000000000000009 45.500000000000007 3.5000000000000004 9.5000000000000018 1.5000000000000002 2.5000000000000004 9.5000000000000018 3.5000000000000004 19.500000000000004 2.5000000000000004 1.5000000000000002 1.5000000000000002 1.0000000180025095e-35 10.500000000000002 1.0000000180025095e-35 7.5000000000000009 2.5000000000000004 10.500000000000002 18.500000000000004 13.500000000000002 28.500000000000004 1.0000000180025095e-35 1.0000000180025095e-35 1.0000000180025095e-35 4.5000000000000009
decision_type=2 2 2 2 2 2 2 2 2 2 2 2 2 2 2 2 2 2 2 2 2 2 2 2 2 2 2 2 2 2
left_child=3 4 11 7 5 8 -4 20 17 -10 16 -3 -13 14 21 18 19 -2 -5 -11 -1 27 -6 -20 -25 -14 -22 28 -9 -19
right_child=1 2 6 15 22 -7 -8 13 9 10 -12 12 25 -15 -16 -17 -18 29 23 -21 26 -23 -24 24 -26 -27 -28 -29 -30 -31
leaf_value=-18.357000788052879 10.148765616225345 5.9435567960040325 17.365007995423817 -2.3291309107390661 12.033123233999873 27.884976727253687 62.622143281024435 -10.721505983140734 7.344631803956033 -0.49039277548361926 19.790732200622561 19.972786626013743 1.6348046119014423 14.211419077177306 -10.292145238284931 10.669656187389046 23.861186243238905 -17.670619713632686 18.548668622970581 4.794912256525488 -3.4536261507055976 14.489242461632038 29.031146597217869 8.5041499468318218 -14.459305435678235 15.373415605786821 -9.5235375154513289 -4.6272921267346758 1.5289556739383219 -3.4882322702708062
leaf_weight=96 56 290 21 441 122 37 23 90 625 1256 50 217 96 37 283 128 21 38 46 490 264 29 37 57 23 71 819 1549 473 542
leaf_count=96 56 290 21 441 122 37 23 90 625 1256 50 217 96 37 283 128 21 38 46 490 264 29 37 57 23 71 819 1549 473 542
internal_value=-1.75677e-08 4.63575 12.6896 -4.26895 2.8695 2.19986 41.0221 -5.45327 1.8911 3.20008 1.77446 10.84 14.5379 -3.80987 -4.08494 1.93378 1.26466 -3.13487 -0.0383341 0.992883 -8.88364 -3.26447 15.9886 7.97945 1.90216 7.47577 -8.04389 -3.50825 -0.429377 -4.41742
internal_weight=8327 3992 718 4335 3274 3115 44 3640 3078 2442 1817 674 384 2461 2424 695 1767 636 567 1746 1179 2141 159 126 80 167 1083 2112 563 580
internal_count=8327 3992 718 4335 3274 3115 44 3640 3078 2442 1817 674 384 2461 2424 695 1767 636 567 1746 1179 2141 159 126 80 167 1083 2112 563 580
is_linear=0
shrinkage=0.05


Tree=70
num_leaves=31
num_cat=0
split_feature=14 13 0 4 5 5 14 13 12 12 13 4 12 7 15 12 5 4 21 5 10 7 13 7 4 5 12 14 21 14
split_gain=6.02313e+07 1.89088e+07 1.84277e+07 1.33416e+07 1.08149e+07 9.16881e+06 9.0806e+06 6.45541e+06 6.44537e+06 5.94159e+06 5.84964e+06 5.54921e+06 5.4811e+06 5.67545e+06 5.36699e+06 5.12585e+06 4.51916e+06 4.4256e+06 4.32062e+06 4.24684e+06 3.9581e+06 4.32354e+06 3.82351e+06 3.71018e+06 3.41725e+06 3.40723e+06 3.92447e+06 3.67648e+06 3.38943e+06 3.37252e+06
threshold=14.500000000000002 21.500000000000004 22.500000000000004 15.500000000000002 9.5000000000000018 1.0000000180025095e-35 23.500000000000004 8.5000000000000018 1.0000000180025095e-35 2.5000000000000004 40.500000000000007 5.5000000000000009 1.5000000000000002 8.5000000000000018 5.5000000000000009 5.5000000000000009 6.5000000000000009 1.0000000180025095e-35 3.5000000000000004 5.5000000000000009 5.5000000000000009 2.5000000000000004 32.500000000000007 1.5000000000000002 2.5000000000000004 1.0000000180025095e-35 2.5000000000000004 20.500000000000004 1.5000000000000002 28.500000000000004
decision_type=2 2 2 2 2 2 2 2 2 2 2 2 2 2 2 2 2 2 2 2 2 2 2 2 2 2 2 2 2 2
left_child=1 5 3 4 6 7 10 -1 24 16 12 19 13 -2 22 29 -3 -16 20 -7 -11 -22 -14 -10 -9 26 -12 -28 -25 -8
right_child=2 9 -4 -5 -6 11 15 8 23 18 25 -13 14 -15 17 -17 -18 -19 -20 -21 21 -23 -24 28 -26 -27 27 -29 -30 -31
leaf_value=-14.432881170626983 5.8054459962384266 2.636881241618426 54.706736936569214 40.195982630499486 41.775214442752656 -1.1626345918232848 12.307778968495771 -1.8383552590396506 -9.6475160444499473 -7.8509580144175777 16.634692338219395 21.191647714376451 3.1980676109898729 27.940130504485097 -4.8355334084256798 -1.5658970378479868 26.575272510945798 3.6440891573119867 17.868829074272742 20.343779389063517 -11.034792493932388 1.1237375806690324 16.610992543837604 0.26429318485139802 14.421146280625289 18.530398290101871 8.6406288891816327 -4.867436525489711 -6.210433296967051 24.263257744373419
leaf_weight=206 440 1386 20 29 21 527 242 652 682 270 81 32 243 31 432 53 20 239 26 24 85 523 68 238 34 86 139 79 1341 78
leaf_count=206 440 1386 20 29 21 527 242 652 682 270 81 32 243 31 432 53 20 239 26 24 85 523 68 238 34 86 139 79 1341 78
internal_value=-1.19055e-08 -2.61195 6.92322 6.50055 6.06275 -4.81068 5.72355 -5.87579 -5.27763 0.944074 4.28006 0.9497 2.82808 7.26229 0.701288 12.8365 2.9774 -1.81522 -2.21838 -0.225876 -2.81321 -0.576057 6.1308 -6.56563 -1.03249 9.75986 7.23722 3.7455 -5.23451 15.2219
internal_weight=8327 6046 2281 2261 2232 3736 2211 3153 2947 2310 1838 583 1453 471 982 373 1406 671 904 551 878 608 311 2261 686 385 299 218 1579 320
internal_count=8327 6046 2281 2261 2232 3736 2211 3153 2947 2310 1838 583 1453 471 982 373 1406 671 904 551 878 608 311 2261 686 385 299 218 1579 320
is_linear=0
shrinkage=0.05


Tree=71
num_leaves=31
num_cat=0
split_feature=9 14 7 5 14 7 4 17 4 21 21 4 2 4 12 8 5 8 12 10 9 5 13 12 11 2 10 11 9 13
split_gain=5.53906e+07 2.24245e+07 1.41794e+07 1.11632e+07 8.64535e+06 7.89177e+06 7.7557e+06 6.18666e+06 5.71353e+06 5.47995e+06 4.89297e+06 4.77927e+06 5.11976e+06 4.48243e+06 5.15068e+06 4.38171e+06 4.33133e+06 4.38403e+06 4.09602e+06 4.06022e+06 3.75986e+06 3.52997e+06 3.41041e+06 3.91543e+06 3.40564e+06 3.33826e+06 3.29405e+06 2.80667e+06 2.71763e+06 2.71679e+06
threshold=6.5000000000000009 19.500000000000004 15.500000000000002 1.0000000180025095e-35 3.5000000000000004 12.500000000000002 1.5000000000000002 1.5000000000000002 13.500000000000002 2.5000000000000004 3.5000000000000004 6.5000000000000009 1.0000000180025095e-35 2.5000000000000004 2.5000000000000004 7.5000000000000009 5.5000000000000009 7.5000000000000009 1.0000000180025095e-35 14.500000000000002 11.500000000000002 8.5000000000000018 5.5000000000000009 1.0000000180025095e-35 31.500000000000004 1.0000000180025095e-35 7.5000000000000009 18.500000000000004 11.500000000000002 7.5000000000000009
decision_type=2 2 2 2 2 2 2 2 2 2 2 2 2 2 2 2 2 2 2 2 2 2 2 2 2 2 2 2 2 2
left_child=4 3 7 5 29 8 10 13 9 15 16 20 -13 14 -3 18 17 22 -2 -17 21 -5 -6 -24 -15 -22 28 -16 -20 -1
right_child=1 2 -4 11 6 -7 -8 -9 -10 -11 -12 12 -14 24 27 19 -18 -19 26 -21 25 -23 23 -25 -26 -27 -28 -29 -30 -31
leaf_value=-26.004838542280527 4.2561837807966745 12.500984990865666 52.640595541000373 3.4276811219990133 -25.725457364036927 29.178673600902158 1.7170688342186815 32.374190028508501 23.260938305324981 18.991797455988433 17.136111109073347 40.37687486301769 10.210992629711445 13.071742138433994 -7.3872702803176189 1.9937006628277887 14.927072879246303 -0.43345213343617045 -5.3616586918555775 21.319992539605924 -0.2750806045532227 24.876743503808978 -1.7991971332539796 -6.5499603219869869 31.5493536258566 17.308241011530665 0.85707747464493134 5.1399865050878972 2.9598936398018587 -10.094931056904594
leaf_weight=29 245 266 20 469 21 24 609 30 27 38 26 22 39 178 52 924 28 477 845 28 35 20 558 1947 29 118 434 319 111 359
leaf_count=29 245 266 20 469 21 24 609 30 27 38 26 22 39 178 52 924 28 477 845 28 35 20 558 1947 29 118 434 319 111 359
internal_value=3.56072e-09 3.97209 11.014 2.10897 -4.18667 0.635966 -3.43549 10.0614 0.377661 0.14229 -4.46196 7.71605 21.0905 9.26834 7.19118 -0.134587 -4.64723 -4.82974 -1.70478 2.56212 6.44527 4.30494 -5.65992 -5.49171 15.6604 13.2859 -2.75545 3.38414 -4.39545 -11.2841
internal_weight=8327 4273 894 3379 4054 2676 3666 874 2652 2625 3057 703 61 844 637 2587 3031 3003 1635 952 642 489 2526 2505 207 153 1390 371 956 388
internal_count=8327 4273 894 3379 4054 2676 3666 874 2652 2625 3057 703 61 844 637 2587 3031 3003 1635 952 642 489 2526 2505 207 153 1390 371 956 388
is_linear=0
shrinkage=0.05


Tree=72
num_leaves=31
num_cat=0
split_feature=11 7 11 9 4 21 7 5 13 14 12 7 5 12 14 1 12 21 7 7 4 2 9 21 21 14 15 13 1 13
split_gain=5.012e+07 1.76974e+07 1.55682e+07 1.49789e+07 1.16443e+07 8.34715e+06 6.53415e+06 6.25658e+06 5.74936e+06 4.78886e+06 4.36853e+06 5.64913e+06 4.97475e+06 4.36275e+06 3.96994e+06 3.78078e+06 4.4272e+06 3.72353e+06 6.94997e+06 4.67372e+06 3.59913e+06 3.56547e+06 4.73664e+06 3.56417e+06 3.46926e+06 3.21289e+06 3.19757e+06 2.82698e+06 2.78883e+06 2.71749e+06
threshold=15.500000000000002 17.500000000000004 38.500000000000007 5.5000000000000009 1.5000000000000002 2.5000000000000004 3.5000000000000004 1.0000000180025095e-35 8.5000000000000018 19.500000000000004 1.5000000000000002 8.5000000000000018 5.5000000000000009 2.5000000000000004 1.5000000000000002 26.500000000000004 1.0000000180025095e-35 1.5000000000000002 1.0000000180025095e-35 1.5000000000000002 7.5000000000000009 1.0000000180025095e-35 7.5000000000000009 1.5000000000000002 1.5000000000000002 19.500000000000004 9.5000000000000018 23.500000000000004 19.500000000000004 33.500000000000007
decision_type=2 2 2 2 2 2 2 2 2 2 2 2 2 2 2 2 2 2 2 2 2 2 2 2 2 2 2 2 2 2
left_child=3 2 4 8 5 6 23 15 -1 10 11 24 -12 25 -10 16 -6 18 -16 -19 -9 -15 -23 -2 -5 27 -22 -8 -18 -24
right_child=1 -3 -4 9 7 -7 13 20 14 -11 12 -13 -14 21 17 -17 28 19 -20 -21 26 22 29 -25 -26 -27 -28 -29 -30 -31
leaf_value=-12.883550874001308 3.5212718679507575 51.14560933567229 41.518149198334797 5.4200438991778315 26.005898582935334 19.010337447346032 -4.5420720336337892 13.48136652665695 -19.195832143659178 13.012511174117819 -2.82235588401001 26.263771884337718 18.85674092328107 -4.0545920896067464 -10.802651023079536 21.738874545850251 7.0373348271561058 -11.932167954713918 0.58123093904160406 -4.6196690510159248 37.791155344067199 -7.3345513460865952 -4.1236089690526327 -4.9845866104024346 -0.45692386561832221 12.007967287760515 13.182205373590643 6.1352566788181866 -2.1755219264635968 7.3653321545097716
leaf_weight=230 180 21 29 354 24 77 72 197 46 68 1329 23 27 219 167 38 236 257 680 1459 33 83 60 390 864 208 22 446 126 362
leaf_count=230 180 21 29 354 24 77 72 197 46 68 1329 23 27 219 167 38 236 257 680 1459 33 83 60 390 864 208 22 446 126 362
internal_value=-2.07129e-08 5.41645 5.07373 -2.7781 4.69259 2.85298 2.23708 10.3992 -5.30528 -0.0859092 -0.428879 1.71473 -2.39069 4.02004 -4.63721 6.69084 5.20942 -4.37591 -1.66329 -5.71484 16.6387 1.27363 3.58429 -2.29853 1.25116 6.75889 27.9476 4.65115 3.83065 5.73183
internal_weight=8327 2823 2802 5504 2773 2097 2020 676 2839 2665 2597 1241 1356 1450 2609 424 386 2563 847 1716 252 724 505 570 1218 726 55 518 362 422
internal_count=8327 2823 2802 5504 2773 2097 2020 676 2839 2665 2597 1241 1356 1450 2609 424 386 2563 847 1716 252 724 505 570 1218 726 55 518 362 422
is_linear=0
shrinkage=0.05


Tree=73
num_leaves=31
num_cat=0
split_feature=14 5 13 14 4 5 21 7 12 14 8 13 4 12 10 12 13 2 10 0 15 17 12 5 10 1 4 1 21 7
split_gain=4.58855e+07 2.04263e+07 1.84573e+07 1.28042e+07 1.15979e+07 8.0446e+06 6.27913e+06 5.81982e+06 5.94037e+06 5.68196e+06 5.65767e+06 5.38404e+06 4.03702e+06 4.35985e+06 4.03618e+06 3.90004e+06 5.12755e+06 3.69198e+06 5.03005e+06 4.49094e+06 3.44269e+06 3.44085e+06 3.14128e+06 3.08183e+06 3.03749e+06 2.64894e+06 2.77366e+06 2.48709e+06 2.47197e+06 2.21772e+06
threshold=10.500000000000002 10.500000000000002 33.500000000000007 33.500000000000007 11.500000000000002 1.5000000000000002 3.5000000000000004 11.500000000000002 1.0000000180025095e-35 4.5000000000000009 6.5000000000000009 52.500000000000007 15.500000000000002 5.5000000000000009 7.5000000000000009 2.5000000000000004 18.500000000000004 1.5000000000000002 17.500000000000004 17.500000000000004 1.5000000000000002 1.5000000000000002 2.5000000000000004 1.0000000180025095e-35 14.500000000000002 4.5000000000000009 3.5000000000000004 12.500000000000002 1.5000000000000002 8.5000000000000018
decision_type=2 2 2 2 2 2 2 2 2 2 2 2 2 2 2 2 2 2 2 2 2 2 2 2 2 2 2 2 2 2
left_child=4 2 7 11 5 6 9 8 -2 25 28 12 13 -4 -9 16 20 24 19 -19 -11 22 -12 -15 -13 -1 -27 -7 -10 -17
right_child=1 -3 3 -5 -6 27 -8 14 10 15 21 17 -14 23 -16 29 -18 18 -20 -21 -22 -23 -24 -25 -26 26 -28 -29 -30 -31
leaf_value=-13.743012184489007 6.8278360507766749 54.092271976470947 6.8966455182760376 47.80065446257592 30.916171693801882 1.018855011494372 17.699848528831236 34.162858473170893 1.4741526177559776 0.2004812164511873 3.6064299665400612 -0.81256632029332898 26.25330924987793 -10.109806940134835 4.5133816917737333 -8.5342607413670262 -0.1148606053460287 20.934429848194124 0.016174659729003907 48.536158342361453 -6.0095021404283315 21.297271587537683 -1.6817978738904835 7.3806806087493904 20.490819062127009 -7.817531517810993 9.6069812044501308 12.301925883974349 -4.1006992031749858 6.4382986472203187
leaf_weight=204 351 20 1098 20 24 382 31 22 261 273 813 44 25 68 24 507 909 56 20 20 1223 23 429 40 27 472 24 56 835 26
leaf_count=204 351 20 1098 20 24 382 31 22 261 273 813 44 25 68 24 507 909 56 20 20 1223 23 429 40 27 472 24 56 835 26
internal_value=-6.08675e-09 3.68276 3.44133 8.07722 -3.74071 -3.94323 -4.70781 1.05784 0.758707 -4.89875 -0.143565 7.50893 6.36605 5.9538 18.6936 -3.93423 -3.07663 15.9334 22.3268 28.198 -4.87626 2.13468 1.77982 -3.63185 7.28872 -8.94697 -6.97441 2.46144 -2.77311 -7.80389
internal_weight=8327 4196 4176 1418 4131 4107 3669 2758 2712 3638 2361 1398 1231 1206 46 2938 2405 167 96 76 1496 1265 1242 108 71 700 496 438 1096 533
internal_count=8327 4196 4176 1418 4131 4107 3669 2758 2712 3638 2361 1398 1231 1206 46 2938 2405 167 96 76 1496 1265 1242 108 71 700 496 438 1096 533
is_linear=0
shrinkage=0.05


Tree=74
num_leaves=31
num_cat=0
split_feature=9 9 7 5 5 10 13 21 5 12 0 3 7 21 11 4 12 13 5 4 8 5 12 4 10 15 13 10 12 14
split_gain=4.20005e+07 1.75024e+07 1.25711e+07 9.70026e+06 7.07949e+06 6.8853e+06 5.89124e+06 4.93434e+06 4.59239e+06 4.37727e+06 3.82985e+06 3.81066e+06 3.74371e+06 3.59775e+06 3.52323e+06 4.45946e+06 3.47237e+06 3.28373e+06 3.27148e+06 4.00878e+06 3.56789e+06 3.16323e+06 3.10259e+06 2.89877e+06 2.86736e+06 2.77701e+06 2.75788e+06 2.75369e+06 2.70339e+06 2.69067e+06
threshold=6.5000000000000009 13.500000000000002 14.500000000000002 1.5000000000000002 1.0000000180025095e-35 9.5000000000000018 12.500000000000002 1.5000000000000002 6.5000000000000009 1.5000000000000002 15.500000000000002 4.5000000000000009 1.5000000000000002 3.5000000000000004 28.500000000000004 1.5000000000000002 1.5000000000000002 26.500000000000004 9.5000000000000018 7.5000000000000009 7.5000000000000009 5.5000000000000009 2.5000000000000004 5.5000000000000009 7.5000000000000009 5.5000000000000009 5.5000000000000009 4.5000000000000009 2.5000000000000004 5.5000000000000009
decision_type=2 2 2 2 2 2 2 2 2 2 2 2 2 2 2 2 2 2 2 2 2 2 2 2 2 2 2 2 2 2
left_child=4 3 8 5 6 7 26 12 11 -8 -7 14 -2 16 22 -16 17 -9 19 -5 -21 23 -3 -6 28 -18 -1 -19 -14 -11
right_child=1 2 -4 18 21 10 9 13 -10 29 -12 -13 24 -15 15 -17 25 27 -20 20 -22 -23 -24 -25 -26 -27 -28 -29 -30 -31
leaf_value=-23.200716104178596 -4.4892917761394573 9.3891111300076329 48.623401786032183 6.0784257190531328 -0.55329205628496392 3.9471465140010005 -1.1764738746942618 -1.1500602550612664 30.420633364677428 -10.390879390583383 15.261441133188647 16.86445943898168 6.2491538797986923 14.471048750596887 7.6357332331604431 27.058707652037796 -1.2440624224407228 21.833152074080246 27.130429621176287 8.6076777416726813 37.483285923004154 14.258657474177225 0.9140345699368162 17.15353487332662 12.307605906392709 -6.3516431103283528 -7.5299101716230936 4.1436141618169273 -3.7274219041069352 -4.3172773841903505
leaf_weight=29 111 197 21 463 626 574 1209 524 25 222 86 116 232 34 90 44 544 26 22 23 20 42 239 24 122 521 881 143 96 1021
leaf_count=29 111 197 21 463 626 574 1209 524 25 222 86 116 232 34 90 44 544 26 22 23 20 42 239 24 122 521 881 143 96 1021
internal_value=-3.12452e-09 3.45882 10.497 2.00389 -3.64567 0.908377 -4.59362 -0.357503 9.37089 -3.31855 5.42143 8.60377 3.73474 -1.63861 6.92265 14.0134 -1.95018 0.80457 8.25535 7.43469 22.0382 0.959809 4.74337 0.100498 5.76333 -3.7427 -8.02931 6.86508 3.32918 -5.40202
internal_weight=8327 4273 732 3541 4054 3013 3362 2353 711 2452 660 686 561 1792 570 134 1758 693 528 506 43 692 436 650 450 1065 910 169 328 1243
internal_count=8327 4273 732 3541 4054 3013 3362 2353 711 2452 660 686 561 1792 570 134 1758 693 528 506 43 692 436 650 450 1065 910 169 328 1243
is_linear=0
shrinkage=0.05


Tree=75
num_leaves=31
num_cat=0
split_feature=14 5 14 9 4 13 5 12 21 4 9 12 2 4 9 13 12 13 7 21 4 4 4 4 21 7 10 13 12 15
split_gain=3.82532e+07 1.75084e+07 1.61084e+07 1.04096e+07 1.03252e+07 1.01633e+07 6.59479e+06 6.51739e+06 5.46719e+06 5.1643e+06 5.02015e+06 4.93797e+06 4.13672e+06 6.42022e+06 4.29537e+06 3.84979e+06 3.32709e+06 3.30173e+06 3.27334e+06 4.08908e+06 3.06094e+06 3.02959e+06 6.51552e+06 3.74632e+06 2.94487e+06 3.6423e+06 2.93892e+06 3.8671e+06 2.53833e+06 2.41941e+06
threshold=10.500000000000002 10.500000000000002 27.500000000000004 20.500000000000004 11.500000000000002 33.500000000000007 1.5000000000000002 5.5000000000000009 3.5000000000000004 1.5000000000000002 2.5000000000000004 2.5000000000000004 1.0000000180025095e-35 9.5000000000000018 7.5000000000000009 23.500000000000004 2.5000000000000004 55.500000000000007 1.5000000000000002 1.0000000180025095e-35 3.5000000000000004 14.500000000000002 10.500000000000002 7.5000000000000009 1.5000000000000002 1.0000000180025095e-35 13.500000000000002 37.500000000000007 1.0000000180025095e-35 3.5000000000000004
decision_type=2 2 2 2 2 2 2 2 2 2 2 2 2 2 2 2 2 2 2 2 2 2 2 2 2 2 2 2 2 2
left_child=4 2 5 7 6 9 8 20 10 11 -1 15 13 -7 -14 28 18 -16 24 -20 26 22 23 -11 25 -12 27 -4 -2 -17
right_child=1 -3 3 -5 -6 12 -8 -9 -10 21 16 -13 14 -15 17 29 -18 -19 19 -21 -22 -23 -24 -25 -26 -27 -28 -29 -30 -31
leaf_value=-8.426005023191026 3.5852654873500769 50.032815158367157 23.28636310577393 51.347862035577954 29.284583806991577 -0.80258837237760616 2.1923384452519352 -11.367781566438222 16.609973018400133 4.5125873198352018 -9.9198629495601924 -4.1297616965168675 -3.4126229632984515 21.796066716057915 8.0866062652155328 11.106054634758921 -7.2455525387092905 20.432919910858416 3.699428305535168 -2.7848171261304571 36.777371673583986 21.527841237739281 -19.109250266211372 21.959543459343191 -10.48754072693476 -0.017498303204774857 26.488397939503194 -5.9578637123107914 -2.6736724616134766 2.7129162947490375
leaf_weight=659 217 20 20 22 24 308 438 21 31 455 141 596 77 35 816 99 518 58 289 1532 20 27 28 33 227 272 32 26 639 647
leaf_count=659 217 20 20 22 24 308 438 21 31 455 141 596 77 35 816 99 518 58 289 1532 20 27 28 33 227 272 32 26 639 647
internal_value=-3.02658e-09 3.36256 3.13904 19.7513 -3.41547 2.55854 -3.60655 13.9099 -4.29882 0.834378 -4.47698 -0.244338 6.21072 1.5034 7.90853 1.20117 -3.6034 8.90593 -2.83679 -1.75574 19.3265 5.20089 4.34658 5.6924 -5.91271 -3.39821 14.8519 6.75702 -1.087 3.82675
internal_weight=8327 4196 4176 141 4131 4035 4107 119 3669 2741 3638 2198 1294 343 951 1602 2979 874 2461 1821 98 543 516 488 640 413 78 46 856 746
internal_count=8327 4196 4176 141 4131 4035 4107 119 3669 2741 3638 2198 1294 343 951 1602 2979 874 2461 1821 98 543 516 488 640 413 78 46 856 746
is_linear=0
shrinkage=0.05


Tree=76
num_leaves=31
num_cat=0
split_feature=13 14 9 5 4 17 4 5 12 12 8 11 21 12 10 13 13 15 14 4 13 11 5 4 10 21 13 13 21 3
split_gain=3.49904e+07 1.34352e+07 9.4917e+06 8.53038e+06 8.46952e+06 7.60451e+06 6.30487e+06 6.35703e+06 5.79838e+06 5.79064e+06 5.21789e+06 5.17687e+06 4.69366e+06 4.2348e+06 4.23447e+06 3.86767e+06 3.51788e+06 3.28703e+06 3.48805e+06 3.26858e+06 3.08979e+06 3.07468e+06 2.96291e+06 2.83597e+06 3.26963e+06 2.82552e+06 2.75751e+06 2.74694e+06 2.73232e+06 3.59703e+06
threshold=22.500000000000004 27.500000000000004 20.500000000000004 1.0000000180025095e-35 1.5000000000000002 1.5000000000000002 6.5000000000000009 9.5000000000000018 1.5000000000000002 5.5000000000000009 8.5000000000000018 4.5000000000000009 3.5000000000000004 1.5000000000000002 9.5000000000000018 41.500000000000007 52.500000000000007 5.5000000000000009 7.5000000000000009 12.500000000000002 12.500000000000002 23.500000000000004 3.5000000000000004 3.5000000000000004 13.500000000000002 1.0000000180025095e-35 39.500000000000007 6.5000000000000009 1.5000000000000002 7.0000000000000009
decision_type=2 2 2 2 2 2 2 2 2 2 2 2 2 2 2 2 2 2 2 2 2 2 2 2 2 2 2 2 2 2
left_child=4 3 9 5 11 8 7 16 10 23 -2 27 14 20 17 -8 -5 18 -10 22 -13 -12 -6 24 26 -22 -3 -1 -19 -30
right_child=1 2 -4 6 19 -7 15 -9 12 -11 21 13 -14 -15 -16 -17 -18 28 -20 -21 25 -23 -24 -25 -26 -27 -28 -29 29 -31
leaf_value=-24.348087961971761 1.7796104898969578 17.652119772774835 48.780470440604475 4.4260513222535671 0.50793607349470848 31.568506681351437 13.845678555113929 31.222049526373549 -8.2647343585226274 -10.799392445882162 7.7591448489763568 -5.2013400403773611 17.461742500254982 -5.9038659525344066 2.9089171903498112 38.587785521420571 23.508503713607791 1.5886588375908988 2.3534127043973316 20.078141379356385 2.5163442904917668 20.775923394181515 15.25318452384737 34.938502747714516 25.615892387158944 -2.3070124895494177 -7.6782874974337494 -8.7998204595015448 -6.9211332983266223 4.3646731462007686
leaf_weight=32 489 21 22 712 635 21 56 24 90 21 259 613 38 1202 706 22 25 175 550 24 416 55 36 20 33 1124 22 253 550 81
leaf_count=32 489 21 22 712 635 21 56 24 90 21 259 613 38 1202 706 22 25 175 550 24 416 55 36 20 33 1124 22 253 550 81
internal_value=-5.92879e-09 3.37753 18.6493 2.82659 -3.11029 1.58533 7.28567 5.89802 1.37496 12.9836 5.00937 -4.076 0.0423393 -3.52642 -0.265252 20.8242 5.07335 -1.81502 0.860236 1.94752 -2.19912 10.0392 1.29904 18.1861 13.7776 -1.00408 4.69238 -10.5456 -3.93929 -5.4724
internal_weight=8327 3992 139 3853 4335 3014 839 761 2993 117 803 3640 2190 3355 2152 78 737 1446 640 695 2153 314 671 96 76 1540 43 285 806 631
internal_count=8327 3992 139 3853 4335 3014 839 761 2993 117 803 3640 2190 3355 2152 78 737 1446 640 695 2153 314 671 96 76 1540 43 285 806 631
is_linear=0
shrinkage=0.05


Tree=77
num_leaves=31
num_cat=0
split_feature=14 0 13 4 4 5 13 12 12 14 12 14 7 21 14 12 21 12 8 4 5 9 13 3 7 11 11 15 21 5
split_gain=3.23851e+07 1.38566e+07 1.207e+07 9.19109e+06 5.95349e+06 5.8906e+06 4.84793e+06 5.37281e+06 4.62009e+06 4.54837e+06 4.42925e+06 4.77975e+06 4.11721e+06 4.09041e+06 3.90631e+06 3.74649e+06 3.56281e+06 3.6599e+06 3.49175e+06 3.326e+06 4.43458e+06 3.23736e+06 3.20863e+06 2.90943e+06 2.79314e+06 2.75409e+06 2.5162e+06 2.42583e+06 2.41381e+06 2.39027e+06
threshold=15.500000000000002 22.500000000000004 22.500000000000004 15.500000000000002 3.5000000000000004 1.0000000180025095e-35 9.5000000000000018 2.5000000000000004 2.5000000000000004 23.500000000000004 1.0000000180025095e-35 8.5000000000000018 8.5000000000000018 2.5000000000000004 28.500000000000004 1.0000000180025095e-35 1.5000000000000002 5.5000000000000009 12.500000000000002 6.5000000000000009 8.5000000000000018 16.500000000000004 15.500000000000002 1.0000000180025095e-35 8.5000000000000018 15.500000000000002 29.500000000000004 3.5000000000000004 1.0000000180025095e-35 3.5000000000000004
decision_type=2 2 2 2 2 2 2 2 2 2 2 2 2 2 2 2 2 2 2 2 2 2 2 2 2 2 2 2 2 2
left_child=2 3 4 5 6 8 -1 13 18 -10 -4 12 -12 15 19 28 25 -18 24 20 23 -20 -17 -7 27 -13 29 -2 -8 -25
right_child=1 -3 10 -5 -6 14 7 -9 9 -11 11 16 -14 -15 -16 22 17 -19 21 -21 -22 -23 -24 26 -26 -27 -28 -29 -30 -31
leaf_value=-9.1929412100338315 12.360696914408889 47.098795442581178 9.0506498118121943 34.226208211316006 3.4197779346084753 2.1312275044769797 5.0429755313936715 -8.4100674296071247 -1.5986518496044084 7.1369583932480012 -5.3230285060824256 1.2455020030128194 16.424097608483358 15.86225362300873 31.138905352637881 -5.9369347069591001 0.96885469693899151 -13.243649210321145 9.9258803906932229 22.29240545772371 28.614123120515245 30.130326859156295 -2.0802740193380083 4.2425183371091499 19.386075573762259 9.3802388229083604 27.640355736868727 2.3594838024238349 -1.373994331092943 21.503248023986817
leaf_weight=385 70 20 166 27 302 199 203 443 568 202 405 188 23 30 21 939 1250 47 114 42 23 24 1267 78 30 233 21 453 527 27
leaf_count=385 70 20 166 27 302 199 203 443 568 202 405 188 23 30 21 939 1250 47 114 42 23 24 1267 78 30 233 21 453 527 27
internal_value=-6.28023e-09 5.698 -1.70638 5.26197 -3.33671 4.84422 -3.87452 -3.27388 3.3566 0.693028 1.18196 0.573297 -4.15437 -2.50674 10.1323 -2.69443 1.75109 0.453829 6.32468 9.00121 7.3971 13.4397 -3.72189 5.89559 4.54915 5.74762 11.8409 3.69808 0.410451 8.68099
internal_weight=8327 1919 6408 1899 4096 1872 3794 3409 1461 770 2312 2146 428 2966 411 2936 1718 1297 691 390 348 138 2206 325 553 421 126 523 730 105
internal_count=8327 1919 6408 1899 4096 1872 3794 3409 1461 770 2312 2146 428 2966 411 2936 1718 1297 691 390 348 138 2206 325 553 421 126 523 730 105
is_linear=0
shrinkage=0.05


Tree=78
num_leaves=31
num_cat=0
split_feature=9 7 9 0 14 12 16 5 4 10 21 4 3 7 21 21 3 11 10 12 13 9 12 2 13 10 14 13 21 7
split_gain=2.96389e+07 1.2909e+07 1.05983e+07 7.84535e+06 5.74965e+06 5.73079e+06 5.13362e+06 5.85856e+06 5.01325e+06 4.77835e+06 5.53525e+06 4.54159e+06 5.63389e+06 3.95217e+06 3.42144e+06 3.35536e+06 3.22793e+06 3.24527e+06 3.02999e+06 2.9515e+06 3.26413e+06 2.88557e+06 2.81299e+06 4.72802e+06 3.35358e+06 2.58877e+06 2.45876e+06 2.41137e+06 2.49483e+06 3.96106e+06
threshold=6.5000000000000009 7.5000000000000009 20.500000000000004 11.500000000000002 3.5000000000000004 3.5000000000000004 1.0000000180025095e-35 4.5000000000000009 1.5000000000000002 11.500000000000002 1.5000000000000002 7.5000000000000009 1.0000000180025095e-35 1.5000000000000002 3.5000000000000004 3.5000000000000004 1.0000000180025095e-35 24.500000000000004 16.500000000000004 2.5000000000000004 21.500000000000004 10.500000000000002 4.5000000000000009 1.5000000000000002 48.500000000000007 4.5000000000000009 22.500000000000004 5.5000000000000009 1.5000000000000002 1.0000000180025095e-35
decision_type=2 2 2 2 2 2 2 2 2 2 2 2 2 2 2 2 2 2 2 2 2 2 2 2 2 2 2 2 2 2
left_child=4 3 6 5 -1 9 7 18 15 10 13 -5 -13 -2 16 19 -12 -18 22 20 27 -9 24 26 25 -3 -24 -6 29 -29
right_child=1 2 -4 11 8 -7 -8 21 -10 -11 14 12 -14 -15 -16 -17 17 -19 -20 -21 -22 -23 23 -25 -26 -27 -28 28 -30 -31
leaf_value=-8.8505438906937535 -3.5540165196477838 19.388119372526806 44.406553104945594 5.1202541409641187 -20.436002683639529 -5.9028340221222937 31.460945884041166 9.0496807765960696 1.6926468621377417 10.254556410786108 -2.5145169644291703 33.528578712046148 0.65971196185458791 6.8034744246896501 16.711461775643485 14.610171343730048 1.2150362182217056 19.256639370551479 19.889350919839412 -6.8652453902929045 1.0565398077244665 33.568237794240318 -4.1510016486329855 10.415271251400313 20.483487753751803 4.014705309774846 -24.725848484039307 -7.8413400666944444 -4.6153457455558859 1.3114187902116392
leaf_weight=388 113 30 21 744 21 309 23 20 609 141 1121 32 22 498 28 26 603 26 36 518 466 30 53 48 41 314 20 155 1373 498
leaf_count=388 113 30 21 744 21 309 23 20 609 141 1121 32 22 498 28 26 603 26 36 518 466 30 53 48 41 314 20 155 1373 498
internal_value=-9.16687e-09 2.90557 9.47751 1.75635 -3.06254 0.52516 8.28481 7.38438 -2.44995 1.31024 0.782341 6.13646 20.1376 4.88793 -0.628523 -3.27521 -0.905962 1.96079 5.87364 -3.42864 -2.72025 23.7608 4.87648 -1.77345 6.96645 5.35541 -9.78795 -3.58004 -3.40533 -0.861135
internal_weight=8327 4273 636 3637 4054 2839 615 592 3666 2530 2389 798 54 611 1778 3057 1750 629 542 3031 2513 50 506 121 385 344 73 2047 2026 653
internal_count=8327 4273 636 3637 4054 2839 615 592 3666 2530 2389 798 54 611 1778 3057 1750 629 542 3031 2513 50 506 121 385 344 73 2047 2026 653
is_linear=0
shrinkage=0.05


Tree=79
num_leaves=31
num_cat=0
split_feature=8 7 5 4 4 2 21 3 11 12 17 14 3 7 5 4 13 11 11 13 12 14 11 9 8 12 9 2 8 5
split_gain=2.75381e+07 1.25306e+07 1.12132e+07 8.33626e+06 6.5511e+06 6.52547e+06 6.34413e+06 5.72043e+06 4.22097e+06 4.12698e+06 3.61435e+06 3.56038e+06 3.49956e+06 3.30667e+06 3.80638e+06 2.88871e+06 2.75692e+06 2.86056e+06 2.73122e+06 2.61929e+06 2.55403e+06 2.76866e+06 2.50033e+06 2.38636e+06 2.24475e+06 2.20271e+06 2.18718e+06 2.06194e+06 3.54133e+06 3.21944e+06
threshold=7.5000000000000009 14.500000000000002 8.5000000000000018 1.5000000000000002 2.5000000000000004 1.0000000180025095e-35 3.5000000000000004 1.0000000180025095e-35 4.5000000000000009 1.0000000180025095e-35 1.5000000000000002 27.500000000000004 11.000000000000002 10.500000000000002 1.5000000000000002 7.5000000000000009 55.500000000000007 33.500000000000007 27.500000000000004 22.500000000000004 5.5000000000000009 27.500000000000004 11.500000000000002 2.5000000000000004 13.500000000000002 3.5000000000000004 11.500000000000002 2.5000000000000004 10.500000000000002 1.0000000180025095e-35
decision_type=2 2 2 2 2 2 2 2 2 2 2 2 2 2 2 2 2 2 2 2 2 2 2 2 2 2 2 2 2 2
left_child=2 4 3 6 5 20 7 8 -1 19 12 27 16 14 -5 -15 17 -7 23 -10 21 -2 -9 -11 -18 26 -25 29 -29 -6
right_child=1 -3 -4 13 11 10 -8 22 9 18 -12 -13 -14 15 -16 -17 24 -19 -20 -21 -22 -23 -24 25 -26 -27 -28 28 -30 -31
leaf_value=-10.539740532293242 -1.1099412124835808 32.361409700833832 28.035283960834626 -0.50211879324655617 3.662951145734382 3.6519519640601064 15.669896246592206 -2.6586542050577258 -1.0295360582514801 -8.5085551313888956 20.526634874343873 26.311329953423861 17.971421856350371 5.9753874939523248 7.7542342555730848 26.199466464830483 1.9741482098897298 -12.233392643106395 13.395345074789866 10.501154944631789 -16.534080402667708 17.760659561157226 2.1261920300355803 -4.0602189143712373 21.409209181712228 -9.2795854502884794 2.6376167170818037 32.714533042907718 6.1116935853300429 13.91455718074833
leaf_weight=243 691 39 31 741 247 1245 45 501 560 357 35 29 45 76 172 23 24 29 21 54 26 20 600 1953 39 189 130 22 29 111
leaf_count=243 691 39 31 741 247 1245 45 501 560 357 35 29 45 76 172 23 24 29 21 54 26 20 600 1953 39 189 130 22 29 111
internal_value=-8.24135e-09 4.23075 -1.9542 -2.1183 3.80749 2.67398 -3.0128 -3.19525 -4.18233 -3.70903 4.65871 9.38185 4.25685 1.99444 1.05329 10.6739 3.79525 3.29035 -4.56483 -0.0154362 -1.14198 -0.579123 -0.0511086 -4.7083 14.0054 -4.11116 -3.64221 8.18148 17.5874 6.84152
internal_weight=8327 2631 5696 5665 2592 2154 4653 4608 3507 3264 1417 438 1382 1012 913 99 1337 1274 2650 614 737 711 1101 2629 63 2272 2083 409 51 358
internal_count=8327 2631 5696 5665 2592 2154 4653 4608 3507 3264 1417 438 1382 1012 913 99 1337 1274 2650 614 737 711 1101 2629 63 2272 2083 409 51 358
is_linear=0
shrinkage=0.05


Tree=80
num_leaves=31
num_cat=0
split_feature=8 7 5 4 21 14 4 2 7 12 9 11 3 3 14 5 10 12 5 4 12 14 13 13 12 9 14 14 11 15
split_gain=2.48531e+07 1.13088e+07 1.01199e+07 7.65821e+06 6.73146e+06 6.03453e+06 5.91237e+06 5.88924e+06 4.9758e+06 4.58713e+06 4.72323e+06 3.56988e+06 3.38441e+06 3.29877e+06 3.21324e+06 2.92464e+06 2.64024e+06 2.5709e+06 2.33452e+06 2.30797e+06 2.30502e+06 2.49872e+06 2.28001e+06 2.22635e+06 2.21525e+06 2.05547e+06 1.98423e+06 1.91302e+06 1.89975e+06 2.17014e+06
threshold=7.5000000000000009 14.500000000000002 8.5000000000000018 3.5000000000000004 3.5000000000000004 4.5000000000000009 2.5000000000000004 1.0000000180025095e-35 10.500000000000002 2.5000000000000004 11.500000000000002 28.500000000000004 4.5000000000000009 1.0000000180025095e-35 27.500000000000004 1.0000000180025095e-35 15.500000000000002 1.0000000180025095e-35 1.5000000000000002 1.0000000180025095e-35 5.5000000000000009 27.500000000000004 22.500000000000004 15.500000000000002 2.5000000000000004 15.500000000000002 1.5000000000000002 23.500000000000004 16.500000000000004 11.500000000000002
decision_type=2 2 2 2 2 2 2 2 2 2 2 2 2 2 2 2 2 2 2 2 2 2 2 2 2 2 2 2 2 2
left_child=2 6 3 4 5 26 7 20 -5 10 13 -11 15 17 -8 16 24 22 -15 -12 21 -2 -7 -19 -9 -14 -1 -18 -17 -30
right_child=1 -3 -4 8 -6 9 14 12 -10 11 19 -13 25 18 -16 28 27 23 -20 -21 -22 -23 -24 -25 -26 -27 -28 -29 29 -31
leaf_value=-16.082423211847033 -1.0544441135764639 30.743338830654437 26.63351982831955 1.6522970315671455 16.039221442739169 -0.67670530121852446 7.7724020017880253 3.7347989277516285 15.070091068017774 -5.569802640740428 3.8308063505918954 14.803040972622959 7.9908716276651477 0.3714524924509473 24.995763239367257 2.5576523377781823 1.9551070272922517 -5.7034202680610839 10.712499994746709 18.05481468677521 -15.707376334758905 16.872626304626465 10.029337039860813 -2.1355303181377008 -1.1926528327780175 20.896742195832104 -6.2759637719231014 20.507695897420248 14.484375878303283 -3.2644504356384276
leaf_weight=56 691 39 31 439 48 519 409 529 82 951 154 22 164 728 29 84 24 701 59 35 26 20 55 1162 401 38 654 33 124 20
leaf_count=56 691 39 31 439 48 519 409 529 82 951 154 22 164 728 29 84 24 701 59 35 26 20 55 1162 401 38 654 33 124 20
internal_value=-9.075e-11 4.01921 -1.85649 -2.01239 -2.59745 -2.77299 3.61711 2.54028 3.76412 -2.08073 -1.21736 -5.10916 4.42578 -1.66772 8.91276 3.42942 2.25039 -2.5766 1.1467 6.46488 -1.08488 -0.550166 0.349135 -3.47804 1.61017 10.4187 -7.04943 12.6961 8.53341 12.0193
internal_weight=8327 2631 5696 5665 5144 5096 2592 2154 521 4386 3413 973 1417 3224 438 1215 987 2437 787 189 737 711 574 1863 930 202 710 57 228 144
internal_count=8327 2631 5696 5665 5144 5096 2592 2154 521 4386 3413 973 1417 3224 438 1215 987 2437 787 189 737 711 574 1863 930 202 710 57 228 144
is_linear=0
shrinkage=0.05


Tree=81
num_leaves=31
num_cat=0
split_feature=9 11 7 5 8 5 12 4 2 1 3 12 5 11 10 4 15 12 0 13 3 10 7 4 5 7 2 15 4 7
split_gain=2.29441e+07 1.16081e+07 1.06066e+07 7.55168e+06 6.04256e+06 4.69584e+06 4.66255e+06 4.24769e+06 4.09553e+06 4.08177e+06 3.39837e+06 3.39607e+06 3.38099e+06 3.09296e+06 2.81195e+06 2.5894e+06 2.49472e+06 2.35112e+06 2.39886e+06 3.0049e+06 2.64885e+06 2.25754e+06 2.79464e+06 2.67365e+06 2.1933e+06 2.11806e+06 2.06374e+06 2.65174e+06 2.05715e+06 1.9723e+06
threshold=6.5000000000000009 38.500000000000007 18.500000000000004 1.0000000180025095e-35 8.5000000000000018 1.0000000180025095e-35 1.5000000000000002 6.5000000000000009 1.0000000180025095e-35 4.5000000000000009 1.0000000180025095e-35 1.5000000000000002 9.5000000000000018 18.500000000000004 12.500000000000002 1.0000000180025095e-35 4.5000000000000009 1.0000000180025095e-35 12.500000000000002 28.500000000000004 1.0000000180025095e-35 7.5000000000000009 10.500000000000002 1.5000000000000002 5.5000000000000009 6.5000000000000009 1.5000000000000002 9.5000000000000018 5.5000000000000009 5.5000000000000009
decision_type=2 2 2 2 2 2 2 2 2 2 2 2 2 2 2 2 2 2 2 2 2 2 2 2 2 2 2 2 2 2
left_child=5 2 3 4 17 9 14 12 16 -1 11 29 13 -5 15 -6 -8 -2 -19 -20 25 -10 23 -23 28 -21 27 -9 -7 -11
right_child=1 -3 -4 7 6 24 8 26 21 10 -12 -13 -14 -15 -16 -17 -18 18 19 20 -22 22 -24 -25 -26 -27 -28 -29 -30 -31
leaf_value=-8.8104966516834295 3.7786992516980242 34.64459129061018 38.670837264060978 2.0478532123312037 5.7347960615354312 -0.20999186952202656 7.1085864661955371 30.306499775035963 -0.23375522136977575 -2.4410115137536774 0.28506405966376241 -5.9268231933550304 22.558280944824219 8.6140829695915357 23.422272356094854 20.466964390698603 -5.0818051377932232 -1.8319159853169937 17.027048937050072 1.0208203860048977 9.795557558770275 5.1541461023561821 -8.2895922690629966 14.885595813564871 12.130153692336311 -16.184577751159669 5.5177441914876306 8.0611836615062895 14.706504575411479 9.2650938936181984
leaf_weight=323 268 28 20 470 243 626 51 37 206 1308 657 1037 27 290 31 34 237 1622 37 53 51 374 32 87 42 27 27 21 24 37
leaf_count=323 268 28 20 470 243 626 51 37 206 1308 657 1037 27 290 31 34 237 1622 37 53 51 374 32 87 42 27 27 21 24 37
internal_value=1.61077e-10 2.55644 2.34479 2.17283 1.09483 -2.69455 3.77062 6.31795 2.09466 -3.46658 -2.89861 -3.77672 5.17109 4.55339 9.14131 7.54308 -2.92309 -0.588913 -1.24283 4.44461 0.890789 4.16206 5.99884 6.99067 1.05631 -4.786 16.9365 22.2522 0.340771 -2.11898
internal_weight=8327 4273 4245 4225 3353 4054 1295 872 987 3362 3039 2382 787 760 308 277 288 2058 1790 168 131 699 493 461 692 80 85 58 650 1345
internal_count=8327 4273 4245 4225 3353 4054 1295 872 987 3362 3039 2382 787 760 308 277 288 2058 1790 168 131 699 493 461 692 80 85 58 650 1345
is_linear=0
shrinkage=0.05


Tree=82
num_leaves=31
num_cat=0
split_feature=14 5 13 4 13 14 12 7 14 21 13 4 5 12 21 5 3 12 5 0 15 13 13 15 12 7 12 12 10 1
split_gain=2.10439e+07 1.25234e+07 1.10684e+07 7.37343e+06 7.23127e+06 4.31521e+06 4.76692e+06 6.46305e+06 3.90769e+06 3.88665e+06 3.85668e+06 3.10613e+06 3.08305e+06 3.20722e+06 3.06402e+06 2.78657e+06 2.87495e+06 2.71042e+06 3.09689e+06 3.62996e+06 5.05433e+06 2.66597e+06 2.65663e+06 2.5585e+06 2.56923e+06 2.54191e+06 2.57956e+06 2.52389e+06 2.49046e+06 2.28731e+06
threshold=9.5000000000000018 10.500000000000002 61.500000000000007 11.500000000000002 31.500000000000004 21.500000000000004 2.5000000000000004 12.500000000000002 2.5000000000000004 2.5000000000000004 28.500000000000004 15.500000000000002 1.0000000180025095e-35 3.5000000000000004 3.5000000000000004 1.5000000000000002 4.5000000000000009 2.5000000000000004 1.5000000000000002 17.500000000000004 10.500000000000002 22.500000000000004 5.5000000000000009 7.5000000000000009 3.5000000000000004 5.5000000000000009 1.0000000180025095e-35 1.0000000180025095e-35 6.5000000000000009 14.500000000000002
decision_type=2 2 2 2 2 2 2 2 2 2 2 2 2 2 2 2 2 2 2 2 2 2 2 2 2 2 2 2 2 2
left_child=3 2 4 8 5 6 7 15 -1 11 -7 17 13 14 22 16 27 -6 -19 20 23 -17 -10 -20 -25 26 -24 -2 -23 -30
right_child=1 -3 -4 -5 9 10 -8 -9 12 -11 -12 -13 -14 -15 -16 21 -18 18 19 -21 -22 28 25 24 -26 -27 -28 -29 29 -31
leaf_value=-10.39406464526483 3.5130961340917666 41.636017169952396 33.332276410715927 26.604651587350027 6.3499221782627941 17.68481786278161 -3.4465005144042111 29.458021106719968 -18.794843324025475 16.394006250088033 -1.8408003551204031 21.073840130292453 0.66213003919696889 -11.270829085765348 16.453034158945083 0.87454782433397193 7.4685621808665674 0.88540820621473848 3.4000748174232349 27.221175141768022 -10.550173350926993 3.0797367389385517 -0.44125047001693257 4.3677193689346314 26.952389862958128 4.4799769776838794 -4.2437164516872672 -1.196809510154107 26.764125206190002 8.2853549061399523
leaf_weight=175 355 20 28 21 592 66 754 20 27 65 41 26 558 124 20 127 129 860 57 22 37 52 582 20 34 108 1909 1431 34 33
leaf_count=175 355 20 28 21 592 66 754 20 27 65 41 26 558 124 20 127 129 860 57 22 37 52 582 20 34 108 1909 1431 34 33
internal_value=3.63928e-09 2.15303 1.98793 -2.93445 1.80336 0.340169 -0.0193972 1.1654 -3.11153 4.40174 10.203 3.92875 -2.72859 -3.41163 -3.04332 0.903549 0.260031 3.65392 2.10437 8.27088 5.45394 5.91305 -3.19181 10.7886 18.5877 -3.02971 -3.3553 -0.26063 11.2903 17.6626
internal_weight=8327 4803 4783 3524 4755 3042 2935 2181 3503 1713 107 1648 3328 2770 2646 2161 1915 1622 1030 170 148 246 2626 111 54 2599 2491 1786 119 67
internal_count=8327 4803 4783 3524 4755 3042 2935 2181 3503 1713 107 1648 3328 2770 2646 2161 1915 1622 1030 170 148 246 2626 111 54 2599 2491 1786 119 67
is_linear=0
shrinkage=0.05


Tree=83
num_leaves=31
num_cat=0
split_feature=14 14 9 7 4 17 3 2 3 5 13 13 21 7 10 15 2 7 9 12 5 5 12 21 5 11 7 12 21 13
split_gain=1.93843e+07 9.0909e+06 8.42931e+06 5.79815e+06 5.4148e+06 4.93065e+06 4.48061e+06 4.2079e+06 4.0663e+06 3.87364e+06 3.78164e+06 3.60578e+06 3.53699e+06 5.23388e+06 3.24795e+06 3.75149e+06 3.34172e+06 3.07433e+06 2.93137e+06 2.31595e+06 3.47427e+06 2.26763e+06 2.16436e+06 2.33209e+06 2.11476e+06 2.02162e+06 2.00146e+06 1.94329e+06 1.93902e+06 1.93521e+06
threshold=16.500000000000004 33.500000000000007 5.5000000000000009 16.500000000000004 1.0000000180025095e-35 1.5000000000000002 11.000000000000002 2.5000000000000004 1.0000000180025095e-35 5.5000000000000009 17.500000000000004 8.5000000000000018 1.5000000000000002 1.0000000180025095e-35 10.500000000000002 10.500000000000002 2.5000000000000004 1.5000000000000002 16.500000000000004 4.5000000000000009 1.0000000180025095e-35 3.5000000000000004 4.5000000000000009 2.5000000000000004 4.5000000000000009 12.500000000000002 6.5000000000000009 1.0000000180025095e-35 2.5000000000000004 28.500000000000004
decision_type=2 2 2 2 2 2 2 2 2 2 2 2 2 2 2 2 2 2 2 2 2 2 2 2 2 2 2 2 2 2
left_child=2 3 9 5 8 6 10 27 21 11 -2 -1 13 -13 15 18 -17 -14 29 -16 -21 26 23 -19 -7 -10 -4 -6 -29 -12
right_child=1 -3 4 -5 7 24 -8 -9 25 -11 14 12 17 -15 19 16 -18 22 -20 20 -22 -23 -24 -25 -26 -27 -28 28 -30 -31
leaf_value=-9.2690017892543928 19.926253122271916 38.46844117164612 -2.8585412678562037 30.031873850388962 10.163970837941985 30.450251088539762 19.21363838195801 16.585592116339733 -0.9210089697727355 15.128926888827621 4.448858785672309 -7.8923798205786291 -8.8745758687003242 1.5920799960247132 7.5187469319713589 -9.7696617436885838 9.0694790018015894 -3.1589601907424978 12.264668850337758 -4.0796193970452759 14.890580933324754 5.9896338189520488 -16.040497940778732 11.395424543108259 9.4603688995043438 3.973099585491886 6.7595485849039889 1.7204791201858811 17.105913580031622 -1.155448785827895
leaf_weight=229 33 20 1585 22 82 24 45 59 348 29 277 180 274 758 433 125 29 1616 68 109 31 82 32 28 24 536 56 825 21 347
leaf_count=229 33 20 1585 22 82 24 45 59 348 29 277 180 274 758 433 125 29 1616 68 109 31 82 32 28 24 536 56 825 21 347
internal_value=1.66996e-09 4.97155 -1.1706 4.54402 0.483746 4.18109 3.6753 3.63791 -0.710408 -3.06053 3.19374 -3.22976 -2.75089 -0.227966 2.80461 0.835931 -6.22203 -3.96448 2.40663 5.71125 0.120925 -2.12484 -3.16176 -2.91108 19.9553 2.04646 -2.53032 2.81473 2.10239 1.33236
internal_weight=8327 1587 6740 1567 3594 1545 1497 987 2607 3146 1452 3117 2888 938 1419 846 154 1950 692 573 140 1723 1676 1644 48 884 1641 928 846 624
internal_count=8327 1587 6740 1567 3594 1545 1497 987 2607 3146 1452 3117 2888 938 1419 846 154 1950 692 573 140 1723 1676 1644 48 884 1641 928 846 624
is_linear=0
shrinkage=0.05


Tree=84
num_leaves=31
num_cat=0
split_feature=9 11 4 10 11 4 5 21 2 4 9 4 14 12 15 15 13 0 12 10 7 15 8 14 5 12 10 5 4 3
split_gain=1.79072e+07 9.9993e+06 8.75595e+06 5.7956e+06 4.65196e+06 4.41726e+06 4.3405e+06 3.98229e+06 3.88658e+06 4.60869e+06 3.2565e+06 3.23498e+06 2.91129e+06 2.88357e+06 2.75262e+06 2.49498e+06 3.10707e+06 3.13711e+06 2.99433e+06 3.86064e+06 2.42228e+06 2.42138e+06 2.29871e+06 2.12617e+06 2.09579e+06 2.85551e+06 2.1669e+06 2.08906e+06 1.87212e+06 1.82973e+06
threshold=11.500000000000002 38.500000000000007 1.0000000180025095e-35 5.5000000000000009 15.500000000000002 11.500000000000002 5.5000000000000009 2.5000000000000004 1.0000000180025095e-35 13.500000000000002 3.5000000000000004 8.5000000000000018 9.5000000000000018 1.5000000000000002 10.500000000000002 5.5000000000000009 48.500000000000007 12.500000000000002 3.5000000000000004 14.500000000000002 12.500000000000002 12.500000000000002 10.500000000000002 2.5000000000000004 1.5000000000000002 1.5000000000000002 5.5000000000000009 2.5000000000000004 10.500000000000002 1.0000000180025095e-35
decision_type=2 2 2 2 2 2 2 2 2 2 2 2 2 2 2 2 2 2 2 2 2 2 2 2 2 2 2 2 2 2
left_child=2 6 3 10 5 20 7 8 14 11 -1 15 -5 -12 -2 -10 21 -18 -19 -20 23 -17 -8 -4 -6 -26 -27 -28 -25 -14
right_child=1 -3 4 12 24 -7 22 -9 9 -11 13 -13 29 -15 -16 16 17 18 19 -21 -22 -23 -24 28 25 26 27 -29 -30 -31
leaf_value=-6.0038236385405463 1.5133249968179534 38.039122904901923 -13.567034088621538 -2.9442842832310601 4.1478073594203364 17.637782186932036 29.482616692322949 20.34601515177134 11.483450638925708 28.685147290286565 -0.77518198240557945 -9.6918864660792892 -0.28526632954306907 -4.5844346933549751 -9.4708801967996958 3.6147992655600785 26.834047538757325 19.157649230312657 9.6239856874942777 -13.461717489030628 17.121383743286135 -7.6080874473960307 8.2481755676269533 0.26351080921337261 26.27865562438965 -5.4274581750233972 23.375997279240536 6.2734835990688254 -11.644848464517032 3.1833270791275319
leaf_weight=902 290 23 30 666 390 36 26 37 148 21 1169 36 1047 864 71 437 25 37 55 27 20 54 25 1127 26 24 26 57 34 597
leaf_count=902 290 23 30 666 390 36 26 37 148 21 1169 36 1047 864 71 437 25 37 55 27 20 54 25 1127 26 24 26 57 34 597
internal_value=-4.80922e-09 5.3615 -1.00275 -2.02892 2.03809 0.37805 4.77842 4.18953 3.69178 5.55643 -3.50344 4.96338 -0.155464 -2.39407 -0.647003 5.63719 4.27459 10.7329 7.3503 2.0226 -0.135038 2.38051 19.0736 -0.424819 5.99617 11.4162 7.80472 11.6309 -0.0852267 0.974314
internal_weight=8327 1312 7015 5245 1770 1247 1289 1238 1201 840 2935 819 2310 2033 361 783 635 144 119 82 1211 491 51 1191 523 133 107 83 1161 1644
internal_count=8327 1312 7015 5245 1770 1247 1289 1238 1201 840 2935 819 2310 2033 361 783 635 144 119 82 1211 491 51 1191 523 133 107 83 1161 1644
is_linear=0
shrinkage=0.05


Tree=85
num_leaves=31
num_cat=0
split_feature=8 7 5 4 4 2 21 3 11 12 3 14 15 10 1 4 14 4 5 7 4 12 8 11 14 11 5 13 12 13
split_gain=1.65973e+07 8.61521e+06 7.3781e+06 5.40794e+06 4.50825e+06 4.46423e+06 4.42646e+06 3.8942e+06 3.06039e+06 3.0929e+06 2.6272e+06 2.59434e+06 2.42439e+06 2.49848e+06 2.45624e+06 2.26392e+06 3.68759e+06 2.80517e+06 2.33848e+06 3.33459e+06 2.45465e+06 2.15006e+06 2.1186e+06 2.59803e+06 2.08337e+06 2.02812e+06 2.01186e+06 2.2588e+06 2.00486e+06 1.9116e+06
threshold=7.5000000000000009 14.500000000000002 8.5000000000000018 1.5000000000000002 2.5000000000000004 1.0000000180025095e-35 3.5000000000000004 1.0000000180025095e-35 4.5000000000000009 1.0000000180025095e-35 4.5000000000000009 27.500000000000004 3.5000000000000004 11.500000000000002 14.500000000000002 11.500000000000002 11.500000000000002 10.500000000000002 1.0000000180025095e-35 11.500000000000002 5.5000000000000009 5.5000000000000009 15.500000000000002 23.500000000000004 27.500000000000004 27.500000000000004 4.5000000000000009 48.500000000000007 3.5000000000000004 23.500000000000004
decision_type=2 2 2 2 2 2 2 2 2 2 2 2 2 2 2 2 2 2 2 2 2 2 2 2 2 2 2 2 2 2
left_child=2 4 3 6 5 21 7 8 -1 29 12 -6 14 26 -7 17 -17 18 19 -5 -20 24 23 -15 -2 28 27 -14 -11 -10
right_child=1 -3 -4 15 11 10 -8 -9 9 25 -12 -13 13 22 -16 16 -18 -19 20 -21 -22 -23 -24 -25 -26 -27 -28 -29 -30 -31
leaf_value=-8.7508222486256582 -1.10706024967382 26.609820263202376 22.809208405402401 -0.92283247771687538 6.5331279328334304 5.1951920372135234 13.234954772525365 0.071068062005965535 -0.5215318063179093 -3.3879722362164388 8.9149510719250937 22.009154790023278 -0.37460382447279561 11.081860486851184 20.639797177034268 27.341731929779055 -0.23521054938987451 -11.83418388724327 2.9306142086291134 18.49375922576241 13.785643838735727 -15.285452474997596 18.339092023444898 -0.61422361697790762 15.262382211685182 11.801387437184651 12.8143485733957 11.809108871221543 -8.4373955477342424 10.183567393620811
leaf_weight=243 691 39 31 573 409 106 45 1101 569 2415 202 29 777 86 34 22 27 40 262 23 65 26 33 106 20 21 33 40 214 45
leaf_count=243 691 39 31 573 409 106 45 1101 569 2415 202 29 777 86 34 22 27 40 262 23 65 26 33 106 20 21 33 40 214 45
internal_value=-4.28352e-09 3.28449 -1.51712 -1.65024 2.93353 1.99322 -2.3707 -2.52309 -3.33752 -2.9345 3.63483 7.5578 2.75698 1.95097 8.94602 1.66231 12.1463 1.12886 1.69064 -0.173534 5.08834 -1.16303 6.6361 4.62465 -0.646598 -3.67537 0.710789 0.221906 -3.79899 0.263044
internal_weight=8327 2631 5696 5665 2592 2154 4653 4608 3507 3264 1417 438 1215 1075 140 1012 49 963 923 596 327 737 225 192 711 2650 850 817 2629 614
internal_count=8327 2631 5696 5665 2592 2154 4653 4608 3507 3264 1417 438 1215 1075 140 1012 49 963 923 596 327 737 225 192 711 2650 850 817 2629 614
is_linear=0
shrinkage=0.05


Tree=86
num_leaves=31
num_cat=0
split_feature=9 11 4 10 16 11 4 5 21 15 2 4 9 9 14 12 3 17 15 14 7 12 12 12 21 8 15 14 15 0
split_gain=1.50752e+07 8.88156e+06 7.29646e+06 4.99436e+06 4.00152e+06 3.74267e+06 3.74647e+06 3.66889e+06 3.53197e+06 3.31044e+06 3.53383e+06 4.52298e+06 2.86669e+06 2.56504e+06 2.51523e+06 2.48478e+06 2.27339e+06 2.16126e+06 2.08265e+06 2.02544e+06 1.9072e+06 1.80187e+06 1.78928e+06 1.77155e+06 1.72317e+06 2.92227e+06 2.73396e+06 2.6497e+06 1.73642e+06 1.94629e+06
threshold=11.500000000000002 38.500000000000007 1.0000000180025095e-35 5.5000000000000009 1.0000000180025095e-35 15.500000000000002 11.500000000000002 5.5000000000000009 2.5000000000000004 5.5000000000000009 1.0000000180025095e-35 13.500000000000002 2.5000000000000004 20.500000000000004 9.5000000000000018 3.5000000000000004 9.5000000000000018 1.5000000000000002 8.5000000000000018 2.5000000000000004 6.5000000000000009 1.0000000180025095e-35 1.0000000180025095e-35 2.5000000000000004 1.5000000000000002 13.500000000000002 10.500000000000002 21.500000000000004 8.5000000000000018 10.500000000000002
decision_type=2 2 2 2 2 2 2 2 2 2 2 2 2 2 2 2 2 2 2 2 2 2 2 2 2 2 2 2 2 2
left_child=2 7 3 12 5 6 18 8 9 -2 -11 13 -1 16 -5 20 -12 -9 19 -4 22 -7 -14 -21 28 26 27 -26 29 -23
right_child=1 -3 4 14 -6 21 -8 17 -10 10 11 -13 15 -15 -16 -17 -18 -19 -20 23 -22 24 -24 -25 25 -27 -28 -29 -30 -31
leaf_value=-6.6657383514590478 8.8120383650855683 35.716441312043564 -12.810309655666352 -2.7098513616903408 23.047013716264203 17.738221698337131 15.984225018819174 26.477560604029691 19.043955014203046 -2.5763781760747619 1.9688180943493787 26.883311930156893 0.14744906914038736 16.298707421620687 0.93245870041640577 -9.7559472592531051 17.353943492412565 5.6950165141712539 -11.323374787966412 1.5079073362336273 9.4201556655338834 11.199747762084009 -3.1274034793509604 -3.0601392907156075 0.760091560580341 17.579876794486211 -15.227936871846518 17.244443052786369 17.0719936158922 -2.0413927941906209
leaf_weight=502 226 23 30 666 22 27 36 29 37 286 607 21 549 36 1644 113 25 22 42 840 35 64 1736 284 251 29 24 27 45 49
leaf_count=502 226 23 30 666 22 27 36 29 37 286 607 21 549 36 1644 113 25 22 42 840 35 64 1736 284 251 29 24 27 45 49
internal_value=-8.62699e-09 4.91932 -0.920049 -1.8568 1.85582 1.58911 0.0918049 4.3698 3.82837 3.35962 2.09577 4.03516 -3.2256 3.31688 -0.117662 -2.5158 2.57741 17.5125 -0.386562 0.0114847 -2.16315 5.16406 -2.34058 0.353703 4.46978 2.41912 0.963286 2.36109 8.76579 5.45801
internal_weight=8327 1312 7015 5245 1770 1748 1232 1289 1238 1201 975 689 2935 668 2310 2433 632 51 1196 1154 2320 516 2285 1124 489 331 302 278 158 113
internal_count=8327 1312 7015 5245 1770 1748 1232 1289 1238 1201 975 689 2935 668 2310 2433 632 51 1196 1154 2320 516 2285 1124 489 331 302 278 158 113
is_linear=0
shrinkage=0.05


Tree=87
num_leaves=31
num_cat=0
split_feature=8 0 5 4 21 7 21 13 2 5 7 13 12 17 3 10 12 7 11 15 14 15 15 1 9 15 10 3 7 7
split_gain=1.39911e+07 8.1801e+06 6.48836e+06 5.84453e+06 4.67642e+06 7.34011e+06 5.05638e+06 3.67814e+06 3.35231e+06 3.95052e+06 3.00783e+06 2.98173e+06 3.71502e+06 3.37142e+06 2.97721e+06 2.90582e+06 2.87402e+06 3.68971e+06 3.03078e+06 2.37612e+06 2.24215e+06 2.48486e+06 2.23717e+06 2.73517e+06 2.17068e+06 2.15122e+06 2.5187e+06 2.52504e+06 2.12267e+06 2.0833e+06
threshold=7.5000000000000009 22.500000000000004 8.5000000000000018 15.500000000000002 1.5000000000000002 1.0000000180025095e-35 3.5000000000000004 10.500000000000002 1.0000000180025095e-35 5.5000000000000009 12.500000000000002 55.500000000000007 5.5000000000000009 1.5000000000000002 4.5000000000000009 14.500000000000002 1.5000000000000002 5.5000000000000009 27.500000000000004 7.5000000000000009 24.500000000000004 10.500000000000002 3.5000000000000004 14.500000000000002 15.500000000000002 5.5000000000000009 8.5000000000000018 7.0000000000000009 1.5000000000000002 10.500000000000002
decision_type=2 2 2 2 2 2 2 2 2 2 2 2 2 2 2 2 2 2 2 2 2 2 2 2 2 2 2 2 2 2
left_child=2 3 4 8 5 -1 7 -6 20 11 16 12 13 14 22 -13 17 -9 25 -11 21 29 23 -10 -16 28 27 -27 -18 -2
right_child=1 -3 -4 -5 6 -7 -8 10 9 19 -12 15 -14 -15 24 -17 18 -19 -20 -21 -22 -23 -24 -25 -26 26 -28 -29 -30 -31
leaf_value=-7.0465713271137451 -0.47038734104159263 34.096937679109118 21.419512979445919 24.346429074195125 -7.72301954162445 2.0027752392949205 13.164219714146036 -1.5398456530488049 4.146194744961603 5.1308922974959668 13.553536837895713 22.547707270964597 -8.1125681612589595 22.026181342204413 6.9272654442226189 2.3881286014210095 -10.18410592485596 7.1109045557121737 12.611758626412069 26.491680704752607 8.9664684811607014 -11.116628528524329 1.5290138423442841 19.826167191685858 22.990725411971411 -9.6713950926033903 -1.7886553607616329 7.392051481164021 -2.1614028840112898 15.148581988161261
leaf_weight=264 722 21 31 31 331 1482 51 1538 112 23 30 39 73 24 170 33 89 134 28 30 64 54 1152 37 24 378 197 23 1120 22
leaf_count=264 722 21 31 31 331 1482 51 1538 112 23 30 39 73 24 170 33 89 134 28 30 64 54 1152 37 24 378 197 23 1120 22
internal_value=4.5156e-09 3.01562 -1.39292 2.76554 -1.51776 0.634489 -2.47663 -2.68286 2.50614 3.78341 -2.21119 3.35538 2.90527 3.43476 3.13631 13.3079 -2.34605 -0.846544 -3.71235 17.2219 -0.038045 -0.760212 2.27469 8.03988 8.9145 -3.9653 -6.41829 -8.69269 -2.75199 -0.0085361
internal_weight=8327 2631 5696 2610 5665 1746 3919 3868 2579 1717 3537 1664 1592 1519 1495 72 3507 1672 1835 53 862 798 1301 149 194 1807 598 401 1209 744
internal_count=8327 2631 5696 2610 5665 1746 3919 3868 2579 1717 3537 1664 1592 1519 1495 72 3507 1672 1835 53 862 798 1301 149 194 1807 598 401 1209 744
is_linear=0
shrinkage=0.05


Tree=88
num_leaves=31
num_cat=0
split_feature=9 14 7 5 4 21 12 7 14 10 21 13 21 7 7 9 3 21 10 12 7 11 11 10 12 5 15 7 8 7
split_gain=1.29643e+07 8.21271e+06 7.63052e+06 5.03184e+06 3.80795e+06 3.68319e+06 4.03986e+06 5.27097e+06 3.82203e+06 3.65413e+06 3.96383e+06 3.25392e+06 3.38042e+06 4.10038e+06 2.98383e+06 2.63641e+06 2.38606e+06 2.26947e+06 2.25903e+06 2.25499e+06 2.31577e+06 2.24585e+06 2.12574e+06 1.9502e+06 1.89937e+06 2.27103e+06 1.85663e+06 1.79279e+06 1.76621e+06 1.76208e+06
threshold=6.5000000000000009 33.500000000000007 18.500000000000004 1.0000000180025095e-35 6.5000000000000009 2.5000000000000004 2.5000000000000004 9.5000000000000018 7.5000000000000009 11.500000000000002 1.5000000000000002 7.5000000000000009 1.5000000000000002 1.0000000180025095e-35 1.5000000000000002 12.500000000000002 7.0000000000000009 3.5000000000000004 7.5000000000000009 3.5000000000000004 10.500000000000002 15.500000000000002 18.500000000000004 6.5000000000000009 1.5000000000000002 3.5000000000000004 10.500000000000002 1.5000000000000002 14.500000000000002 7.5000000000000009
decision_type=2 2 2 2 2 2 2 2 2 2 2 2 2 2 2 2 2 2 2 2 2 2 2 2 2 2 2 2 2 2
left_child=11 2 3 5 22 6 7 9 -8 10 15 -1 13 -13 -14 27 17 19 26 20 -16 -11 -5 -6 25 -15 -10 -2 -12 -25
right_child=1 -3 -4 4 23 -7 8 -9 18 21 28 12 14 24 16 -17 -18 -19 -20 -21 -22 -23 -24 29 -26 -27 -28 -29 -30 -31
leaf_value=-9.716844090505651 -2.7880429706947751 33.887012577056886 32.582526664733891 1.8315831788920331 4.4377050991716054 13.578388602516867 -15.506972977519036 18.472452820108295 -2.9670191769396936 20.731511577987114 -0.6818882185189904 -5.8865344986389507 -7.1241296478817553 2.8658287715213127 -2.3676769453735651 15.004347162411131 5.685503982609891 11.216465279261271 0.56243491686488456 -8.4056406081861752 13.58640137962673 5.8365891349217129 7.1485500573702048 31.452638915452095 -0.83677563466471172 17.213761775246983 -15.095091050775615 5.4353674099932086 10.694345269884382 13.394446214948383
leaf_weight=133 86 20 20 480 29 55 48 47 439 32 1354 213 341 563 2054 58 94 30 760 157 23 121 309 22 417 29 34 289 35 35
leaf_count=133 86 20 20 480 29 55 48 47 439 32 1354 213 341 563 2054 58 94 30 760 157 23 121 309 22 417 29 34 289 35 35
internal_value=-4.78221e-09 1.92166 1.77134 1.62576 5.00288 0.745783 0.532101 1.92392 -1.66482 1.53011 0.906875 -2.02547 -1.76458 0.417261 -2.75243 5.08384 -2.12022 -2.44431 -1.12596 -2.62776 -2.19101 8.95187 3.91389 14.9937 1.74799 3.56868 -3.8388 3.54947 -0.39523 20.3643
internal_weight=8327 4273 4253 4233 875 3358 3303 2022 1281 1975 1822 4054 3921 1222 2699 433 2358 2264 1233 2234 2077 153 789 86 1009 592 473 375 1389 57
internal_count=8327 4273 4253 4233 875 3358 3303 2022 1281 1975 1822 4054 3921 1222 2699 433 2358 2264 1233 2234 2077 153 789 86 1009 592 473 375 1389 57
is_linear=0
shrinkage=0.05


Tree=89
num_leaves=31
num_cat=0
split_feature=5 8 13 4 4 3 7 1 12 2 3 5 12 11 15 13 0 13 21 5 7 10 9 4 12 9 21 9 15 13
split_gain=1.18014e+07 1.17078e+07 7.37991e+06 4.79016e+06 4.64002e+06 4.13177e+06 3.908e+06 3.16019e+06 3.39402e+06 3.09256e+06 2.79139e+06 2.75044e+06 3.10445e+06 2.84949e+06 2.69825e+06 3.08992e+06 2.52234e+06 2.33246e+06 2.30008e+06 2.14658e+06 2.04923e+06 2.04414e+06 2.03748e+06 1.96507e+06 3.14527e+06 2.09921e+06 1.82285e+06 1.81698e+06 1.85956e+06 1.8067e+06
threshold=10.500000000000002 7.5000000000000009 61.500000000000007 16.500000000000004 3.5000000000000004 1.0000000180025095e-35 10.500000000000002 4.5000000000000009 1.0000000180025095e-35 1.0000000180025095e-35 4.5000000000000009 1.0000000180025095e-35 2.5000000000000004 13.500000000000002 10.500000000000002 33.500000000000007 9.5000000000000018 48.500000000000007 3.5000000000000004 4.5000000000000009 10.500000000000002 15.500000000000002 15.500000000000002 2.5000000000000004 5.5000000000000009 13.500000000000002 2.5000000000000004 11.500000000000002 5.5000000000000009 22.500000000000004
decision_type=2 2 2 2 2 2 2 2 2 2 2 2 2 2 2 2 2 2 2 2 2 2 2 2 2 2 2 2 2 2
left_child=1 4 3 9 5 7 -6 -1 29 19 11 12 17 -13 15 18 -16 -11 27 23 21 -14 -12 24 25 -3 -7 -10 -29 -9
right_child=-2 2 -4 -5 6 26 -8 8 14 10 22 13 20 -15 16 -17 -18 -19 -20 -21 -22 -23 -24 -25 -26 -27 -28 28 -30 -31
leaf_value=-8.2031676327230567 36.572206341136585 -1.2140917105586269 28.671055414058543 23.345494219881516 1.2375849951397289 0.4497298596240118 13.066167278749399 0.14065305334508069 -3.5221548560053169 3.3060483692704725 6.3617026323510206 -3.9384316547558864 -1.3543371715584884 8.8750284702723263 -3.0208835974983548 4.6412738069669528 -26.192241152127583 19.534994547263437 11.132287921224323 -12.579607311417076 -12.798269722196792 10.701071833309376 18.755191228389741 6.1556255771716444 -19.373176962679082 7.1387588318697244 15.308452233246394 11.315435407275245 -2.1428652994560475 9.043477655970861
leaf_weight=238 22 600 27 27 440 1207 83 597 2715 592 194 52 471 262 23 134 24 23 28 34 36 38 40 120 22 86 21 42 66 63
leaf_count=238 22 600 27 27 440 1207 83 597 2715 592 194 52 471 262 23 134 24 23 28 34 36 38 40 120 22 86 21 42 66 63
internal_value=8.67359e-10 -0.09688 2.6654 2.39503 -1.37275 -1.82777 3.11478 -2.61881 -2.25882 2.17493 3.4071 2.60173 1.47801 6.75305 -2.96612 -2.77896 -14.8531 3.91298 -3.12772 -0.266547 -1.26971 -0.454326 8.48025 0.239062 -0.763745 -0.166941 0.703829 -3.26916 3.09092 0.990468
internal_weight=8327 8305 2624 2597 5681 5158 523 3930 3692 2570 1708 1474 1160 314 3032 2985 47 615 2851 862 545 509 234 828 708 686 1228 2823 108 660
internal_count=8327 8305 2624 2597 5681 5158 523 3930 3692 2570 1708 1474 1160 314 3032 2985 47 615 2851 862 545 509 234 828 708 686 1228 2823 108 660
is_linear=0
shrinkage=0.05


Tree=90
num_leaves=31
num_cat=0
split_feature=9 0 4 3 14 15 5 12 14 10 4 21 11 21 21 7 14 7 13 7 13 8 0 3 0 0 12 12 10 10
split_gain=1.08009e+07 7.38891e+06 4.25582e+06 3.90351e+06 3.27229e+06 3.03891e+06 2.9761e+06 3.04774e+06 2.96811e+06 2.92547e+06 2.70661e+06 2.76401e+06 3.22544e+06 3.11922e+06 2.64567e+06 3.59906e+06 2.34297e+06 2.20676e+06 3.30028e+06 2.1547e+06 1.97255e+06 1.91697e+06 1.90396e+06 1.82713e+06 2.92874e+06 1.78559e+06 2.35851e+06 1.72905e+06 1.70218e+06 1.69387e+06
threshold=6.5000000000000009 22.500000000000004 1.5000000000000002 1.0000000180025095e-35 25.500000000000004 11.500000000000002 2.5000000000000004 2.5000000000000004 2.5000000000000004 12.500000000000002 15.500000000000002 1.5000000000000002 28.500000000000004 1.0000000180025095e-35 1.5000000000000002 1.0000000180025095e-35 9.5000000000000018 2.5000000000000004 9.5000000000000018 7.5000000000000009 25.500000000000004 12.500000000000002 9.5000000000000018 7.0000000000000009 9.5000000000000018 5.5000000000000009 1.0000000180025095e-35 2.5000000000000004 7.5000000000000009 10.500000000000002
decision_type=2 2 2 2 2 2 2 2 2 2 2 2 2 2 2 2 2 2 2 2 2 2 2 2 2 2 2 2 2 2
left_child=8 2 3 4 -2 -6 7 9 -1 21 11 12 13 19 15 -10 -9 20 -19 28 -16 -5 -21 24 -20 -13 -27 -17 -4 -28
right_child=1 -3 10 6 5 -7 -8 16 14 -11 -12 25 -14 -15 17 27 -18 18 23 22 -22 -23 -24 -25 -26 26 29 -29 -30 -31
leaf_value=-8.3154700422287 -1.0180036163104953 31.339626457577666 2.3630864483118059 2.68242024573631 15.42876229347854 -5.142842754950891 12.458172341136191 -12.348125804662706 -5.5405609888649892 16.442951685063385 16.25847929361019 -6.5718927322734491 23.177195887411798 16.371054305084822 -3.6206503489071569 2.5651562673278452 0.28982599307518969 -18.684044115359967 0.0096987498868238778 8.9393882320040756 -16.591886487801869 11.912399600398157 -8.9489817058338854 7.1659008393117363 -6.1961156272709115 17.575735488304726 0.30150040844430126 -2.9031592237097876 13.852112540492307 6.5161096576696798
leaf_weight=170 1946 21 80 607 58 26 77 40 213 47 47 55 31 58 1273 831 441 26 1033 21 30 62 51 70 233 26 369 175 54 156
leaf_count=170 1946 21 80 607 58 26 77 40 213 47 47 55 31 58 1273 831 441 26 1033 21 30 62 51 70 233 26 369 175 54 156
internal_value=1.02907e-09 1.75401 1.60789 0.760564 -0.600926 9.06136 2.92997 2.31705 -1.84876 4.38494 4.56101 3.95082 7.92001 6.12845 -1.56572 0.363784 -0.761147 -2.44829 -1.041 3.24461 -3.9193 3.53781 -3.73154 -0.697652 -1.13245 2.01862 2.87611 1.61391 6.99299 2.14813
internal_weight=8327 4273 4252 3304 2030 84 1274 1197 4054 716 948 901 295 264 3884 1219 481 2665 1362 206 1303 669 72 1336 1266 606 551 1006 134 525
internal_count=8327 4273 4252 3304 2030 84 1274 1197 4054 716 948 901 295 264 3884 1219 481 2665 1362 206 1303 669 72 1336 1266 606 551 1006 134 525
is_linear=0
shrinkage=0.05


Tree=91
num_leaves=31
num_cat=0
split_feature=5 8 14 21 7 21 4 2 13 13 12 7 12 4 5 3 5 9 1 1 14 15 11 5 10 15 4 12 4 7
split_gain=1.05056e+07 9.80742e+06 6.71153e+06 3.97145e+06 5.4597e+06 3.68403e+06 3.41455e+06 2.9935e+06 3.63627e+06 2.75205e+06 2.50465e+06 4.70656e+06 2.48354e+06 5.31817e+06 3.07805e+06 2.68881e+06 2.18731e+06 2.12008e+06 2.06916e+06 2.34488e+06 2.02871e+06 2.32851e+06 1.99234e+06 1.93489e+06 1.8769e+06 1.81981e+06 1.77365e+06 2.12819e+06 1.70017e+06 1.96458e+06
threshold=10.500000000000002 7.5000000000000009 33.500000000000007 1.5000000000000002 1.0000000180025095e-35 3.5000000000000004 15.500000000000002 1.0000000180025095e-35 55.500000000000007 9.5000000000000018 1.5000000000000002 5.5000000000000009 2.5000000000000004 10.500000000000002 1.0000000180025095e-35 5.5000000000000009 6.5000000000000009 4.5000000000000009 26.500000000000004 30.500000000000004 5.5000000000000009 3.5000000000000004 27.500000000000004 4.5000000000000009 6.5000000000000009 13.500000000000002 2.5000000000000004 5.5000000000000009 3.5000000000000004 4.5000000000000009
decision_type=2 2 2 2 2 2 2 2 2 2 2 2 2 2 2 2 2 2 2 2 2 2 2 2 2 2 2 2 2 2
left_child=1 3 6 4 -1 9 7 23 12 -5 11 -11 15 14 17 -9 28 -14 -10 -20 -12 24 -23 26 -22 -19 27 -3 29 -6
right_child=-2 2 -4 5 16 -7 -8 8 18 10 20 -13 13 -15 -16 -17 -18 25 19 -21 21 22 -24 -25 -26 -27 -28 -29 -30 -31
leaf_value=-5.9082615443251356 34.505959181352097 -0.31958386070409056 31.290656337738042 -7.8866670480796275 1.7874437032445969 11.077450530345624 18.986189378102619 3.5528333157927543 25.40002080843999 -1.4057467176790268 -7.6686960836078812 8.1463359820417001 -13.890942675979048 -19.615221020098659 7.5188811446528838 12.160715226872455 17.915794022878014 1.1224117328071228 -1.9239498597604259 20.066527975689283 -1.6022613398244034 -4.2847940353864127 8.5677796669544719 -12.066221370091936 5.358189403917641 -12.192399547718189 5.7536612282405386 -15.170584335327149 6.090804856164115 -3.9281036080599865
leaf_weight=264 22 688 20 210 1106 52 30 761 26 1635 230 140 27 31 166 103 21 518 27 22 398 1103 31 34 128 27 119 25 189 174
leaf_count=264 22 688 20 210 1106 52 30 761 26 1635 230 140 27 31 166 103 21 518 27 22 398 1103 31 34 128 27 119 25 189 174
internal_value=-1.55809e-09 -0.0914065 2.43677 -1.25915 0.718948 -2.14267 2.21516 2.01969 3.23384 -2.32007 -2.00112 -0.652343 2.73943 0.67259 1.52479 4.579 1.89317 -0.214757 13.9989 7.94933 -3.26782 -2.65806 -3.93345 -0.374947 0.0915366 0.462779 0.102821 -0.840306 1.66411 1.01049
internal_weight=8327 8305 2624 5681 1754 3927 2604 2574 1708 3875 3665 1775 1633 769 738 864 1490 572 75 49 1890 1660 1134 866 526 545 832 713 1469 1280
internal_count=8327 8305 2624 5681 1754 3927 2604 2574 1708 3875 3665 1775 1633 769 738 864 1490 572 75 49 1890 1660 1134 866 526 545 832 713 1469 1280
is_linear=0
shrinkage=0.05


Tree=92
num_leaves=31
num_cat=0
split_feature=7 14 13 1 5 4 4 21 20 21 8 12 14 8 21 7 14 12 10 15 4 5 15 7 14 2 12 13 12 13
split_gain=9.54486e+06 8.63703e+06 7.05503e+06 8.74911e+06 4.84493e+06 4.58794e+06 3.20534e+06 2.9639e+06 3.32849e+06 3.04594e+06 2.96522e+06 2.61163e+06 2.76101e+06 2.53006e+06 2.51263e+06 4.03255e+06 2.46792e+06 2.44547e+06 2.33217e+06 2.31811e+06 2.12653e+06 2.10523e+06 2.08827e+06 3.35332e+06 2.0803e+06 2.06909e+06 1.84963e+06 1.70673e+06 1.58615e+06 1.88042e+06
threshold=14.500000000000002 9.5000000000000018 41.500000000000007 16.500000000000004 1.0000000180025095e-35 11.500000000000002 6.5000000000000009 1.5000000000000002 1.0000000180025095e-35 2.5000000000000004 11.500000000000002 2.5000000000000004 2.5000000000000004 6.5000000000000009 1.0000000180025095e-35 1.0000000180025095e-35 26.500000000000004 5.5000000000000009 9.5000000000000018 9.5000000000000018 13.500000000000002 2.5000000000000004 3.5000000000000004 3.5000000000000004 17.500000000000004 2.5000000000000004 1.0000000180025095e-35 16.500000000000004 2.5000000000000004 24.500000000000004
decision_type=2 2 2 2 2 2 2 2 2 2 2 2 2 2 2 2 2 2 2 2 2 2 2 2 2 2 2 2 2 2
left_child=1 5 3 -2 7 11 16 8 10 13 -3 12 -1 26 15 -14 -6 18 22 -19 24 -13 23 -15 -8 -12 -9 -16 -24 -30
right_child=2 4 -4 -5 6 -7 20 9 -10 -11 25 21 14 17 27 -17 -18 19 -20 -21 -22 -23 28 -25 -26 -27 -28 -29 29 -31
leaf_value=-8.0154259995290431 28.726339435577394 2.19907675277652 43.794127445220951 -15.465588969276064 3.0181823742755673 21.273245112101236 10.329581283120548 2.6487262536317875 -15.738815083711044 11.787842137205836 6.9373240011547681 -5.9457936908046261 -5.3301024114898361 -0.9507183994704147 -3.6249540174565471 2.9223739433342928 17.161098963022233 0.40481498125122822 3.8718334205477847 -16.622959880339796 -0.22959061622619631 8.3594194694801622 0.45326266031048884 11.919283805337065 28.919459746502067 21.57692364108178 -3.2213928400849308 -0.64204147377219822 -13.688578827466285 -2.4557918030565435
leaf_weight=157 24 691 20 21 855 21 34 156 23 51 109 542 191 123 1004 658 32 41 510 39 20 27 584 86 27 31 960 918 42 330
leaf_count=157 24 691 20 21 855 21 34 156 23 51 109 542 191 123 1004 658 32 41 510 39 20 27 584 86 27 31 960 918 42 330
internal_value=-2.00938e-10 -0.15015 19.0852 8.10344 1.242 -2.02745 4.39787 0.432971 3.02415 -0.324341 3.54346 -2.16738 -1.56503 -0.5395 -1.19956 1.06581 3.52841 0.64412 1.05202 -7.89623 13.919 -5.26699 -0.182409 4.34507 18.5579 10.1789 -2.40084 -2.20023 -1.1722 -3.72401
internal_weight=8327 8262 65 45 4744 3518 968 3776 854 2922 831 3497 2928 2871 2771 849 887 1755 1675 80 81 569 1165 209 61 140 1116 1922 956 372
internal_count=8327 8262 65 45 4744 3518 968 3776 854 2922 831 3497 2928 2871 2771 849 887 1755 1675 80 81 569 1165 209 61 140 1116 1922 956 372
is_linear=0
shrinkage=0.05


Tree=93
num_leaves=31
num_cat=0
split_feature=5 8 13 4 4 3 7 15 1 12 13 2 0 9 5 15 8 7 4 21 5 10 12 12 9 10 0 1 13 8
split_gain=9.32856e+06 8.04057e+06 6.10187e+06 3.59001e+06 3.49616e+06 3.35689e+06 3.33891e+06 2.79899e+06 2.57539e+06 2.66458e+06 2.63461e+06 2.55321e+06 2.47433e+06 1.94823e+06 2.89512e+06 2.61889e+06 2.28352e+06 2.27232e+06 1.88393e+06 1.85597e+06 1.7651e+06 1.68073e+06 2.26433e+06 1.67845e+06 1.72107e+06 1.77105e+06 1.65196e+06 2.87514e+06 5.24714e+06 1.95253e+06
threshold=10.500000000000002 7.5000000000000009 62.500000000000007 16.500000000000004 3.5000000000000004 1.0000000180025095e-35 10.500000000000002 10.500000000000002 4.5000000000000009 1.0000000180025095e-35 33.500000000000007 1.0000000180025095e-35 9.5000000000000018 14.500000000000002 3.5000000000000004 3.5000000000000004 8.5000000000000018 3.5000000000000004 10.500000000000002 3.5000000000000004 4.5000000000000009 10.500000000000002 2.5000000000000004 3.5000000000000004 11.500000000000002 5.5000000000000009 14.500000000000002 28.500000000000004 55.500000000000007 11.500000000000002
decision_type=2 2 2 2 2 2 2 2 2 2 2 2 2 2 2 2 2 2 2 2 2 2 2 2 2 2 2 2 2 2
left_child=1 4 3 11 5 7 -6 8 -1 -10 19 20 -9 14 15 17 -16 -13 -17 23 -3 22 -8 24 -11 -26 29 28 -28 -15
right_child=-2 2 -4 -5 6 -7 21 12 9 10 -12 13 -14 26 16 18 -18 -19 -20 -21 -22 -23 -24 -25 25 -27 27 -29 -30 -31
leaf_value=-7.1391347628305937 32.515574299205433 0.031537914037057378 28.424777785214516 20.118538669303614 1.0167103310369634 0.74345190060546429 16.721434697797221 -2.4290213306744892 1.1120511139659397 -2.7713087955327915 4.4465947412288012 2.5377794845537709 -24.692420966808612 4.4906398499713225 25.360962890443346 1.0828106777646731 6.3597230300307279 14.976678872486904 -10.696062319619315 10.08231155872345 -11.592149455407087 23.10596573750178 -2.8943829383168902 -7.3299917883750725 14.122211348215741 -0.52950628165042768 -0.65888894481791394 -13.655714060862861 27.746263213384722 14.479878052752069
leaf_weight=238 22 829 22 27 440 1228 31 24 657 2532 134 88 26 102 21 1128 64 63 35 28 34 24 28 195 30 66 72 24 21 94
leaf_count=238 22 829 22 27 440 1228 31 24 657 2532 134 88 26 102 21 1128 64 63 35 28 34 24 28 195 30 66 72 24 21 94
internal_value=-1.66893e-09 -0.086134 2.20302 1.98131 -1.14347 -1.53844 2.75185 -2.25146 -2.09998 -1.77068 -2.40517 1.79113 -14.006 2.90897 2.11116 1.53265 11.0541 7.72752 0.72833 -2.72721 -0.426406 11.9502 7.41223 -2.85426 -2.52216 4.04916 6.47491 1.77346 5.75518 9.2814
internal_weight=8327 8305 2624 2602 5681 5158 523 3930 3880 3642 2985 2575 50 1712 1399 1314 85 151 1163 2851 863 83 59 2823 2628 96 313 117 93 196
internal_count=8327 8305 2624 2602 5681 5158 523 3930 3880 3642 2985 2575 50 1712 1399 1314 85 151 1163 2851 863 83 59 2823 2628 96 313 117 93 196
is_linear=0
shrinkage=0.05


Tree=94
num_leaves=31
num_cat=0
split_feature=5 11 8 4 5 7 12 3 3 11 9 12 14 13 14 15 12 8 1 14 21 7 15 4 0 1 12 15 5 13
split_gain=8.41902e+06 7.44037e+06 6.51628e+06 4.5577e+06 3.28686e+06 4.02604e+06 3.82392e+06 3.17087e+06 3.1598e+06 2.96907e+06 2.62935e+06 3.99927e+06 2.70881e+06 2.52291e+06 2.35031e+06 2.56968e+06 3.84554e+06 3.47538e+06 4.0403e+06 2.60951e+06 2.16673e+06 3.50484e+06 2.00425e+06 1.8111e+06 2.21211e+06 1.89897e+06 1.71407e+06 1.70991e+06 2.23187e+06 1.85382e+06
threshold=10.500000000000002 12.500000000000002 20.500000000000004 12.500000000000002 1.0000000180025095e-35 8.5000000000000018 2.5000000000000004 1.0000000180025095e-35 1.0000000180025095e-35 23.500000000000004 14.500000000000002 4.5000000000000009 24.500000000000004 10.500000000000002 6.5000000000000009 10.500000000000002 5.5000000000000009 12.500000000000002 25.500000000000004 27.500000000000004 1.0000000180025095e-35 1.5000000000000002 2.5000000000000004 3.5000000000000004 9.5000000000000018 21.500000000000004 1.0000000180025095e-35 3.5000000000000004 3.5000000000000004 37.500000000000007
decision_type=2 2 2 2 2 2 2 2 2 2 2 2 2 2 2 2 2 2 2 2 2 2 2 2 2 2 2 2 2 2
left_child=1 4 3 8 5 6 13 9 14 -5 11 12 27 -1 22 19 17 23 -19 -16 21 26 -3 24 -17 -26 -15 -10 -29 -30
right_child=-2 2 -4 7 -6 -7 -8 -9 10 -11 -12 -13 -14 20 15 16 -18 18 -20 -21 -22 -23 -24 -25 25 -27 -28 28 29 -31
leaf_value=-4.8890188400251002 30.889796496521342 3.3926526202758156 28.532482567700477 29.62945525199175 1.649880150248044 13.55015200048685 -6.5013866880084166 -0.71031633903240343 6.5560348352398536 6.3649649421374006 7.5781269220759473 -6.3336902447661068 14.438859073569379 5.5039050032110772 0.54033197540545641 1.368750094283711 -21.495100669860843 -4.2707012588913384 20.200178826239803 14.708005713694025 -1.9556092172389279 5.7435249088666378 -11.95856535075462 6.8308979225158701 -22.097368217769425 -6.5821046247714907 -3.2594380698259622 0.90823563297052656 20.280654742036546 0.62838201976957775
leaf_weight=516 22 30 22 32 653 40 488 29 198 24 240 133 48 68 2151 33 30 37 31 33 1739 273 73 20 38 41 311 925 28 21
leaf_count=516 22 30 22 32 653 40 488 29 198 24 240 133 48 68 2151 33 30 37 31 33 1739 273 73 20 38 41 311 925 28 21
internal_value=-6.40859e-09 -0.0818273 1.39168 1.24934 -1.60183 -2.21998 -2.40579 12.7094 1.01233 19.659 2.75499 1.89945 2.79699 -1.71826 -0.0905921 0.22501 -4.80193 -2.29795 6.88514 0.754404 -1.03398 1.42418 -7.48734 -7.02863 -9.50355 -14.0451 -1.68712 2.32019 1.45911 11.8583
internal_weight=8327 8305 4217 4195 4088 3435 3395 85 4110 56 1593 1353 1220 2907 2517 2414 230 200 68 2184 2391 652 103 132 112 79 379 1172 974 49
internal_count=8327 8305 4217 4195 4088 3435 3395 85 4110 56 1593 1353 1220 2907 2517 2414 230 200 68 2184 2391 652 103 132 112 79 379 1172 974 49
is_linear=0
shrinkage=0.05


Tree=95
num_leaves=31
num_cat=0
split_feature=7 14 13 1 5 4 4 21 20 21 9 14 3 12 13 12 14 10 13 12 8 15 14 0 5 0 15 13 12 11
split_gain=8.06135e+06 6.66134e+06 6.33007e+06 7.84204e+06 4.05944e+06 3.84662e+06 2.73729e+06 2.52909e+06 3.10094e+06 2.73175e+06 2.4796e+06 2.46097e+06 2.4974e+06 2.40793e+06 2.45028e+06 2.18077e+06 2.64048e+06 1.96806e+06 2.43241e+06 1.8754e+06 1.86057e+06 1.84165e+06 1.77623e+06 1.74691e+06 1.74344e+06 1.73022e+06 1.68726e+06 1.65488e+06 2.15491e+06 1.82987e+06
threshold=14.500000000000002 9.5000000000000018 41.500000000000007 16.500000000000004 1.0000000180025095e-35 11.500000000000002 1.5000000000000002 1.5000000000000002 1.0000000180025095e-35 2.5000000000000004 12.500000000000002 17.500000000000004 1.0000000180025095e-35 1.5000000000000002 5.5000000000000009 5.5000000000000009 23.500000000000004 7.5000000000000009 27.500000000000004 2.5000000000000004 6.5000000000000009 9.5000000000000018 1.5000000000000002 7.5000000000000009 3.5000000000000004 12.500000000000002 4.5000000000000009 22.500000000000004 2.5000000000000004 14.500000000000002
decision_type=2 2 2 2 2 2 2 2 2 2 2 2 2 2 2 2 2 2 2 2 2 2 2 2 2 2 2 2 2 2
left_child=1 5 3 -2 7 13 -6 8 10 15 17 -8 25 14 -1 16 20 18 -3 -12 23 -17 -16 -9 26 -13 -15 28 29 -25
right_child=2 4 -4 -5 6 -7 11 9 -10 -11 19 12 -14 24 22 21 -18 -19 -20 -21 -22 -23 -24 27 -26 -27 -28 -29 -30 -31
leaf_value=-14.807943232982391 26.661810557047531 1.434032735934383 40.94443406581879 -15.176622426793688 1.9454765274852903 19.548701876685733 4.4951068283137632 -0.59818008108380827 -15.372603337661079 11.114987306033864 15.180424714978063 -3.0329172391157884 21.824100509643557 -2.7442024353115184 -11.656567971201406 -1.590476955686297 5.2395939041022679 4.9624451391092723 -8.8446655354029708 4.3032580281041337 0.41731046732120713 -15.858739001410349 -0.45309958121506499 -1.3560309726200748 5.8243018527825683 13.235922453620217 -6.6716630061564501 -2.365248718074564 -17.810588575446086 -14.992379729888018
leaf_weight=31 24 304 20 21 612 21 236 636 23 51 67 26 50 950 36 49 199 292 71 97 1483 42 2048 89 48 44 384 293 46 34
leaf_count=31 24 304 20 21 612 21 236 636 23 51 67 26 50 950 36 49 199 292 71 97 1483 42 2048 89 48 44 384 293 46 34
internal_value=7.1121e-09 -0.137989 17.5394 7.13721 1.08461 -1.78666 3.97335 0.344063 2.73764 -0.355496 3.23888 7.45948 13.2894 -1.91478 -0.854199 -0.559256 -0.309937 1.88457 -0.512067 8.74698 -0.737816 -8.17583 -0.646634 -2.29797 -3.53788 7.19321 -3.87475 -4.63795 -8.57819 -5.12543
internal_weight=8327 8262 65 45 4744 3518 968 3776 854 2922 831 356 120 3497 2115 2871 2780 667 375 164 2581 91 2084 1098 1382 70 1334 462 169 123
internal_count=8327 8262 65 45 4744 3518 968 3776 854 2922 831 356 120 3497 2115 2871 2780 667 375 164 2581 91 2084 1098 1382 70 1334 462 169 123
is_linear=0
shrinkage=0.05


Tree=96
num_leaves=31
num_cat=0
split_feature=5 14 9 7 21 21 3 4 14 5 10 13 14 21 7 12 10 15 1 1 5 14 11 7 1 20 8 13 7 5
split_gain=7.48499e+06 6.62869e+06 5.81169e+06 2.8602e+06 2.96082e+06 2.99692e+06 2.72183e+06 2.68426e+06 2.36013e+06 2.30233e+06 2.24772e+06 2.24422e+06 2.37342e+06 2.22088e+06 2.23225e+06 1.89955e+06 4.89768e+06 2.70165e+06 3.4672e+06 4.08239e+06 3.02797e+06 3.15806e+06 2.28104e+06 1.90299e+06 2.63001e+06 1.82366e+06 1.86107e+06 1.80276e+06 1.75296e+06 1.70963e+06
threshold=10.500000000000002 33.500000000000007 6.5000000000000009 17.500000000000004 1.5000000000000002 2.5000000000000004 11.000000000000002 1.0000000180025095e-35 16.500000000000004 4.5000000000000009 10.500000000000002 6.5000000000000009 1.5000000000000002 1.5000000000000002 1.0000000180025095e-35 3.5000000000000004 11.500000000000002 10.500000000000002 24.500000000000004 28.500000000000004 1.0000000180025095e-35 23.500000000000004 22.500000000000004 8.5000000000000018 21.500000000000004 1.0000000180025095e-35 11.500000000000002 31.500000000000004 3.5000000000000004 1.5000000000000002
decision_type=2 2 2 2 2 2 2 2 2 2 2 2 2 2 2 2 2 2 2 2 2 2 2 2 2 2 2 2 2 2
left_child=1 2 11 4 7 6 15 25 -8 -9 -7 -1 -13 14 -14 16 -6 20 -19 -20 21 -17 -22 27 -25 26 -4 -18 29 -16
right_child=-2 -3 3 -5 5 10 8 9 -10 -11 -12 12 13 -15 28 17 23 18 19 -21 22 -23 -24 24 -26 -27 -28 -29 -30 -31
leaf_value=-10.575660988110215 29.125932069258255 28.673336464166642 0.75013601482445758 19.555286895661126 -0.32417488084605139 3.9770770377439 0.61611965164061522 5.5905711196602033 20.126768838205649 21.262943939208984 20.566471037371407 -11.662774879282171 -4.069491607165614 -2.0059234634905216 1.8277680559899072 -4.8259601220444068 16.017013680934905 -1.3589466048825172 -30.64598349294355 -3.4897044563293456 1.2998210233800551 8.8871776133775722 17.16126661791521 5.0258064876903186 30.078067207336428 -13.470133628845216 8.2507501514916566 3.0029775520291508 -2.1437001872062686 8.992380941039638
leaf_weight=67 22 20 561 21 2142 69 31 374 31 25 29 55 215 2699 674 335 32 62 31 25 68 48 34 22 20 20 97 158 245 95
leaf_count=67 22 20 561 21 2142 69 31 374 31 25 29 55 215 2699 674 335 32 62 31 25 68 48 34 22 20 20 97 158 245 95
internal_value=3.65556e-09 -0.0771548 -0.146559 1.14846 1.05673 0.280163 0.0026413 3.31866 10.3714 6.57255 8.88618 -1.50073 -1.34808 -1.20365 0.558214 -0.213303 0.423236 -2.71934 -9.50443 -18.5226 -1.06854 -3.10734 6.58697 7.3239 16.9555 1.40376 1.85585 5.19482 1.53943 2.71286
internal_weight=8327 8305 8285 4235 4214 3137 3039 1077 62 399 98 4050 3983 3928 1229 2977 2374 603 118 56 485 383 102 232 42 678 658 190 1014 769
internal_count=8327 8305 8285 4235 4214 3137 3039 1077 62 399 98 4050 3983 3928 1229 2977 2374 603 118 56 485 383 102 232 42 678 658 190 1014 769
is_linear=0
shrinkage=0.05


Tree=97
num_leaves=31
num_cat=0
split_feature=7 13 1 11 5 12 13 14 4 12 5 4 4 7 14 11 21 12 15 15 8 2 13 7 21 14 3 3 13 9
split_gain=6.95272e+06 5.69021e+06 7.07982e+06 5.65586e+06 3.21602e+06 3.05557e+06 2.71286e+06 2.70308e+06 2.74668e+06 2.82619e+06 2.79752e+06 2.77053e+06 3.43118e+06 2.55026e+06 2.46275e+06 2.42395e+06 2.25357e+06 2.27054e+06 1.9705e+06 1.85493e+06 1.99498e+06 1.94741e+06 1.81584e+06 1.81411e+06 2.29966e+06 1.76884e+06 2.16958e+06 1.66466e+06 1.89726e+06 2.04837e+06
threshold=14.500000000000002 41.500000000000007 16.500000000000004 12.500000000000002 2.5000000000000004 2.5000000000000004 10.500000000000002 8.5000000000000018 1.5000000000000002 5.5000000000000009 1.0000000180025095e-35 13.500000000000002 10.500000000000002 10.500000000000002 21.500000000000004 21.500000000000004 2.5000000000000004 1.0000000180025095e-35 9.5000000000000018 5.5000000000000009 11.500000000000002 3.5000000000000004 18.500000000000004 1.5000000000000002 1.0000000180025095e-35 17.500000000000004 1.0000000180025095e-35 1.0000000180025095e-35 24.500000000000004 8.5000000000000018
decision_type=2 2 2 2 2 2 2 2 2 2 2 2 2 2 2 2 2 2 2 2 2 2 2 2 2 2 2 2 2 2
left_child=3 2 -2 4 5 6 -1 -5 9 13 11 12 14 19 22 -11 17 -8 -17 20 -9 -21 -10 -19 -25 27 -27 28 -12 -30
right_child=1 -3 -4 7 -6 -7 16 8 10 15 25 -13 -14 -15 -16 18 -18 23 -20 21 -22 -23 -24 24 -26 26 -28 -29 29 -31
leaf_value=-4.2831311234023701 24.977810287475588 38.479385635852822 -14.77540047055199 -2.6651111298621104 4.667048580462442 -5.0739051228721541 2.1117741645414099 1.9826093643265534 13.787088325500489 -17.547634677092233 -0.35501809944940166 13.948360997506164 -10.682631571878467 14.401253551907011 11.259527694817747 6.7644750038782764 15.425442860343239 -4.0358539264775564 -8.9298604827457009 -0.39445773122487937 9.8753082889249963 8.0672507819995083 -0.16793898921081984 3.6664885618776646 -1.4336219339030194 6.9341800682580299 20.77784615390155 -1.7781884378002539 22.777538834848713 6.6522948283840115
leaf_weight=579 24 20 21 415 204 594 585 1004 25 36 43 44 57 36 66 36 22 501 45 1607 87 71 345 265 1332 67 49 62 31 54
leaf_count=579 24 20 21 415 204 594 585 1004 25 36 43 44 57 36 66 36 22 501 45 1607 87 71 345 265 1332 67 49 62 31 54
internal_value=1.60562e-09 16.2888 6.42631 -0.12815 -1.45197 -1.77386 -1.17695 1.16463 1.58677 0.86139 4.10107 1.92679 0.853868 1.17897 2.36208 -6.75246 -0.512081 -0.642766 -1.9546 1.00707 2.612 -0.0364236 0.774968 -1.41083 -0.587329 7.91673 12.7819 4.94639 8.20361 12.5333
internal_weight=8327 65 45 8262 4082 3878 3284 4180 3765 2922 843 537 493 2805 436 117 2705 2683 81 2769 1091 1678 370 2098 1597 306 116 190 128 85
internal_count=8327 65 45 8262 4082 3878 3284 4180 3765 2922 843 537 493 2805 436 117 2705 2683 81 2769 1091 1678 370 2098 1597 306 116 190 128 85
is_linear=0
shrinkage=0.05


Tree=98
num_leaves=31
num_cat=0
split_feature=5 0 9 4 9 16 7 21 2 3 12 10 11 5 13 12 4 7 4 9 3 7 14 15 0 8 12 21 5 21
split_gain=6.64907e+06 6.24516e+06 4.8213e+06 2.4999e+06 3.80278e+06 3.59156e+06 4.85029e+06 2.54917e+06 2.69539e+06 2.3455e+06 2.49902e+06 3.98878e+06 2.78442e+06 2.07608e+06 1.96685e+06 2.0388e+06 1.74781e+06 2.16716e+06 1.64549e+06 1.75202e+06 1.64523e+06 2.73079e+06 1.67345e+06 2.3431e+06 1.69341e+06 1.59457e+06 1.58861e+06 1.58376e+06 1.61665e+06 1.58136e+06
threshold=10.500000000000002 22.500000000000004 6.5000000000000009 1.0000000180025095e-35 19.500000000000004 1.0000000180025095e-35 15.500000000000002 1.5000000000000002 2.5000000000000004 11.000000000000002 3.5000000000000004 12.500000000000002 16.500000000000004 4.5000000000000009 7.5000000000000009 1.5000000000000002 2.5000000000000004 4.5000000000000009 10.500000000000002 8.5000000000000018 1.0000000180025095e-35 8.5000000000000018 25.500000000000004 10.500000000000002 10.500000000000002 2.5000000000000004 5.5000000000000009 1.0000000180025095e-35 2.5000000000000004 1.5000000000000002
decision_type=2 2 2 2 2 2 2 2 2 2 2 2 2 2 2 2 2 2 2 2 2 2 2 2 2 2 2 2 2 2
left_child=1 2 14 9 5 6 7 13 18 10 11 20 -13 -5 -1 16 25 -18 -9 -20 21 22 23 -4 -25 -16 -17 28 -27 -19
right_child=-2 -3 3 4 -6 -7 -8 8 -10 -11 -12 12 -14 -15 15 26 17 29 19 -21 -22 -23 -24 24 -26 27 -28 -29 -30 -31
leaf_value=-7.3547777088961217 27.451406478881836 27.159462538219636 -0.84084592276186543 5.0696612497771181 24.019155702136814 23.574297714233399 -17.641589914957684 1.0942164461972015 11.16758122522323 9.2995079667227625 -3.1418122382783427 24.326743706067404 5.6705849445052445 19.964841087341313 -3.1048344034057127 -2.2691317486549116 0.12112806579288171 3.9758204404264692 4.5013804215651296 -11.077490516436303 1.9908085224826646 15.911624490221342 12.914472743443079 -3.2149825485129107 -18.962165957112468 2.0163701594166641 -14.277277076670103 -0.78100339482092918 15.113045906066896 19.575301024408052
leaf_weight=133 22 21 1335 364 21 20 30 637 61 70 510 24 120 25 474 1686 98 32 26 59 818 24 21 38 31 410 28 1131 25 33
leaf_count=133 22 21 1335 364 21 20 30 637 61 70 510 24 120 25 474 1686 98 32 26 59 818 24 21 38 31 410 28 1131 25 33
internal_value=3.08888e-09 -0.072719 -0.141753 1.03798 2.92262 2.56008 2.21043 2.71858 1.07497 0.254762 0.0380097 0.710639 8.77994 6.02694 -1.37508 -1.17205 -0.165859 4.81645 0.222271 -6.31219 0.198076 -0.81397 -1.09566 -1.30522 -10.2898 -0.563955 -2.4653 0.205123 2.76905 11.8956
internal_weight=8327 8305 8284 4234 1243 1222 1202 1172 783 2991 2921 2411 144 389 4050 3917 2203 163 722 85 2267 1449 1425 1404 69 2040 1714 1566 435 65
internal_count=8327 8305 8284 4234 1243 1222 1202 1172 783 2991 2921 2411 144 389 4050 3917 2203 163 722 85 2267 1449 1425 1404 69 2040 1714 1566 435 65
is_linear=0
shrinkage=0.05


Tree=99
num_leaves=31
num_cat=0
split_feature=7 13 1 11 5 12 8 13 12 5 15 14 12 13 5 21 12 2 10 14 7 17 17 14 5 2 11 14 15 0
split_gain=6.45585e+06 5.03801e+06 6.27245e+06 4.80746e+06 2.76716e+06 2.71449e+06 2.4178e+06 2.30312e+06 2.15909e+06 2.50971e+06 3.10716e+06 2.28333e+06 2.08356e+06 2.18282e+06 2.07181e+06 2.02494e+06 2.03318e+06 1.97489e+06 2.2066e+06 1.83491e+06 1.61795e+06 2.0108e+06 1.61735e+06 1.50066e+06 1.66986e+06 1.46055e+06 1.74369e+06 1.74242e+06 1.38304e+06 1.66773e+06
threshold=14.500000000000002 41.500000000000007 16.500000000000004 12.500000000000002 2.5000000000000004 2.5000000000000004 7.5000000000000009 10.500000000000002 1.5000000000000002 1.0000000180025095e-35 4.5000000000000009 14.500000000000002 5.5000000000000009 48.500000000000007 8.5000000000000018 2.5000000000000004 1.0000000180025095e-35 2.5000000000000004 7.5000000000000009 28.500000000000004 1.5000000000000002 1.0000000180025095e-35 1.0000000180025095e-35 11.500000000000002 4.5000000000000009 2.5000000000000004 34.500000000000007 25.500000000000004 11.500000000000002 13.500000000000002
decision_type=2 2 2 2 2 2 2 2 2 2 2 2 2 2 2 2 2 2 2 2 2 2 2 2 2 2 2 2 2 2
left_child=3 2 -2 4 5 7 14 -1 17 10 11 -10 13 -12 -5 16 22 -8 -19 23 -18 -22 -9 -11 28 26 27 -15 29 -25
right_child=1 -3 -4 6 -6 -7 8 15 9 19 12 -13 -14 25 -16 -17 20 18 -20 -21 21 -23 -24 24 -26 -27 -28 -29 -30 -31
leaf_value=-3.9419682852730853 23.877586841583252 36.576150336265563 -13.540330664316812 -0.29104274741227615 4.3319812724403306 -4.7529777452600532 4.1366627870545889 6.1746994969016775 0.76309423372986618 -4.6840105754573171 -1.008360746320933 12.026625311243665 -7.6290595567718 1.7615421842884373 14.798213915202929 14.64010024504228 -3.7970825138087285 24.736312066591704 3.7118541677792871 19.175461483001708 3.0819300048318499 -1.409345698141441 0.3536119848650181 5.8390570364892485 -1.3822877249934458 13.089054311405528 -9.3115379257202147 17.517766753486963 -4.1431547706777403 15.830051735908754
leaf_weight=579 24 20 21 2081 204 594 423 167 89 41 819 91 97 74 23 22 501 26 24 22 309 1288 418 128 66 44 25 23 22 62
leaf_count=579 24 20 21 2081 204 594 423 167 89 41 819 91 97 74 23 22 501 26 24 22 309 1288 418 128 66 44 25 23 22 62
internal_value=4.91271e-09 15.696 6.41589 -0.123486 -1.34398 -1.64256 1.0684 -1.07996 2.279 1.4031 0.374695 6.45743 -0.637221 0.051315 -0.126094 -0.467354 -0.591232 5.24744 14.6446 5.20908 -1.31805 -0.540339 2.01536 4.24589 5.56289 5.27947 2.4629 5.49755 7.72506 9.09928
internal_weight=8327 65 45 8262 4082 3878 4180 3284 2076 1603 1262 180 1082 985 2104 2705 2683 473 50 341 2098 1597 585 319 278 166 122 97 212 190
internal_count=8327 65 45 8262 4082 3878 4180 3284 2076 1603 1262 180 1082 985 2104 2705 2683 473 50 341 2098 1597 585 319 278 166 122 97 212 190
is_linear=0
shrinkage=0.05


Tree=100
num_leaves=31
num_cat=0
split_feature=7 13 1 14 4 21 21 20 9 3 12 13 17 7 12 7 13 15 17 14 4 10 13 1 14 0 13 1 8 4
split_gain=5.8264e+06 4.54681e+06 5.66089e+06 4.38673e+06 3.30748e+06 3.11863e+06 3.18665e+06 2.54118e+06 2.59488e+06 2.15383e+06 1.96469e+06 1.86434e+06 1.82271e+06 1.85743e+06 1.83963e+06 2.42328e+06 2.33894e+06 2.2171e+06 1.59179e+06 1.58334e+06 1.58255e+06 1.65083e+06 1.54995e+06 2.34807e+06 2.38731e+06 1.69139e+06 1.54185e+06 2.24066e+06 1.93539e+06 1.66238e+06
threshold=14.500000000000002 41.500000000000007 16.500000000000004 9.5000000000000018 11.500000000000002 2.5000000000000004 1.5000000000000002 1.0000000180025095e-35 12.500000000000002 9.5000000000000018 1.5000000000000002 5.5000000000000009 1.5000000000000002 12.500000000000002 2.5000000000000004 3.5000000000000004 22.500000000000004 2.5000000000000004 1.5000000000000002 16.500000000000004 2.5000000000000004 14.500000000000002 28.500000000000004 25.500000000000004 22.500000000000004 9.5000000000000018 16.500000000000004 12.500000000000002 6.5000000000000009 6.5000000000000009
decision_type=2 2 2 2 2 2 2 2 2 2 2 2 2 2 2 2 2 2 2 2 2 2 2 2 2 2 2 2 2 2
left_child=3 2 -2 4 10 6 7 8 -5 12 11 -1 13 14 15 -8 -16 -18 -7 -11 -19 22 25 24 -24 -22 -17 28 -28 -29
right_child=1 -3 -4 5 -6 18 9 -9 -10 19 -12 -13 -14 -15 16 26 17 20 -20 -21 21 -23 23 -25 -26 -27 27 29 -30 -31
leaf_value=-12.787550138658093 22.683707837263743 34.747343063354492 -12.863314074561709 2.1699303386211395 18.328542945498512 15.433126556648398 -1.4238110513322884 -11.191184963718538 8.2795348057975975 1.1276129433983251 -3.0401348453408645 -0.43495094914243143 10.339956893920899 13.763176374850065 -7.3328791132313871 9.3456118850147032 10.150143675577073 -2.5090501838454178 3.3956991530301281 15.658575161083327 -0.71689840498424717 15.228566746278242 -1.0587127944401333 11.904147109278927 -18.537794551501673 19.350783447992235 -6.5908845848507358 3.5135558307420265 2.0796309926645544 -6.4989114587957211
leaf_weight=31 24 20 21 925 21 53 927 31 214 38 1382 2084 40 23 175 68 42 875 57 37 21 22 105 27 24 21 135 717 123 44
leaf_count=31 24 20 21 925 21 53 927 31 214 38 1382 2084 40 23 175 68 42 875 57 37 21 22 105 27 24 21 135 717 123 44
internal_value=-1.82672e-09 14.9112 6.0951 -0.117311 -1.45521 0.87483 0.677316 2.9334 3.31783 -0.084699 -1.57401 -0.616006 -0.270172 -0.396898 -0.494818 0.454281 -1.95174 -1.12351 9.19555 8.29622 -1.55593 2.23491 0.79117 -1.50423 -4.31063 9.31694 2.05593 1.56947 -2.45727 2.93465
internal_weight=8327 65 45 8262 3518 4744 4634 1170 1139 3464 3497 2115 3389 3349 3326 2014 1312 1137 110 75 1095 220 198 156 129 42 1087 1019 258 761
internal_count=8327 65 45 8262 3518 4744 4634 1170 1139 3464 3497 2115 3389 3349 3326 2014 1312 1137 110 75 1095 220 198 156 129 42 1087 1019 258 761
is_linear=0
shrinkage=0.05


Tree=101
num_leaves=31
num_cat=0
split_feature=5 14 4 16 3 15 7 5 17 21 2 0 10 8 13 10 21 12 3 8 7 14 12 0 5 3 11 8 4 4
split_gain=5.67452e+06 5.46862e+06 3.94239e+06 4.27874e+06 4.22891e+06 4.0605e+06 3.23722e+06 2.35565e+06 2.74584e+06 2.09552e+06 1.92198e+06 3.52183e+06 2.84359e+06 4.55142e+06 2.35448e+06 1.79265e+06 1.89851e+06 1.78875e+06 1.79295e+06 1.55546e+06 1.52324e+06 1.4935e+06 1.6311e+06 1.63547e+06 1.48174e+06 2.04022e+06 1.67961e+06 3.65466e+06 1.45088e+06 2.38501e+06
threshold=10.500000000000002 33.500000000000007 1.5000000000000002 1.0000000180025095e-35 1.0000000180025095e-35 14.500000000000002 15.500000000000002 4.5000000000000009 1.5000000000000002 2.5000000000000004 1.0000000180025095e-35 16.500000000000004 11.500000000000002 14.500000000000002 44.500000000000007 3.5000000000000004 1.0000000180025095e-35 3.5000000000000004 9.5000000000000018 2.5000000000000004 6.5000000000000009 24.500000000000004 2.5000000000000004 12.500000000000002 1.0000000180025095e-35 7.0000000000000009 25.500000000000004 10.500000000000002 13.500000000000002 10.500000000000002
decision_type=2 2 2 2 2 2 2 2 2 2 2 2 2 2 2 2 2 2 2 2 2 2 2 2 2 2 2 2 2 2
left_child=1 2 4 5 10 6 7 8 24 15 11 21 -12 14 -14 16 -6 19 -19 -17 -9 22 23 -1 28 26 27 -26 29 -4
right_child=-2 -3 3 -5 9 -7 -8 20 -10 -11 12 -13 13 -15 -16 17 -18 18 -20 -21 -22 -23 -24 -25 25 -27 -28 -29 -30 -31
leaf_value=-2.0263372356048932 25.359961024197666 26.046640257835392 0.37061936851504718 21.831037507233798 3.619350086609916 23.596638888404485 -14.80296057542165 4.5261320001938765 17.182689193443018 12.147818263741428 -0.99232561008474596 -22.927249981108169 7.1310600290493085 26.920846496928824 -6.0317323317894571 -3.6919731681545578 -4.4582478030599075 -3.0512457577966665 12.132792173113142 2.9094144777052025 20.603079205292925 10.607932220805775 -5.252309143265367 9.2090525540438559 2.1559434364627861 17.375705932617191 -8.9368844130943561 20.610705697947537 7.8424556519304005 -8.2303375678116009
leaf_weight=1751 22 20 854 27 101 21 30 34 27 43 2203 21 98 22 52 96 260 262 21 1266 26 22 429 33 358 25 29 29 56 89
leaf_count=1751 22 20 854 27 101 21 30 34 27 43 2203 21 98 22 52 96 260 262 21 1266 26 22 429 33 358 25 29 29 56 89
internal_value=-1.33063e-09 -0.0671787 -0.130217 2.09491 -0.664847 1.75722 1.46266 1.78222 1.38506 1.22646 -1.50166 -2.54679 -0.508901 5.68286 2.56796 0.992354 -2.19831 1.69255 -1.92452 2.44412 11.4928 -2.35529 -2.48417 -1.81851 1.08885 3.50286 2.66916 3.53886 0.0232096 -0.441136
internal_weight=8327 8305 8285 1605 6680 1578 1557 1527 1467 2049 4631 2256 2375 172 150 2006 361 1645 283 1362 60 2235 2213 1784 1440 441 416 387 999 943
internal_count=8327 8305 8285 1605 6680 1578 1557 1527 1467 2049 4631 2256 2375 172 150 2006 361 1645 283 1362 60 2235 2213 1784 1440 441 416 387 999 943
is_linear=0
shrinkage=0.05


Tree=102
num_leaves=31
num_cat=0
split_feature=7 8 14 5 4 3 15 5 14 4 4 14 21 2 4 1 2 9 13 0 12 14 4 0 10 14 8 12 12 10
split_gain=5.34646e+06 4.36904e+06 3.83674e+06 2.77219e+06 2.75848e+06 2.49065e+06 2.46969e+06 2.46572e+06 2.12306e+06 1.9889e+06 2.6868e+06 2.2126e+06 1.95996e+06 1.93127e+06 3.22474e+06 1.92874e+06 2.10114e+06 4.34608e+06 1.84228e+06 1.83784e+06 1.73045e+06 1.67574e+06 1.61607e+06 1.59047e+06 1.57478e+06 1.41918e+06 1.34309e+06 1.94026e+06 1.46752e+06 2.02256e+06
threshold=14.500000000000002 9.5000000000000018 7.5000000000000009 3.5000000000000004 1.5000000000000002 1.0000000180025095e-35 10.500000000000002 1.0000000180025095e-35 26.500000000000004 13.500000000000002 10.500000000000002 21.500000000000004 2.5000000000000004 2.5000000000000004 1.0000000180025095e-35 20.500000000000004 1.5000000000000002 15.500000000000002 29.500000000000004 9.5000000000000018 1.5000000000000002 1.5000000000000002 11.500000000000002 12.500000000000002 14.500000000000002 24.500000000000004 11.500000000000002 4.5000000000000009 2.5000000000000004 13.500000000000002
decision_type=2 2 2 2 2 2 2 2 2 2 2 2 2 2 2 2 2 2 2 2 2 2 2 2 2 2 2 2 2 2
left_child=2 -2 3 18 5 6 8 9 13 10 11 -6 26 20 -15 19 17 -17 21 -8 -4 -1 -12 -13 -9 -25 27 -7 -28 -30
right_child=1 -3 4 -5 7 12 15 24 -10 -11 22 23 -14 14 -16 16 -18 -19 -20 -21 -22 -23 -24 25 -26 -27 28 -29 29 -31
leaf_value=-10.38895067081117 3.699570606916379 30.160245308509243 0.47477572322059802 8.7568674802780162 0.48826093511167362 1.0322212238265018 -3.2744569454874313 5.0173229965020205 12.106271489461264 10.423416523213657 -12.50069572816966 20.393462944030762 12.077123981298403 1.7295536544498979 21.478406965732574 2.4322962522506715 5.2745147275427975 -26.841025665828159 -12.148269119792516 -19.892392531836904 -2.099434205294274 -1.7021595601994464 3.6506641024634954 13.449293051447189 17.960338172912596 -4.932763608296713 8.1199480771141896 -7.3494091582624881 -1.7128642453546943 10.8290151261148
leaf_weight=57 39 26 1153 60 610 1275 28 392 33 53 59 24 43 149 24 32 48 21 45 41 1505 2134 21 21 25 21 136 73 137 42
leaf_count=57 39 26 1153 60 610 1275 28 392 33 53 59 24 43 149 24 32 48 21 45 41 1505 2134 21 21 25 21 136 73 137 42
internal_value=-8.60561e-09 14.2838 -0.112376 -1.84923 0.556049 0.00926089 -0.850186 2.67006 -0.502633 1.06019 0.403773 1.42919 1.53773 -0.64961 4.46928 -6.70544 -2.30348 -9.16657 -2.13383 -13.1489 -0.982781 -1.92815 -8.26096 10.1256 5.79328 4.25826 1.26521 0.57832 4.20466 1.22992
internal_weight=8327 65 8262 2296 5966 4740 3034 1226 2864 809 756 676 1706 2831 173 170 101 53 2236 69 2658 2191 80 66 417 42 1663 1348 315 179
internal_count=8327 65 8262 2296 5966 4740 3034 1226 2864 809 756 676 1706 2831 173 170 101 53 2236 69 2658 2191 80 66 417 42 1663 1348 315 179
is_linear=0
shrinkage=0.05


Tree=103
num_leaves=31
num_cat=0
split_feature=0 5 4 16 9 7 3 5 17 12 11 17 11 12 10 15 4 4 9 4 21 9 7 11 14 15 15 7 21 8
split_gain=5.14352e+06 5.05958e+06 3.31596e+06 3.67097e+06 3.45943e+06 3.62574e+06 3.0236e+06 2.128e+06 2.09856e+06 2.00059e+06 3.05187e+06 2.18485e+06 1.66556e+06 1.52335e+06 1.6447e+06 1.54202e+06 1.39863e+06 2.55417e+06 2.87364e+06 2.27528e+06 1.79648e+06 1.39476e+06 1.30817e+06 1.9783e+06 1.79388e+06 1.83034e+06 1.40063e+06 1.52584e+06 2.02569e+06 1.30662e+06
threshold=22.500000000000004 10.500000000000002 1.0000000180025095e-35 1.0000000180025095e-35 19.500000000000004 15.500000000000002 1.0000000180025095e-35 4.5000000000000009 1.5000000000000002 1.0000000180025095e-35 17.500000000000004 1.5000000000000002 5.5000000000000009 4.5000000000000009 6.5000000000000009 5.5000000000000009 10.500000000000002 11.500000000000002 7.5000000000000009 7.5000000000000009 1.0000000180025095e-35 13.500000000000002 8.5000000000000018 20.500000000000004 23.500000000000004 10.500000000000002 2.5000000000000004 1.5000000000000002 1.0000000180025095e-35 12.500000000000002
decision_type=2 2 2 2 2 2 2 2 2 2 2 2 2 2 2 2 2 2 2 2 2 2 2 2 2 2 2 2 2 2
left_child=1 2 6 4 5 7 12 9 -9 10 -4 16 -1 14 21 -16 19 -18 -19 -11 -20 -8 24 -24 25 26 -14 -28 -29 -17
right_child=-2 -3 3 -5 -6 -7 13 8 -10 11 -12 -13 22 -15 15 29 17 18 20 -21 -22 -23 23 -25 -26 -27 27 28 -30 -31
leaf_value=-4.5405161324702208 24.713952988669988 23.883909364180134 3.2295743790534539 18.6319822249874 21.496486663818359 -15.341505468252933 -0.5141620304238993 13.859631695066179 -3.0241205875690169 0.28644408088692203 20.735077802066147 13.047212167347178 0.48203348077945374 -4.4967168502494204 6.0042025828536181 0.13851495407043246 -10.944071640014648 15.566697942293608 5.8817680358886726 9.2637943116394261 -11.268215009328483 9.2629671865387966 17.676223929032037 -0.64481170003007104 5.5873935525135332 -8.446943215485458 -4.9862221284766699 1.9018377880964961 -2.0348404568320335 5.9923287533345775
leaf_weight=400 21 22 176 31 21 33 910 63 26 1527 29 34 867 121 273 436 75 26 26 74 37 38 23 41 93 91 335 392 1964 122
leaf_count=400 21 22 176 31 21 33 910 63 26 1527 29 34 867 121 273 436 75 26 26 74 37 38 23 41 93 91 335 392 1964 122
internal_value=-4.49597e-09 -0.0624841 -0.126079 1.54888 1.30222 1.10275 -0.723534 1.36202 8.9273 1.02604 5.70596 0.49275 -1.47135 0.931898 1.30113 2.92491 0.250907 -4.14676 1.58131 0.701387 -4.19044 -0.122252 -1.14879 5.93931 -1.27002 -1.44479 -1.2657 -1.8288 -1.37984 1.41838
internal_weight=8327 8306 8284 2178 2147 2126 6106 2093 89 2004 205 1799 4206 1900 1779 831 1765 164 89 1601 63 948 3806 64 3742 3649 3558 2691 2356 558
internal_count=8327 8306 8284 2178 2147 2126 6106 2093 89 2004 205 1799 4206 1900 1779 831 1765 164 89 1601 63 948 3806 64 3742 3649 3558 2691 2356 558
is_linear=0
shrinkage=0.05


Tree=104
num_leaves=31
num_cat=0
split_feature=7 8 9 21 21 3 14 12 12 0 4 14 13 21 7 7 17 13 4 21 9 8 9 12 15 7 15 0 13 1
split_gain=4.94332e+06 3.8233e+06 3.3947e+06 2.07049e+06 2.03247e+06 1.74058e+06 1.77326e+06 1.70754e+06 1.69689e+06 2.22324e+06 2.05609e+06 1.65793e+06 1.783e+06 1.80904e+06 1.6628e+06 2.1483e+06 1.53104e+06 1.47595e+06 2.43717e+06 2.78898e+06 1.92734e+06 1.47503e+06 1.69306e+06 1.46672e+06 2.37596e+06 3.17435e+06 2.18646e+06 1.8787e+06 2.30296e+06 2.41486e+06
threshold=14.500000000000002 9.5000000000000018 6.5000000000000009 1.5000000000000002 2.5000000000000004 11.000000000000002 16.500000000000004 5.5000000000000009 6.5000000000000009 14.500000000000002 6.5000000000000009 1.5000000000000002 6.5000000000000009 1.5000000000000002 1.0000000180025095e-35 2.5000000000000004 1.5000000000000002 37.500000000000007 3.5000000000000004 1.0000000180025095e-35 12.500000000000002 11.500000000000002 14.500000000000002 5.5000000000000009 9.5000000000000018 7.5000000000000009 7.5000000000000009 11.500000000000002 28.500000000000004 14.500000000000002
decision_type=2 2 2 2 2 2 2 2 2 2 2 2 2 2 2 2 2 2 2 2 2 2 2 2 2 2 2 2 2 2
left_child=2 -2 7 8 5 23 -7 11 9 17 -11 -1 -13 14 -14 -16 -6 18 20 -20 -4 -19 -23 27 26 -26 -25 -5 29 -29
right_child=1 -3 3 4 16 6 -8 -9 -10 10 -12 12 13 -15 15 -17 -18 21 19 -21 -22 22 -24 24 25 -27 -28 28 -30 -31
leaf_value=-9.6014827153512421 3.8335807286776031 28.586535908625677 1.2397028754138635 -0.68109497438386413 12.937769884091836 -0.30123809691398379 16.47794063091278 -13.67459992479395 -11.653004140853882 6.4514162243680762 23.756197004091174 -9.0871431540359158 -3.2048574479523104 -1.526528695371048 3.4062325283019472 -1.3922811244816886 0.91740753467266378 -6.009261202812195 6.278294209837914 27.15358400821686 10.490421105969338 -1.8695353329181672 14.629209692581842 -6.6791040611267096 -3.8663694081828002 -29.259065113365651 11.945907181042891 5.2173861718472141 1.1085739906149781 23.897554583982991
leaf_weight=56 39 26 613 2154 54 31 32 27 20 94 21 66 214 2678 637 368 52 97 80 20 62 48 23 40 32 20 26 81 594 22
leaf_count=56 39 26 613 2154 54 31 32 27 20 94 21 66 214 2678 637 368 52 97 80 20 62 48 23 40 32 20 26 81 594 22
internal_value=3.64097e-09 13.7348 -0.108056 0.884811 0.235371 -0.00255644 8.22152 -1.14264 2.7753 3.04804 9.61142 -1.05845 -0.93773 -0.799711 0.797023 1.64916 7.04099 2.24763 3.16862 10.4534 2.0894 -2.00098 3.47513 -0.177065 -5.63962 -13.6328 0.658022 0.0490245 2.30538 9.20733
internal_weight=8327 65 8262 4216 3138 3032 63 4046 1078 1058 115 4019 3963 3897 1219 1005 106 943 775 100 675 168 71 2969 118 52 66 2851 697 103
internal_count=8327 65 8262 4216 3138 3032 63 4046 1078 1058 115 4019 3963 3897 1219 1005 106 943 775 100 675 168 71 2969 118 52 66 2851 697 103
is_linear=0
shrinkage=0.05


Tree=105
num_leaves=31
num_cat=0
split_feature=1 5 4 3 3 2 0 4 10 11 21 12 11 15 11 12 9 15 5 11 13 12 14 5 9 15 4 0 15 14
split_gain=4.88968e+06 4.51726e+06 3.15687e+06 3.44498e+06 3.27761e+06 3.0732e+06 2.49696e+06 2.18824e+06 2.12821e+06 2.96403e+06 1.97799e+06 1.87022e+06 1.88087e+06 1.97778e+06 2.08975e+06 1.75115e+06 1.78997e+06 1.68562e+06 1.67304e+06 3.68238e+06 2.38962e+06 1.90204e+06 1.70407e+06 1.66989e+06 2.90437e+06 1.61671e+06 1.58848e+06 1.56138e+06 1.81849e+06 2.06308e+06
threshold=32.500000000000007 10.500000000000002 11.500000000000002 1.0000000180025095e-35 1.0000000180025095e-35 1.5000000000000002 14.500000000000002 2.5000000000000004 9.5000000000000018 22.500000000000004 3.5000000000000004 1.0000000180025095e-35 7.5000000000000009 10.500000000000002 22.500000000000004 3.5000000000000004 12.500000000000002 6.5000000000000009 1.5000000000000002 25.500000000000004 25.500000000000004 3.5000000000000004 21.500000000000004 1.5000000000000002 9.5000000000000018 3.5000000000000004 1.0000000180025095e-35 11.500000000000002 4.5000000000000009 15.500000000000002
decision_type=2 2 2 2 2 2 2 2 2 2 2 2 2 2 2 2 2 2 2 2 2 2 2 2 2 2 2 2 2 2
left_child=1 2 4 5 7 6 -4 11 9 17 18 -1 25 14 15 16 -14 -9 21 20 -20 -6 -21 -10 -25 -13 -15 28 -18 -30
right_child=-2 -3 3 -5 10 -7 -8 8 23 -11 -12 12 13 26 -16 -17 27 -19 19 22 -22 -23 -24 24 -26 -27 -28 -29 29 -31
leaf_value=0.87786945444073905 23.022131550830345 22.562885717912152 12.351022735008828 -4.6446391260301745 1.3058221667794394 -2.1792402961037376 34.080759286880493 -0.11437523536807835 9.9970423376351079 -12.098665409088134 13.249537037400637 -2.5710689669681921 -1.1679360583830085 -4.0290878076484242 3.5560749579559676 -4.8772942302644058 14.037902176380157 7.0765378569612416 8.5954979146851436 8.0507837840488978 -1.9071316151057971 -2.662236985514836 27.963361278447241 13.23840687274933 -11.900592109892104 -7.7115557153031098 -16.094619851953844 15.025626539772956 6.1293674349784855 -9.7370904433727272
leaf_weight=834 23 22 39 37 1822 22 20 422 114 45 34 594 2462 138 242 303 24 101 90 21 136 362 22 20 27 206 34 29 42 40
leaf_count=834 23 22 39 37 1822 22 20 422 114 45 34 594 2462 138 242 303 24 101 90 21 136 362 22 20 27 206 34 29 42 40
internal_value=-3.15618e-09 -0.0637655 -0.12387 7.99585 -0.24123 13.7699 19.717 -0.904325 1.65314 0.214831 1.2724 -1.28112 -1.7188 -1.19352 -0.907736 -1.28023 -0.860553 1.27431 1.10639 4.82708 2.27533 0.648113 18.2386 6.72742 -1.20315 -3.89474 -6.41413 4.7452 1.93264 -1.61037
internal_weight=8327 8304 8282 118 8164 81 59 5677 729 568 2487 4948 4114 3314 3142 2900 2597 523 2453 269 226 2184 43 161 47 800 172 135 106 82
internal_count=8327 8304 8282 118 8164 81 59 5677 729 568 2487 4948 4114 3314 3142 2900 2597 523 2453 269 226 2184 43 161 47 800 172 135 106 82
is_linear=0
shrinkage=0.05


Tree=106
num_leaves=31
num_cat=0
split_feature=13 5 8 21 21 7 4 12 14 17 5 2 10 15 14 12 11 15 12 4 9 14 3 14 7 10 1 14 13 9
split_gain=4.59106e+06 4.07973e+06 2.78551e+06 2.17054e+06 2.38364e+06 2.23659e+06 2.15104e+06 2.07309e+06 2.55888e+06 1.99314e+06 2.29134e+06 1.90581e+06 2.08871e+06 1.74037e+06 3.80099e+06 1.75852e+06 1.68444e+06 2.05801e+06 2.23209e+06 2.75287e+06 1.95619e+06 2.22959e+06 1.63647e+06 1.62696e+06 2.31144e+06 1.97973e+06 1.93565e+06 5.19016e+06 1.89699e+06 1.67322e+06
threshold=61.500000000000007 10.500000000000002 6.5000000000000009 3.5000000000000004 1.5000000000000002 1.0000000180025095e-35 16.500000000000004 1.5000000000000002 5.5000000000000009 1.5000000000000002 3.5000000000000004 2.5000000000000004 8.5000000000000018 4.5000000000000009 14.500000000000002 4.5000000000000009 27.500000000000004 5.5000000000000009 1.5000000000000002 3.5000000000000004 4.5000000000000009 3.5000000000000004 1.0000000180025095e-35 30.500000000000004 13.500000000000002 8.5000000000000018 17.500000000000004 21.500000000000004 33.500000000000007 13.500000000000002
decision_type=2 2 2 2 2 2 2 2 2 2 2 2 2 2 2 2 2 2 2 2 2 2 2 2 2 2 2 2 2 2
left_child=1 2 3 4 5 -1 7 11 -9 13 -11 -4 -13 14 15 -10 17 20 19 -19 -6 -22 -16 24 25 26 27 28 -15 -28
right_child=-2 -3 6 -5 16 -7 -8 8 9 10 -12 12 -14 23 22 -17 -18 18 -20 -21 21 -23 -24 -25 -26 -27 29 -29 -30 -31
leaf_value=-3.6218403595708062 20.21232271194458 21.434740985523572 2.1366919259251103 9.8076896490251784 -2.7572296298426906 1.4880971829589702 14.53993501334355 -16.207936803499859 0.63257541145597196 20.69721516418457 1.4917443903481089 16.254833192825316 -1.9514759416165561 -3.3739302094687904 4.7916806996530958 -13.156028350830079 12.372109615235102 -2.2078268547180211 -6.3478171860408574 15.41754870414734 -12.235359537932609 0.36510147487948724 15.298662280279494 9.3071110407511402 -13.214713382720948 0.94125453229516443 -9.5402650266860771 22.90932120044123 3.931726679605033 -1.1023457047251082
leaf_weight=257 28 22 955 47 1081 1284 29 24 308 25 41 50 23 430 90 25 21 288 453 24 36 1415 63 39 38 851 149 22 112 97
leaf_count=257 28 22 955 47 1081 1284 29 24 308 25 41 50 23 430 90 25 21 288 453 24 36 1415 63 39 38 851 149 22 112 97
internal_value=-7.69427e-09 -0.0681944 -0.125348 -0.885678 -0.989112 0.635888 0.9812 0.863545 0.0335213 0.203737 8.76654 2.73191 10.5186 -0.0503747 2.59465 -0.402605 -1.74382 -1.83373 -4.1064 -0.852029 -1.14709 0.052478 9.11808 -0.790007 -1.02178 -0.742836 -2.51217 -0.897928 -1.86427 -6.21312
internal_weight=8327 8299 8277 4906 4859 1541 3371 3342 2314 2290 66 1028 73 2224 486 333 3318 3297 765 312 2532 1451 153 1738 1699 1661 810 564 542 246
internal_count=8327 8299 8277 4906 4859 1541 3371 3342 2314 2290 66 1028 73 2224 486 333 3318 3297 765 312 2532 1451 153 1738 1699 1661 810 564 542 246
is_linear=0
shrinkage=0.05


Tree=107
num_leaves=31
num_cat=0
split_feature=7 13 5 8 12 17 12 10 14 7 4 7 7 5 21 2 15 13 3 4 13 9 10 4 0 1 15 14 10 11
split_gain=4.40414e+06 4.49464e+06 2.77626e+06 2.85171e+06 3.4911e+06 2.59735e+06 2.64757e+06 2.53101e+06 2.00917e+06 1.81848e+06 1.78752e+06 1.92044e+06 2.19092e+06 1.84983e+06 1.77185e+06 1.73774e+06 1.86062e+06 2.16164e+06 1.55128e+06 1.7209e+06 1.48534e+06 1.9001e+06 1.73881e+06 1.48184e+06 1.54668e+06 1.43754e+06 1.46866e+06 1.49912e+06 1.42993e+06 1.42506e+06
threshold=18.500000000000004 62.500000000000007 1.0000000180025095e-35 5.5000000000000009 5.5000000000000009 1.5000000000000002 1.5000000000000002 10.500000000000002 5.5000000000000009 7.5000000000000009 6.5000000000000009 10.500000000000002 7.5000000000000009 10.500000000000002 2.5000000000000004 1.0000000180025095e-35 4.5000000000000009 46.500000000000007 7.0000000000000009 1.5000000000000002 53.500000000000007 14.500000000000002 11.500000000000002 1.5000000000000002 8.5000000000000018 3.5000000000000004 3.5000000000000004 7.5000000000000009 6.5000000000000009 10.500000000000002
decision_type=2 2 2 2 2 2 2 2 2 2 2 2 2 2 2 2 2 2 2 2 2 2 2 2 2 2 2 2 2 2
left_child=1 2 3 14 5 6 9 -6 -8 -5 13 12 28 18 25 -10 23 -18 -4 -20 21 -19 -23 -17 -25 -1 -27 -28 -12 -29
right_child=-2 -3 10 4 7 -7 8 -9 15 -11 11 -13 -14 -15 -16 16 17 20 19 -21 -22 22 -24 24 -26 26 27 29 -30 -31
leaf_value=-6.8730497615153983 22.341627849232069 22.510744771090422 0.75464138871351216 2.1468665701969338 -1.089754495355818 18.280522655305408 -10.990709665146742 -15.698945673874446 -2.1122540193425117 12.289074922644573 3.4501331011454264 21.25943950848146 -5.8241601820914974 16.063739404224215 10.692834923185153 2.8877961523654894 -1.1170857279970547 2.650393288711022 2.1645529909831724 18.608541895793035 -1.3782428996903557 7.8998993308455852 27.351171627044678 21.023106110572815 2.3682487010955811 -0.50288874252728077 -5.1829691773059814 -4.8597192886581491 20.6225582708012 -0.56605456918090968
leaf_weight=130 22 22 1376 1127 63 21 44 56 751 46 27 22 31 21 29 254 856 58 41 26 56 27 20 25 20 1684 422 258 22 770
leaf_count=130 22 22 1376 1127 63 21 44 56 751 46 27 22 31 21 29 254 856 58 41 26 56 27 20 25 20 1684 422 258 22 770
internal_value=9.8698e-09 -0.0591831 -0.11913 -0.561122 0.449211 0.752161 0.640074 -7.96467 -0.418197 2.5446 1.77669 8.17655 4.57876 1.3308 -1.61165 -0.193141 0.902036 -0.117368 1.11639 8.5458 5.1979 8.70518 16.177 4.36937 12.7321 -1.72097 -1.50726 -2.67371 11.1602 -1.64365
internal_weight=8327 8305 8283 6717 3424 3305 3284 119 2111 1173 1566 102 80 1464 3293 2067 1316 1017 1443 67 161 105 47 299 45 3264 3134 1450 49 1028
internal_count=8327 8305 8283 6717 3424 3305 3284 119 2111 1173 1566 102 80 1464 3293 2067 1316 1017 1443 67 161 105 47 299 45 3264 3134 1450 49 1028
is_linear=0
shrinkage=0.05


Tree=108
num_leaves=31
num_cat=0
split_feature=0 5 4 16 9 7 3 12 11 21 11 21 2 15 14 12 0 14 14 12 10 15 21 10 11 7 10 3 4 3
split_gain=4.21433e+06 3.39032e+06 2.48013e+06 3.17446e+06 2.73091e+06 3.7231e+06 2.22338e+06 1.8103e+06 2.42073e+06 1.61367e+06 1.94776e+06 1.85402e+06 1.86278e+06 1.60572e+06 3.23337e+06 1.55842e+06 1.74182e+06 1.50302e+06 1.5747e+06 1.3714e+06 1.47519e+06 1.50099e+06 1.3576e+06 1.87298e+06 1.6318e+06 1.31427e+06 1.63158e+06 1.86647e+06 1.7444e+06 1.33981e+06
threshold=22.500000000000004 10.500000000000002 1.0000000180025095e-35 1.0000000180025095e-35 19.500000000000004 15.500000000000002 1.0000000180025095e-35 1.0000000180025095e-35 17.500000000000004 1.5000000000000002 15.500000000000002 3.5000000000000004 2.5000000000000004 9.5000000000000018 21.500000000000004 4.5000000000000009 13.500000000000002 13.500000000000002 19.500000000000004 4.5000000000000009 12.500000000000002 6.5000000000000009 1.0000000180025095e-35 3.5000000000000004 21.500000000000004 3.5000000000000004 8.5000000000000018 1.0000000180025095e-35 3.5000000000000004 1.0000000180025095e-35
decision_type=2 2 2 2 2 2 2 2 2 2 2 2 2 2 2 2 2 2 2 2 2 2 2 2 2 2 2 2 2 2
left_child=1 2 6 4 5 7 -1 8 -4 10 -9 12 13 14 25 16 -15 -14 -19 20 22 -22 24 -24 -8 -11 29 -28 -29 -27
right_child=-2 -3 3 -5 -6 -7 19 9 -10 11 -12 -13 17 15 -16 -17 -18 18 -20 -21 21 -23 23 -25 -26 26 27 28 -30 -31
leaf_value=-1.2665852460778162 22.370531740642733 19.545548785816539 3.3652192073398171 17.22580834511788 19.052943892706008 -15.730250326792399 4.6075980746181759 0.56147979403991566 18.492713340636225 1.6185039736229827 6.1793504586696635 13.698939731846686 -3.8116064911796936 -7.1782706459066761 11.107686763897277 -15.805221381331936 8.7692114083663277 20.213128552613437 1.95747355733599 -4.3565064158321416 18.693280227979027 3.9220687380276233 -3.9840730346677717 0.90327706496960447 -4.9871762144799332 -5.4686671174118224 6.0049600337560367 3.383480480764852 -12.873929074316315 0.36778135777396315
leaf_weight=4206 21 22 180 31 21 33 338 403 31 296 250 23 21 67 57 33 23 27 21 121 21 95 242 1032 51 355 104 33 33 136
leaf_count=4206 21 22 180 31 21 33 338 403 31 296 250 23 21 67 57 33 23 27 21 121 21 95 242 1032 51 355 104 33 33 136
internal_value=-8.30059e-09 -0.0565593 -0.108617 1.33994 1.11057 0.933342 -0.625316 1.19607 5.58774 0.703704 2.71227 -0.363502 -0.631691 -1.11578 -0.461353 -6.51077 -3.1028 7.34518 12.2263 0.794251 1.14458 6.59617 0.764317 -0.0250893 3.34967 -1.15042 -2.39036 1.83136 -4.74522 -3.85205
internal_weight=8327 8306 8284 2178 2147 2126 6106 2093 211 1882 653 1229 1206 1137 1014 123 90 69 48 1900 1779 116 1663 1274 389 957 661 170 66 491
internal_count=8327 8306 8284 2178 2147 2126 6106 2093 211 1882 653 1229 1206 1137 1014 123 90 69 48 1900 1779 116 1663 1274 389 957 661 170 66 491
is_linear=0
shrinkage=0.05


Tree=109
num_leaves=31
num_cat=0
split_feature=7 13 1 5 8 12 4 16 5 17 2 21 12 13 15 14 17 14 3 7 0 0 13 15 1 15 9 14 15 10
split_gain=4.2041e+06 3.43046e+06 5.11309e+06 2.59119e+06 2.61987e+06 2.64089e+06 2.05956e+06 1.76653e+06 2.01559e+06 2.36916e+06 1.63799e+06 1.5688e+06 1.49048e+06 1.78101e+06 1.91675e+06 1.65678e+06 1.54762e+06 1.46444e+06 1.70005e+06 1.46019e+06 1.40114e+06 1.59504e+06 1.96075e+06 1.39736e+06 1.28603e+06 1.43179e+06 1.4624e+06 1.2825e+06 1.38488e+06 1.27581e+06
threshold=14.500000000000002 41.500000000000007 16.500000000000004 1.0000000180025095e-35 5.5000000000000009 1.5000000000000002 1.5000000000000002 1.0000000180025095e-35 3.5000000000000004 1.0000000180025095e-35 1.0000000180025095e-35 2.5000000000000004 5.5000000000000009 46.500000000000007 4.5000000000000009 14.500000000000002 1.0000000180025095e-35 17.500000000000004 1.0000000180025095e-35 7.5000000000000009 18.500000000000004 14.500000000000002 36.500000000000007 10.500000000000002 3.5000000000000004 3.5000000000000004 11.500000000000002 16.500000000000004 9.5000000000000018 3.5000000000000004
decision_type=2 2 2 2 2 2 2 2 2 2 2 2 2 2 2 2 2 2 2 2 2 2 2 2 2 2 2 2 2 2
left_child=3 2 -2 4 11 19 7 8 -5 -10 20 24 13 14 15 -12 -14 -8 -19 27 21 -7 -23 -18 -1 -26 -27 -6 -29 -16
right_child=1 -3 -4 6 5 10 17 -9 9 -11 12 -13 16 -15 29 -17 23 18 -20 -21 -22 22 -24 -25 25 26 -28 28 -30 -31
leaf_value=-6.5091190053178707 20.774119846026103 29.896076831817631 -13.009236453828358 -0.61437096085253717 1.210435906114272 -2.6482323426391456 2.8493443130976654 -11.960089111328125 14.525000186761222 2.2794480333413776 1.3963681758561155 10.044669095401106 4.6885091048020584 5.5232348050568358 -8.4839617729187022 9.7985194671003129 -4.2889960735343227 4.0961688116618573 16.16754651260376 11.302678220922298 -14.513769567531089 16.521914745330811 -1.6042659811071449 -19.348904403050742 -0.44319711213006752 -3.0299748129959343 3.1523756421885447 7.672220428856936 -2.1383889116670778 -0.54528469102406329
leaf_weight=130 24 20 21 716 918 731 412 28 48 223 228 29 26 179 54 79 43 70 50 44 23 25 37 24 1684 1341 103 165 46 806
leaf_count=130 24 20 21 716 918 731 412 28 48 223 228 29 26 179 54 79 43 70 50 44 23 25 37 24 1684 1341 103 165 46 806
internal_value=1.41558e-09 12.6663 5.00855 -0.0996498 -0.52466 0.442429 1.74517 0.424379 0.775712 4.4484 -0.558494 -1.53323 0.456276 0.879258 0.166942 3.55849 -5.66558 4.26511 9.12591 2.36662 -2.34802 -1.99517 5.70468 -9.68359 -1.63629 -1.43377 -2.58899 2.01836 5.53341 -1.04376
internal_weight=8327 65 45 8262 6715 3428 1547 1015 987 271 2255 3287 1439 1346 1167 307 93 532 120 1173 816 793 62 67 3258 3128 1444 1129 211 860
internal_count=8327 65 45 8262 6715 3428 1547 1015 987 271 2255 3287 1439 1346 1167 307 93 532 120 1173 816 793 62 67 3258 3128 1444 1129 211 860
is_linear=0
shrinkage=0.05


Tree=110
num_leaves=31
num_cat=0
split_feature=14 7 21 21 7 20 7 13 15 14 12 7 4 1 2 11 4 15 8 11 5 12 14 14 1 12 3 4 17 4
split_gain=4.00509e+06 3.77051e+06 2.32707e+06 2.72571e+06 2.47947e+06 2.62854e+06 2.3237e+06 3.30712e+06 2.1423e+06 2.81722e+06 2.59518e+06 3.5749e+06 2.08642e+06 2.04329e+06 1.6071e+06 1.69291e+06 2.25653e+06 1.59827e+06 3.61991e+06 1.61588e+06 2.91748e+06 1.74334e+06 1.90185e+06 1.47931e+06 1.64535e+06 1.43761e+06 1.71481e+06 1.96206e+06 1.3902e+06 1.38837e+06
threshold=33.500000000000007 18.500000000000004 1.5000000000000002 2.5000000000000004 1.0000000180025095e-35 1.0000000180025095e-35 2.5000000000000004 10.500000000000002 9.5000000000000018 23.500000000000004 5.5000000000000009 7.5000000000000009 12.500000000000002 17.500000000000004 2.5000000000000004 28.500000000000004 1.5000000000000002 3.5000000000000004 10.500000000000002 25.500000000000004 1.0000000180025095e-35 1.5000000000000002 6.5000000000000009 17.500000000000004 13.500000000000002 2.5000000000000004 1.0000000180025095e-35 2.5000000000000004 1.5000000000000002 16.500000000000004
decision_type=2 2 2 2 2 2 2 2 2 2 2 2 2 2 2 2 2 2 2 2 2 2 2 2 2 2 2 2 2 2
left_child=1 2 4 6 -1 12 23 -8 9 17 -10 -12 14 -11 25 16 -16 18 -9 21 -21 -19 -23 24 -4 26 27 -6 -5 -14
right_child=-2 -3 3 28 5 -7 7 8 10 13 11 -13 29 -15 15 -17 -18 19 -20 20 -22 22 -24 -25 -26 -27 -28 -29 -30 -31
leaf_value=-3.346488071666363 22.348013114929202 20.618218907442962 -2.1555783344985562 10.553243859810166 0.26453047250562861 -12.005577962538776 -13.337577543867395 1.2937525015259648 -1.7400902410086834 21.809700883518566 -3.2650933358404375 -28.848194385658612 22.511473793983459 4.899245395660401 8.7695340206096706 20.68338146209717 -9.3877908945083615 1.0189643234166219 16.021442094716161 0.49340536622774034 18.44085210984753 -10.825615048302073 -1.4318531956356229 10.852930995396207 -9.4550930111496552 -0.85325822513403848 5.1721055361950725 6.2250882934233767 1.0488238741556803 4.6742346366246545
leaf_weight=265 20 22 1645 79 873 34 47 806 456 22 36 22 20 95 77 20 22 884 44 84 31 56 1424 21 81 508 370 164 75 24
leaf_count=265 20 22 1645 79 873 34 47 806 456 22 36 22 20 95 77 20 22 884 44 84 31 56 1424 21 81 508 370 164 75 24
internal_value=1.66894e-09 -0.0538053 -0.108698 -0.640221 1.2124 1.78442 -0.815918 -0.152463 0.00402739 0.453173 -3.00717 -12.969 2.01005 8.07899 1.77702 7.41504 4.73457 0.185158 2.05613 -0.45636 5.33141 -0.737914 -1.78729 -2.33765 -2.49814 1.42667 2.24984 1.20718 5.92447 12.7821
internal_weight=8327 8307 8285 5908 2377 2112 5754 4007 3960 3446 514 58 2078 117 2034 119 99 3329 850 2479 115 2364 1480 1747 1726 1915 1407 1037 154 44
internal_count=8327 8307 8285 5908 2377 2112 5754 4007 3960 3446 514 58 2078 117 2034 119 99 3329 850 2479 115 2364 1480 1747 1726 1915 1407 1037 154 44
is_linear=0
shrinkage=0.05


Tree=111
num_leaves=31
num_cat=0
split_feature=1 5 4 3 2 3 0 21 15 7 8 11 11 1 13 4 21 0 2 14 11 2 12 2 21 11 12 14 14 8
split_gain=3.86343e+06 2.94744e+06 2.23226e+06 2.99595e+06 2.7378e+06 2.26358e+06 2.11227e+06 1.72477e+06 2.27556e+06 4.09226e+06 2.53441e+06 2.11823e+06 6.25748e+06 1.99951e+06 2.40731e+06 1.86977e+06 2.44829e+06 1.83146e+06 1.82013e+06 1.48777e+06 1.59838e+06 1.45171e+06 1.41465e+06 2.33334e+06 1.55814e+06 1.4988e+06 2.16537e+06 1.39897e+06 1.16932e+06 1.13228e+06
threshold=32.500000000000007 10.500000000000002 11.500000000000002 1.0000000180025095e-35 1.5000000000000002 1.0000000180025095e-35 14.500000000000002 1.5000000000000002 10.500000000000002 12.500000000000002 12.500000000000002 23.500000000000004 28.500000000000004 10.500000000000002 25.500000000000004 2.5000000000000004 1.0000000180025095e-35 8.5000000000000018 1.0000000180025095e-35 19.500000000000004 11.500000000000002 2.5000000000000004 4.5000000000000009 2.5000000000000004 3.5000000000000004 19.500000000000004 6.5000000000000009 11.500000000000002 22.500000000000004 12.500000000000002
decision_type=2 2 2 2 2 2 2 2 2 2 2 2 2 2 2 2 2 2 2 2 2 2 2 2 2 2 2 2 2 2
left_child=1 2 5 4 6 7 -4 15 9 13 17 -12 -13 14 -9 21 19 -10 -19 20 -17 -1 24 25 29 -24 28 -18 -27 -7
right_child=-2 -3 3 -5 -6 22 -8 8 10 -11 11 12 -14 -15 -16 16 27 18 -20 -21 -22 -23 23 -25 -26 26 -28 -29 -30 -31
leaf_value=-0.51035924695736856 20.464062734272172 18.220324269208042 10.945623744451083 -5.0652948559941473 -2.9464402979070492 0.8784375103262253 30.931490163803105 -2.2023490812926694 1.9967356419563296 16.73386400192976 14.477496042251587 -25.227646615505222 14.324472417831423 -0.12423777407116053 -17.526901202935441 5.2607855961436316 6.4052071117219471 -27.214047761396927 -10.575606214083159 15.013984026227678 -3.7151058006793898 6.5488073417118615 -12.418355769835987 9.3618470400571834 13.1272207927491 -2.2452589049935341 10.826940013885498 24.655910782586961 -14.997086822509766 4.5448725445259441
leaf_weight=1345 23 22 39 37 22 2026 20 1786 20 32 20 20 20 1982 26 105 21 22 65 21 94 77 52 32 28 64 25 21 25 235
leaf_count=1345 23 22 39 37 22 2026 20 1786 20 32 20 20 20 1982 26 105 21 22 65 21 94 77 52 32 28 64 25 21 25 235
internal_value=-6.44166e-09 -0.0566803 -0.105231 6.72264 12.1073 -0.203919 17.7205 -0.754974 -1.32095 -1.07158 -7.03415 1.19144 -5.45159 -1.22175 -2.42224 0.587034 4.46847 -11.6466 -14.783 2.35662 1.02092 -0.128112 1.05396 -3.00063 1.40468 -5.38376 -2.175 15.5306 -5.82723 1.25951
internal_weight=8327 8304 8282 118 81 8164 59 5677 3993 3826 167 60 40 3794 1812 1684 262 107 87 220 199 1422 2487 198 2289 166 114 42 89 2261
internal_count=8327 8304 8282 118 81 8164 59 5677 3993 3826 167 60 40 3794 1812 1684 262 107 87 220 199 1422 2487 198 2289 166 114 42 89 2261
is_linear=0
shrinkage=0.05


Tree=112
num_leaves=31
num_cat=0
split_feature=8 5 4 3 2 3 7 12 14 8 4 11 5 4 12 4 11 7 21 3 8 4 10 11 14 15 11 8 7 15
split_gain=3.75671e+06 2.66069e+06 2.08455e+06 2.60861e+06 2.47086e+06 2.27467e+06 2.00717e+06 1.68407e+06 1.78674e+06 1.46707e+06 1.64524e+06 1.44938e+06 3.26459e+06 2.88576e+06 2.00919e+06 1.77857e+06 1.52908e+06 1.60413e+06 1.48473e+06 1.73141e+06 1.4112e+06 1.35344e+06 2.04916e+06 3.15794e+06 1.77712e+06 1.57433e+06 1.83274e+06 1.57225e+06 1.57848e+06 1.53895e+06
threshold=20.500000000000004 10.500000000000002 11.500000000000002 1.0000000180025095e-35 1.5000000000000002 1.0000000180025095e-35 8.5000000000000018 1.0000000180025095e-35 1.5000000000000002 5.5000000000000009 1.0000000180025095e-35 25.500000000000004 1.5000000000000002 10.500000000000002 2.5000000000000004 1.5000000000000002 30.500000000000004 9.5000000000000018 1.5000000000000002 5.5000000000000009 9.5000000000000018 2.5000000000000004 9.5000000000000018 22.500000000000004 12.500000000000002 10.500000000000002 18.500000000000004 12.500000000000002 3.5000000000000004 6.5000000000000009
decision_type=2 2 2 2 2 2 2 2 2 2 2 2 2 2 2 2 2 2 2 2 2 2 2 2 2 2 2 2 2 2
left_child=1 2 5 4 6 7 -4 9 -9 -1 -11 13 16 14 18 -14 17 20 -7 -20 -13 25 23 29 -24 26 -10 28 -28 -23
right_child=-2 -3 3 -5 -6 11 -8 8 21 10 -12 12 15 -15 -16 -17 -18 -19 19 -21 -22 22 24 -25 -26 -27 27 -29 -30 -31
leaf_value=-0.046099424445610583 20.179457473754884 17.309307984872298 9.9787358058126348 -4.6742182188563879 -2.7991179379549895 4.4312720198053217 29.240081142243884 -11.389065170571918 -1.6144131545094051 2.5835060189260499 13.101234484248693 -0.40780607925521006 7.7872218012809755 -18.268882846832277 -1.5032156620310939 27.976051626205447 -2.9022033590337504 -6.1240196075439464 -0.031452273213361852 5.0980776413381106 11.489915318253601 -0.69422876053261318 20.010491771698 -13.600290952410019 4.0402040523952909 -5.9681720788559218 -2.1074634364673073 -5.3387639999389656 4.1257222646635929 6.6269156145245844
leaf_weight=643 23 22 38 36 22 398 21 42 3322 214 45 36 24 20 656 20 92 25 927 200 81 371 20 42 135 178 140 75 370 89
leaf_count=643 23 22 38 36 22 398 21 42 3322 214 45 36 24 20 656 20 92 25 927 200 81 371 20 42 135 178 140 75 370 89
internal_value=9.13638e-09 -0.055892 -0.10202 6.52463 11.5019 -0.196977 16.8345 -0.748021 -1.12166 1.23369 4.41091 1.06693 4.46875 0.637264 0.810636 16.964 2.11923 5.37255 1.80597 0.878846 7.82908 -1.03072 1.07559 -0.476047 6.10089 -1.36949 -1.15997 1.42062 2.41465 0.722254
internal_weight=8327 8304 8282 117 81 8165 59 5686 4784 902 259 2479 278 2201 2181 44 234 142 1525 1127 117 4742 657 502 155 4085 3907 585 510 460
internal_count=8327 8304 8282 117 81 8165 59 5686 4784 902 259 2479 278 2201 2181 44 234 142 1525 1127 117 4742 657 502 155 4085 3907 585 510 460
is_linear=0
shrinkage=0.05


Tree=113
num_leaves=31
num_cat=0
split_feature=0 5 8 7 12 2 11 4 7 21 0 21 7 7 13 9 13 0 7 4 13 14 7 8 3 15 7 10 4 14
split_gain=3.59371e+06 2.40102e+06 1.92265e+06 3.00052e+06 2.20767e+06 2.72405e+06 2.22164e+06 2.06988e+06 1.95077e+06 1.92509e+06 1.64235e+06 1.46279e+06 2.04059e+06 1.61473e+06 1.63263e+06 2.06604e+06 1.49183e+06 1.45643e+06 1.34766e+06 1.17742e+06 2.36776e+06 1.61148e+06 1.29479e+06 1.14298e+06 1.09685e+06 1.29114e+06 1.84244e+06 1.84114e+06 2.16339e+06 1.30145e+06
threshold=22.500000000000004 10.500000000000002 2.5000000000000004 5.5000000000000009 2.5000000000000004 2.5000000000000004 13.500000000000002 15.500000000000002 3.5000000000000004 3.5000000000000004 4.5000000000000009 1.5000000000000002 10.500000000000002 1.0000000180025095e-35 39.500000000000007 12.500000000000002 29.500000000000004 12.500000000000002 1.5000000000000002 3.5000000000000004 15.500000000000002 23.500000000000004 5.5000000000000009 1.5000000000000002 11.000000000000002 10.500000000000002 10.500000000000002 7.5000000000000009 2.5000000000000004 25.500000000000004
decision_type=2 2 2 2 2 2 2 2 2 2 2 2 2 2 2 2 2 2 2 2 2 2 2 2 2 2 2 2 2 2
left_child=1 2 3 8 5 9 17 24 -1 11 -10 13 18 -4 15 -15 -14 -6 -13 21 -21 -20 -22 -5 25 29 27 -27 -29 -8
right_child=-2 -3 4 23 6 -7 7 -9 10 -11 -12 12 16 14 -16 -17 -18 -19 19 20 22 -23 -24 -25 -26 26 -28 28 -30 -31
leaf_value=-1.9366104587292323 20.657780858448575 16.443842328678478 -3.3159533322747077 -1.7141389456662264 -4.0386143666406316 6.216133860943029 -0.2452176584590697 14.196914463043214 -0.94166995723073077 12.778342823684216 -13.510376876172884 -4.1271857276984631 17.878850640190972 2.3651859175691956 -7.5812850756522936 12.760505280494691 0.92846972656250015 6.8963062733411791 0.1016512078544749 8.6443340092897412 -2.3379273715910021 8.5235783279455948 -11.419994195302328 11.920842049869837 7.4875343192707406 -11.265514938882056 -16.202302686984723 -2.7410899617842266 9.848184967041016 6.2636279309668197
leaf_weight=961 21 22 134 22 629 223 1211 25 41 32 71 210 27 1085 39 50 25 32 2743 32 91 58 69 51 44 47 26 182 42 82
leaf_count=961 21 22 134 22 629 223 1211 25 41 32 71 210 27 1085 39 50 25 32 2743 32 91 58 69 51 44 47 26 182 42 82
internal_value=6.9953e-09 -0.0522289 -0.0960379 -1.9971 0.209176 0.819358 -1.058 -0.0813505 -2.66442 0.557447 -8.90933 0.471742 -0.0957554 1.88398 2.4775 2.82313 9.72963 -3.50924 -0.255268 0.0163998 -3.77142 0.276043 -6.25457 7.81167 -0.299806 -0.515305 -3.48819 -2.26839 -0.380601 0.167563
internal_weight=8327 8306 8284 1146 7138 4818 2320 1659 1073 4595 112 4563 3255 1308 1174 1135 52 661 3203 2993 192 2801 160 73 1634 1590 297 271 224 1293
internal_count=8327 8306 8284 1146 7138 4818 2320 1659 1073 4595 112 4563 3255 1308 1174 1135 52 661 3203 2993 192 2801 160 73 1634 1590 297 271 224 1293
is_linear=0
shrinkage=0.05


Tree=114
num_leaves=31
num_cat=0
split_feature=11 7 21 21 20 7 12 11 3 12 9 15 7 13 11 3 15 1 12 10 5 7 4 12 3 8 10 9 4 17
split_gain=3.46232e+06 3.09182e+06 1.83312e+06 2.07504e+06 2.05961e+06 2.13573e+06 1.94756e+06 2.53556e+06 1.80847e+06 1.96533e+06 2.64864e+06 2.92133e+06 1.8281e+06 2.87842e+06 1.66446e+06 1.65595e+06 1.63381e+06 2.1179e+06 1.91613e+06 1.85097e+06 1.95678e+06 1.58726e+06 1.83905e+06 1.54605e+06 1.52963e+06 2.25252e+06 1.48981e+06 1.44248e+06 1.39262e+06 1.37057e+06
threshold=38.500000000000007 18.500000000000004 1.5000000000000002 2.5000000000000004 1.0000000180025095e-35 1.0000000180025095e-35 6.5000000000000009 30.500000000000004 7.0000000000000009 5.5000000000000009 8.5000000000000018 9.5000000000000018 2.5000000000000004 10.500000000000002 24.500000000000004 1.0000000180025095e-35 5.5000000000000009 15.500000000000002 1.5000000000000002 8.5000000000000018 1.0000000180025095e-35 11.500000000000002 7.5000000000000009 3.5000000000000004 1.0000000180025095e-35 9.5000000000000018 5.5000000000000009 8.5000000000000018 12.500000000000002 1.5000000000000002
decision_type=2 2 2 2 2 2 2 2 2 2 2 2 2 2 2 2 2 2 2 2 2 2 2 2 2 2 2 2 2 2
left_child=1 2 4 8 5 -1 7 28 9 12 -11 14 23 -14 -12 -9 17 -15 -18 20 27 22 -21 -4 -19 -26 -22 -20 -7 -5
right_child=-2 -3 3 29 -6 6 -8 15 -10 10 11 -13 13 16 -16 -17 18 24 19 21 26 -23 -24 -25 25 -27 -28 -29 -30 -31
leaf_value=-2.9828113323112704 17.246344932194415 18.659011112559927 -1.8985012966752 9.734959336926666 -10.975677492959159 1.4731903047783643 -13.013289494947955 22.480486472447716 2.5691818262242903 -20.716965729849679 -3.0514979675412182 -13.189473859114308 -12.470043217438333 0.34603478428664231 14.582458218284277 4.5822129611458093 1.4431632025268419 3.0050926151729769 -8.9306356745371556 -0.40586424015490946 -4.8924421466630079 -12.763884941736858 10.98703085748773 -10.420591892762618 2.4448104262351991 21.062649972511061 5.6603719068478933 -3.3710160893909 11.015048217773439 0.36099616505882959
leaf_weight=265 29 22 1644 79 35 1960 22 24 386 28 32 42 47 1511 23 28 516 189 193 522 58 24 38 55 32 33 79 295 39 77
leaf_count=265 29 22 1644 79 35 1960 22 24 386 28 32 42 47 1511 23 28 516 189 193 522 58 24 38 55 32 33 79 295 39 77
internal_value=7.79519e-09 -0.0602728 -0.110034 -0.581845 1.06363 1.24386 1.78417 1.94289 -0.736295 -0.974294 -7.17027 -3.25989 -0.826377 -0.178863 4.3227 12.843 -0.0133373 1.05616 -1.10763 -2.19631 -4.08745 -0.17241 0.367225 -2.17438 5.28057 11.8969 1.19276 -5.5698 1.65935 5.10807
internal_weight=8327 8298 8276 5903 2373 2338 2073 2051 5747 5361 125 97 5236 3537 55 52 3490 1765 1725 1209 625 584 560 1699 254 65 137 488 1999 156
internal_count=8327 8298 8276 5903 2373 2338 2073 2051 5747 5361 125 97 5236 3537 55 52 3490 1765 1725 1209 625 584 560 1699 254 65 137 488 1999 156
is_linear=0
shrinkage=0.05


Tree=115
num_leaves=31
num_cat=0
split_feature=8 5 14 15 7 21 20 5 4 3 14 13 21 12 7 15 14 10 4 4 5 4 10 12 0 9 13 4 3 9
split_gain=3.30685e+06 2.15247e+06 1.75653e+06 2.31147e+06 2.00379e+06 2.29825e+06 2.39032e+06 2.0338e+06 1.97903e+06 1.75021e+06 1.80775e+06 1.70416e+06 1.64575e+06 1.72776e+06 4.04147e+06 2.05483e+06 2.64454e+06 2.44643e+06 1.62267e+06 1.59796e+06 1.53041e+06 1.49034e+06 1.48894e+06 1.71014e+06 3.32563e+06 2.81832e+06 2.60424e+06 2.06947e+06 1.58578e+06 1.45445e+06
threshold=20.500000000000004 10.500000000000002 3.5000000000000004 1.5000000000000002 1.5000000000000002 1.5000000000000002 1.0000000180025095e-35 1.5000000000000002 16.500000000000004 11.000000000000002 16.500000000000004 9.5000000000000018 2.5000000000000004 1.5000000000000002 10.500000000000002 5.5000000000000009 6.5000000000000009 6.5000000000000009 12.500000000000002 10.500000000000002 3.5000000000000004 17.500000000000004 8.5000000000000018 4.5000000000000009 14.500000000000002 17.500000000000004 44.500000000000007 7.5000000000000009 1.0000000180025095e-35 12.500000000000002
decision_type=2 2 2 2 2 2 2 2 2 2 2 2 2 2 2 2 2 2 2 2 2 2 2 2 2 2 2 2 2 2
left_child=1 2 -1 -4 7 6 18 -5 9 11 -11 -7 13 14 20 17 -17 29 19 -6 -13 -20 -18 27 -25 26 -26 -24 -28 -15
right_child=-2 -3 3 4 5 8 -8 -9 -10 10 -12 12 -14 15 -16 16 22 -19 21 -21 -22 -23 23 24 25 -27 28 -29 -30 -31
leaf_value=-3.3220379156216127 18.932717397938603 15.56648916764693 3.1723915730432797 -3.2033200482701853 2.0798718854872003 -9.1731007726568929 -11.466258714415812 8.5203164317669007 13.367105285937971 0.23731437864757721 15.875553414315888 0.52312353793572874 4.8268160005270602 -1.9376034432529412 21.851071791215375 -17.35549948136012 -3.9175054174606809 2.8079683598093466 21.705620145797731 -10.674271305084229 -8.7121703914974056 2.846956877274947 -0.16818689936598882 2.1292244092527643 -1.8652246022224426 2.9916669785976411 -32.78886260986328 13.117475571170932 -14.416279014448325 10.545129455129306
leaf_weight=401 23 22 558 719 1391 57 33 39 26 42 33 1808 142 843 22 30 761 497 20 25 46 22 538 83 20 24 23 31 24 24
leaf_count=401 23 22 558 719 1391 57 33 39 26 42 33 1808 142 843 22 30 761 497 20 25 46 22 538 83 20 24 23 31 24 24
internal_value=7.40204e-10 -0.0524389 -0.0939284 0.0703238 -0.166048 0.114992 1.84078 -2.60013 -0.392133 -0.463 7.11814 -0.577335 -0.477669 -0.635448 0.546786 -1.40076 -2.65622 0.0111757 2.14197 1.85469 0.293985 11.8273 -2.36302 -0.77087 -5.1087 -11.7103 -16.9767 0.555637 -23.4071 -1.59206
internal_weight=8327 8304 8282 7881 7323 6565 1491 758 5074 5048 75 4973 4916 4774 1876 2898 1534 1364 1458 1416 1854 42 1504 743 174 91 67 569 47 867
internal_count=8327 8304 8282 7881 7323 6565 1491 758 5074 5048 75 4973 4916 4774 1876 2898 1534 1364 1458 1416 1854 42 1504 743 174 91 67 569 47 867
is_linear=0
shrinkage=0.05


Tree=116
num_leaves=31
num_cat=0
split_feature=14 7 5 17 12 7 8 4 4 14 8 7 15 0 13 15 10 15 7 2 11 15 14 7 17 3 4 12 21 14
split_gain=3.26994e+06 2.67767e+06 1.6988e+06 2.9245e+06 2.05692e+06 4.01211e+06 2.3218e+06 1.52506e+06 1.73408e+06 1.64635e+06 1.51956e+06 1.55086e+06 1.86696e+06 1.68001e+06 1.67119e+06 1.52232e+06 1.51495e+06 1.77644e+06 1.65396e+06 1.29803e+06 1.25231e+06 1.24267e+06 1.83069e+06 1.65657e+06 1.77007e+06 1.23995e+06 1.27437e+06 1.16255e+06 1.10771e+06 1.10547e+06
threshold=33.500000000000007 18.500000000000004 1.0000000180025095e-35 1.5000000000000002 2.5000000000000004 10.500000000000002 2.5000000000000004 6.5000000000000009 13.500000000000002 17.500000000000004 8.5000000000000018 3.5000000000000004 3.5000000000000004 14.500000000000002 27.500000000000004 8.5000000000000018 7.5000000000000009 2.5000000000000004 12.500000000000002 3.5000000000000004 12.500000000000002 1.5000000000000002 4.5000000000000009 1.5000000000000002 1.0000000180025095e-35 7.0000000000000009 1.5000000000000002 1.0000000180025095e-35 1.5000000000000002 2.5000000000000004
decision_type=2 2 2 2 2 2 2 2 2 2 2 2 2 2 2 2 2 2 2 2 2 2 2 2 2 2 2 2 2 2
left_child=1 2 3 4 5 6 29 25 9 28 15 14 -13 20 -12 19 17 -6 -18 21 -14 22 -8 -23 -25 27 -27 -4 -9 -1
right_child=-2 -3 7 -5 16 -7 10 8 -10 -11 11 12 13 -15 -16 -17 18 -19 -20 -21 -22 23 -24 24 -26 26 -28 -29 -30 -31
leaf_value=-8.1147814933257774 20.193084826469423 17.371903055364438 4.37644171999706 15.981983321242863 1.2439439040891243 15.814261069297793 -2.8794337412890267 13.366346979141236 -4.8307455653729647 20.522166248730251 1.9029748624594753 12.763408444545888 -4.3852333104971688 11.812690797448159 -6.6083491290908256 -4.9065815509326995 -0.087923249287037125 -4.2801264316963978 -12.8800719334529 12.871190915107727 3.1118044913315974 -3.1379586929751335 5.0034882511507792 3.2418232795640165 -0.42301199297588249 2.2330544870953228 16.255440800006575 0.090756905434204407 -1.2722923653466363 -1.8971865438162645
leaf_weight=79 20 22 182 27 178 40 102 24 23 28 189 54 66 48 83 155 898 798 26 20 357 428 265 406 1748 43 26 1212 28 752
leaf_count=79 20 22 182 27 178 40 102 24 23 28 189 54 66 48 83 155 898 798 26 20 357 428 265 406 1748 43 26 1212 28 752
internal_value=7.80733e-10 -0.048617 -0.0948755 -0.440527 -0.506786 0.0451888 -0.0875475 1.38816 7.26875 10.7474 0.421251 2.37 3.95757 2.94798 -0.694231 -0.0759172 -1.89892 -3.27266 -0.447875 0.176273 1.94205 0.0901767 2.81259 -0.296782 0.26776 0.974144 7.51685 0.650294 5.484 -2.48827
internal_weight=8327 8307 8285 6719 6692 4792 4752 1566 103 80 3921 797 525 471 272 3124 1900 976 924 2969 423 2949 367 2582 2154 1463 69 1394 52 831
internal_count=8327 8307 8285 6719 6692 4792 4752 1566 103 80 3921 797 525 471 272 3124 1900 976 924 2969 423 2949 367 2582 2154 1463 69 1394 52 831
is_linear=0
shrinkage=0.05


Tree=117
num_leaves=31
num_cat=0
split_feature=0 5 2 4 14 15 15 15 14 9 13 7 12 5 14 3 12 13 10 4 1 11 11 11 11 13 4 1 5 14
split_gain=3.10636e+06 1.92701e+06 1.61306e+06 2.25166e+06 2.23075e+06 2.98226e+06 1.81755e+06 1.55869e+06 1.43523e+06 1.40104e+06 1.26694e+06 1.72771e+06 1.36457e+06 1.24498e+06 2.68454e+06 1.52869e+06 2.04465e+06 1.07004e+06 1.04084e+06 1.59611e+06 1.39272e+06 1.29356e+06 1.90211e+06 1.1912e+06 1.57039e+06 1.21374e+06 1.79257e+06 1.00974e+06 945793 2.6624e+06
threshold=22.500000000000004 10.500000000000002 1.0000000180025095e-35 11.500000000000002 4.5000000000000009 4.5000000000000009 1.5000000000000002 10.500000000000002 24.500000000000004 9.5000000000000018 9.5000000000000018 2.5000000000000004 1.5000000000000002 4.5000000000000009 13.500000000000002 5.5000000000000009 5.5000000000000009 21.500000000000004 6.5000000000000009 5.5000000000000009 18.500000000000004 22.500000000000004 30.500000000000004 20.500000000000004 13.500000000000002 22.500000000000004 2.5000000000000004 10.500000000000002 2.5000000000000004 23.500000000000004
decision_type=2 2 2 2 2 2 2 2 2 2 2 2 2 2 2 2 2 2 2 2 2 2 2 2 2 2 2 2 2 2
left_child=1 2 3 7 5 -4 -6 10 -9 13 11 -1 -12 15 -15 16 -8 -11 19 -14 23 -22 -23 24 25 26 -20 -17 -19 -30
right_child=-2 -3 4 -5 6 -7 9 8 -10 17 12 -13 18 14 -16 27 -18 28 20 -21 21 22 -24 -25 -26 -27 -28 -29 29 -31
leaf_value=-2.4228601104298306 19.206058184305828 14.729742466319692 -2.1244453161203558 10.691436477715062 5.8170603901147846 -19.959313223912165 -0.40482906967316262 -9.7376091231121116 3.2416226931980683 -3.3337706045901521 0.50783016613547993 -13.714105339768606 -2.8991082378590916 0.14599863439798355 21.949362163543704 1.2036508454360826 -12.257739692926407 1.7185554351829386 0.033760293630453263 6.4334783791564405 -6.8815599517296935 5.2615684640580334 -10.835876800537109 -7.3212181237008842 5.2915555051475209 -3.7270193133040936 15.395163488388063 10.430263196848907 9.128773036766054 -7.0343813866376879
leaf_weight=258 21 22 238 42 177 26 2185 89 28 94 1701 39 1006 48 20 69 37 1258 91 48 118 69 25 36 212 137 24 52 125 32
leaf_count=258 21 22 238 42 177 26 2185 89 28 94 1701 39 1006 48 20 69 37 1258 91 48 118 69 25 36 212 137 24 52 125 32
internal_value=7.63018e-09 -0.0485585 -0.0878056 -0.823436 0.573941 -3.88091 0.861 -0.948049 -6.63147 0.637219 -0.771386 -3.90555 -0.502899 -0.110604 6.55875 -0.304167 -0.6022 1.83205 -1.47643 -2.47409 0.000460125 -3.39563 0.980333 1.4404 2.12018 -0.5478 3.23962 5.16881 2.17522 5.83437
internal_weight=8327 8306 8284 3923 4361 264 4097 3881 117 3920 3764 297 3467 2411 68 2343 2222 1509 1766 1054 712 212 94 500 464 252 115 121 1415 157
internal_count=8327 8306 8284 3923 4361 264 4097 3881 117 3920 3764 297 3467 2411 68 2343 2222 1509 1766 1054 712 212 94 500 464 252 115 121 1415 157
is_linear=0
shrinkage=0.05


Tree=118
num_leaves=31
num_cat=0
split_feature=1 5 12 13 11 0 12 21 14 21 8 4 11 15 4 4 13 4 0 2 11 11 12 15 21 13 7 11 9 7
split_gain=3.03196e+06 1.74014e+06 1.60209e+06 1.83186e+06 1.63326e+06 1.68713e+06 1.39962e+06 1.84317e+06 1.35506e+06 1.29354e+06 1.36108e+06 1.27854e+06 2.82323e+06 1.65923e+06 1.24058e+06 1.84118e+06 1.52102e+06 1.17188e+06 2.11696e+06 1.16222e+06 1.76912e+06 3.5775e+06 1.74704e+06 1.68043e+06 2.3816e+06 1.76216e+06 2.56952e+06 1.97191e+06 1.53988e+06 2.27526e+06
threshold=32.500000000000007 10.500000000000002 1.0000000180025095e-35 5.5000000000000009 13.500000000000002 13.500000000000002 3.5000000000000004 3.5000000000000004 1.5000000000000002 1.0000000180025095e-35 5.5000000000000009 12.500000000000002 23.500000000000004 8.5000000000000018 10.500000000000002 3.5000000000000004 17.500000000000004 1.0000000180025095e-35 5.5000000000000009 1.0000000180025095e-35 20.500000000000004 21.500000000000004 2.5000000000000004 7.5000000000000009 1.5000000000000002 22.500000000000004 2.5000000000000004 16.500000000000004 7.5000000000000009 14.500000000000002
decision_type=2 2 2 2 2 2 2 2 2 2 2 2 2 2 2 2 2 2 2 2 2 2 2 2 2 2 2 2 2 2
left_child=1 2 3 -1 5 6 7 8 -4 10 -5 19 13 -13 15 -10 -16 -11 -19 20 23 22 -22 25 -25 -6 27 -27 -21 -30
right_child=-2 -3 4 9 11 -7 -8 -9 14 17 -12 12 -14 -15 16 -17 -18 18 -20 28 21 -23 -24 24 -26 26 -28 -29 29 -31
leaf_value=-13.439922485351563 18.128722089269885 13.993255147066984 -9.984761736506508 2.3984992811739447 -2.8785753665999936 10.899222821202772 -5.0833985825107533 12.566718423843383 -1.1576328415365331 -0.0098417140817902427 9.2760760255379253 5.9325929721196502 -4.1766929963055786 25.177453849429178 0.4413519632248652 3.5090715029166137 -18.170537654213284 -0.83764514724413552 11.660315570235253 -1.1584798573451056 -7.1691437425284548 -1.7438451238875261 -24.843144946628147 5.4239438239564288 -7.7644979645808538 -0.49131856451229172 4.5740772229002413 -19.121842699050905 2.0021071205368588 -14.192040391401813
leaf_weight=20 23 22 42 250 176 29 219 25 3067 733 101 24 34 21 21 227 23 72 64 628 29 257 27 47 126 49 391 20 1538 22
leaf_count=20 23 22 42 250 176 29 219 25 3067 733 101 24 34 21 21 227 23 72 64 628 29 257 27 47 126 49 391 20 1538 22
internal_value=3.25309e-09 -0.050212 -0.0875166 1.56971 -0.379332 -1.11277 -1.20889 -0.959691 -1.05974 1.81577 4.37752 0.411235 6.69748 14.9135 -0.94744 -0.836035 -9.28759 0.781054 5.04375 0.261201 -1.04716 -4.2391 -15.6905 0.18779 -4.18151 1.37629 3.00425 -5.89147 0.932125 1.77373
internal_weight=8327 8304 8282 1240 7042 3653 3624 3405 3380 1220 351 3389 79 45 3338 3294 44 869 136 3310 1122 313 56 809 173 636 460 69 2188 1560
internal_count=8327 8304 8282 1240 7042 3653 3624 3405 3380 1220 351 3389 79 45 3338 3294 44 869 136 3310 1122 313 56 809 173 636 460 69 2188 1560
is_linear=0
shrinkage=0.05


Tree=119
num_leaves=31
num_cat=0
split_feature=8 5 13 12 21 4 0 2 4 14 15 11 11 0 15 13 13 14 13 7 9 21 0 3 11 9 1 8 14 14
split_gain=2.88518e+06 1.57078e+06 1.45591e+06 1.94033e+06 1.48313e+06 1.29395e+06 1.63742e+06 1.29175e+06 1.74222e+06 1.66117e+06 2.6199e+06 1.27605e+06 2.92822e+06 1.61638e+06 1.24533e+06 1.35103e+06 1.83676e+06 1.47464e+06 2.19394e+06 1.41631e+06 1.57894e+06 1.39112e+06 1.13897e+06 1.16102e+06 1.64716e+06 1.10208e+06 2.07825e+06 1.1935e+06 2.60925e+06 1.87759e+06
threshold=20.500000000000004 10.500000000000002 7.5000000000000009 1.0000000180025095e-35 1.0000000180025095e-35 1.0000000180025095e-35 5.5000000000000009 1.0000000180025095e-35 11.500000000000002 4.5000000000000009 4.5000000000000009 20.500000000000004 21.500000000000004 9.5000000000000018 1.5000000000000002 33.500000000000007 35.500000000000007 23.500000000000004 29.500000000000004 7.5000000000000009 7.5000000000000009 1.5000000000000002 21.500000000000004 9.5000000000000018 25.500000000000004 8.5000000000000018 19.500000000000004 8.5000000000000018 22.500000000000004 19.500000000000004
decision_type=2 2 2 2 2 2 2 2 2 2 2 2 2 2 2 2 2 2 2 2 2 2 2 2 2 2 2 2 2 2
left_child=1 2 -1 4 -4 -6 -7 8 11 10 -9 -5 13 -13 -11 17 19 21 -19 20 -17 -16 23 25 -25 26 -18 28 29 -27
right_child=-2 -3 3 7 5 6 -8 9 -10 14 -12 12 -14 -15 15 16 22 18 -20 -21 -22 -23 -24 24 -26 27 -28 -29 -30 -31
leaf_value=-5.2538642577715784 17.684463107067607 13.293592342463407 4.7900690925493832 -0.84864977345600345 -0.053897572911121475 -0.065464756769292504 11.077299772598781 -2.1200977703749109 9.7285690256067241 5.2265296846954499 -20.432885798540983 -4.1870341040871359 -1.9863311053927128 -21.683684470436791 1.5462567289504874 -6.0244229112352645 0.823333185815042 20.477558290390743 -1.4444907860755922 17.316188753568209 7.1827418573832107 -1.2132667976764127 12.446650274594624 -0.87651603438637482 18.700695564633325 -2.1263854544503351 -14.280418407917024 2.0549508454720042 -16.327834461475241 13.906414186386835
leaf_weight=134 23 22 320 2828 710 68 64 174 37 137 22 22 260 33 623 28 62 21 25 26 118 1711 21 22 21 140 36 569 29 21
leaf_count=134 23 22 320 2828 710 68 64 174 37 137 22 22 260 33 623 28 62 21 25 26 118 1711 21 22 21 140 36 569 29 21
internal_value=6.68915e-10 -0.0489815 -0.0844243 0.000591082 1.89247 0.791245 5.33709 -0.31409 -1.05791 0.307386 -4.17561 -1.18489 -4.20356 -14.685 0.550785 0.36634 1.82156 -0.30196 8.5634 6.56454 4.64986 -0.476684 0.935791 0.667204 8.68445 0.264938 -4.72498 0.909223 -2.52193 -0.0351507
internal_weight=8327 8304 8282 8148 1162 842 132 6986 3180 3806 196 3143 315 55 3610 3473 1093 2380 46 172 146 2334 921 900 43 857 98 759 190 161
internal_count=8327 8304 8282 8148 1162 842 132 6986 3180 3806 196 3143 315 55 3610 3473 1093 2380 46 172 146 2334 921 900 43 857 98 759 190 161
is_linear=0
shrinkage=0.05


Tree=120
num_leaves=31
num_cat=0
split_feature=11 7 12 0 0 10 14 11 13 10 7 4 1 3 4 15 1 13 14 4 15 1 13 2 5 12 13 9 15 4
split_gain=2.79746e+06 2.42775e+06 1.37519e+06 2.97049e+06 2.32314e+06 2.26731e+06 1.89956e+06 1.85118e+06 2.1717e+06 1.94202e+06 1.87883e+06 1.49844e+06 1.76006e+06 1.39723e+06 2.03189e+06 1.46273e+06 1.30302e+06 1.31632e+06 1.50006e+06 1.54131e+06 1.37868e+06 1.99059e+06 2.81638e+06 1.45755e+06 1.47683e+06 1.38235e+06 1.21948e+06 1.16269e+06 1.49291e+06 1.79643e+06
threshold=38.500000000000007 18.500000000000004 4.5000000000000009 17.500000000000004 15.500000000000002 13.500000000000002 12.500000000000002 32.500000000000007 29.500000000000004 13.500000000000002 7.5000000000000009 3.5000000000000004 27.500000000000004 1.0000000180025095e-35 10.500000000000002 7.5000000000000009 3.5000000000000004 49.500000000000007 26.500000000000004 16.500000000000004 10.500000000000002 21.500000000000004 35.500000000000007 2.5000000000000004 1.5000000000000002 1.0000000180025095e-35 30.500000000000004 13.500000000000002 7.5000000000000009 2.5000000000000004
decision_type=2 2 2 2 2 2 2 2 2 2 2 2 2 2 2 2 2 2 2 2 2 2 2 2 2 2 2 2 2 2
left_child=1 2 4 6 13 -5 -4 8 -6 -10 -11 12 -8 16 27 -16 -1 18 19 20 23 22 26 25 -25 -18 -22 28 -15 -30
right_child=-2 -3 3 5 7 -7 11 -9 9 10 -12 -13 -14 14 15 -17 17 -19 -20 -21 21 -23 -24 24 -26 -27 -28 -29 29 -31
leaf_value=-6.0599102886823513 15.502287021587634 16.533451149680399 -6.5541763668386359 -5.6096417310562998 18.10723695755005 -24.714682070414227 -2.4477524672235766 16.948287080896314 -2.4701012555612341 -0.55337443718543422 18.112364043508258 7.129922160586796 11.562369599342347 1.5039763226485836 -17.22937220793504 0.28824069499969485 1.3244210445475466 -12.090803201993307 9.6775505220567855 12.780331585624003 -9.9218159059198907 3.2346433794775677 -25.379021696610884 1.923461264371872 13.528285095908425 -0.90928741405474767 4.2692863861719763 4.7451279910379336 -0.69551571456373795 -11.128244187984061
leaf_weight=104 29 22 117 44 22 24 217 29 109 26 28 74 25 1576 26 22 838 24 37 22 41 43 22 162 33 3993 24 209 338 47
leaf_count=104 29 22 117 44 22 24 217 29 109 26 28 74 25 1576 26 22 838 24 37 22 41 43 22 162 33 3993 24 209 338 47
internal_value=9.20214e-09 -0.0541777 -0.0982724 -2.63733 0.0653379 -12.3526 -1.11161 5.2027 3.3615 1.37127 9.12516 0.903516 -1.00043 -0.0800655 0.974871 -9.20047 -0.517994 -0.40798 -0.354215 -0.425898 -0.482247 -5.566 -9.91575 -0.350753 3.88735 -0.521822 -4.68202 1.19995 0.822109 -1.96912
internal_weight=8327 8298 8276 501 7775 68 433 214 185 163 54 316 242 7561 2218 48 5343 5239 5215 5178 5156 130 87 5026 195 4831 65 2170 1961 385
internal_count=8327 8298 8276 501 7775 68 433 214 185 163 54 316 242 7561 2218 48 5343 5239 5215 5178 5156 130 87 5026 195 4831 65 2170 1961 385
is_linear=0
shrinkage=0.05


Tree=121
num_leaves=31
num_cat=0
split_feature=0 2 13 12 17 7 4 15 5 12 0 4 0 1 4 8 7 10 13 13 7 13 13 21 4 4 9 10 8 13
split_gain=2.64877e+06 1.48978e+06 1.25668e+06 1.56862e+06 1.25941e+06 1.12079e+06 1.45795e+06 1.48685e+06 1.32717e+06 1.31915e+06 2.40492e+06 2.68356e+06 1.61224e+06 1.89932e+06 1.84603e+06 1.65851e+06 1.48186e+06 1.33874e+06 1.24121e+06 1.31921e+06 1.49048e+06 1.60426e+06 1.23883e+06 1.1221e+06 1.08105e+06 1.35631e+06 1.52345e+06 2.33763e+06 1.59457e+06 1.49554e+06
threshold=22.500000000000004 3.5000000000000004 7.5000000000000009 1.0000000180025095e-35 1.0000000180025095e-35 1.5000000000000002 1.0000000180025095e-35 4.5000000000000009 1.0000000180025095e-35 4.5000000000000009 15.500000000000002 8.5000000000000018 17.500000000000004 12.500000000000002 3.5000000000000004 7.5000000000000009 7.5000000000000009 6.5000000000000009 48.500000000000007 41.500000000000007 7.5000000000000009 35.500000000000007 9.5000000000000018 1.5000000000000002 10.500000000000002 7.5000000000000009 13.500000000000002 4.5000000000000009 15.500000000000002 33.500000000000007
decision_type=2 2 2 2 2 2 2 2 2 2 2 2 2 2 2 2 2 2 2 2 2 2 2 2 2 2 2 2 2 2
left_child=1 2 -1 4 -4 6 7 8 23 10 22 17 13 -11 -15 -16 -14 -12 19 20 21 -19 -7 -5 25 26 -24 -28 -29 -27
right_child=-2 -3 3 5 -6 9 -8 -9 -10 12 11 -13 16 14 15 -17 -18 18 -20 -21 -22 -23 24 -25 -26 29 27 28 -30 -31
leaf_value=-4.9343752460693251 17.735118602571031 5.0880121413109123 4.2797837358549105 -0.49801576238486078 0.61556147751100676 -7.0515657860135281 3.9713409064235266 -7.5092150973739908 8.5483834290504461 -9.5421064853668209 15.131605408408426 22.852670879364013 -1.0965886716489439 -1.9395040615313297 17.421807823181151 1.6491614074707031 -16.502269190710944 -11.234847457885742 8.923250687899797 -8.5702286410976107 12.129727703332902 6.6774739837646484 -0.2318097554591223 -4.87213524098485 -4.6307412977141089 12.052977482816006 15.961365437880159 0.91635368734062794 13.548886235555015 -4.2716457042098046
leaf_weight=134 21 139 327 372 829 63 91 134 30 62 22 20 27 276 25 50 37 25 46 37 28 25 4682 242 123 47 32 334 27 20
leaf_count=134 21 139 327 372 829 63 91 134 30 62 22 20 27 276 25 50 37 25 46 37 28 25 4682 242 123 47 32 334 27 20
internal_value=-3.53507e-09 -0.0448396 -0.132199 -0.0520932 1.65207 -0.338557 -2.01693 -2.71735 -1.72029 -0.0957964 0.121779 5.46314 -2.61866 -1.47436 -0.0492873 6.90671 -10.003 3.56265 1.9818 -0.794786 2.89356 -2.27869 -0.0817305 -2.22202 0.0016692 0.112479 0.0191749 3.00928 1.86117 7.17996
internal_weight=8327 8306 8167 8033 1156 6877 869 778 644 6008 5531 203 477 413 351 75 64 183 161 115 78 50 5328 614 5265 5142 5075 393 361 67
internal_count=8327 8306 8167 8033 1156 6877 869 778 644 6008 5531 203 477 413 351 75 64 183 161 115 78 50 5328 614 5265 5142 5075 393 361 67
is_linear=0
shrinkage=0.05


Tree=122
num_leaves=31
num_cat=0
split_feature=14 7 2 21 21 20 15 14 7 1 7 12 4 13 14 15 14 13 5 11 8 17 12 3 14 10 13 13 9 8
split_gain=2.61467e+06 2.15635e+06 1.39666e+06 1.38434e+06 1.50321e+06 1.71586e+06 1.49953e+06 2.15639e+06 2.06795e+06 1.73486e+06 1.44178e+06 1.61971e+06 1.48422e+06 1.4384e+06 1.5077e+06 1.59739e+06 1.4899e+06 1.51223e+06 1.4279e+06 1.67856e+06 1.42582e+06 1.22646e+06 1.19105e+06 1.16428e+06 1.39365e+06 1.19208e+06 1.5025e+06 1.36182e+06 1.15835e+06 1.15202e+06
threshold=33.500000000000007 18.500000000000004 4.5000000000000009 2.5000000000000004 1.5000000000000002 1.0000000180025095e-35 9.5000000000000018 23.500000000000004 10.500000000000002 17.500000000000004 1.0000000180025095e-35 6.5000000000000009 12.500000000000002 22.500000000000004 4.5000000000000009 5.5000000000000009 22.500000000000004 39.500000000000007 1.0000000180025095e-35 25.500000000000004 5.5000000000000009 1.5000000000000002 3.5000000000000004 1.0000000180025095e-35 22.500000000000004 10.500000000000002 35.500000000000007 28.500000000000004 13.500000000000002 9.5000000000000018
decision_type=2 2 2 2 2 2 2 2 2 2 2 2 2 2 2 2 2 2 2 2 2 2 2 2 2 2 2 2 2 2
left_child=1 2 3 4 5 10 7 13 23 -9 -1 12 -12 -6 -15 -16 17 20 -19 -20 22 -5 -17 25 28 26 27 -8 -25 -18
right_child=-2 -3 -4 21 6 -7 8 9 -10 -11 11 -13 -14 14 15 16 29 18 19 -21 -22 -23 -24 24 -26 -27 -28 -29 -30 -31
leaf_value=-2.4666826173606911 18.056832065582277 15.589526297829369 10.180794949965044 8.9177392238680326 -1.2951089468431773 -10.476180406050249 -9.0899309349662456 18.979736009511083 -18.608811705453057 3.3821848764857081 1.398410990216072 -12.043750756978989 10.786982354452444 -10.738002262115479 1.9987666367374215 -3.262637582705135 -18.651689887046814 1.1704490103324254 3.3086892809186668 22.274227094650271 -0.17456593588480274 -0.0094222737550735472 -13.929243638438564 0.34551730339343734 -5.561516400655111 -0.66915358749090459 -13.13563476369001 3.3790185695741237 10.601821327209473 -1.8842166628156389
leaf_weight=265 20 22 33 79 2869 33 47 22 21 94 2002 22 43 30 1020 168 20 135 28 20 767 75 31 117 75 102 69 41 36 21
leaf_count=265 20 22 33 79 2869 33 47 22 21 94 2002 22 43 30 1020 168 20 135 28 20 767 75 31 117 75 102 69 41 36 21
internal_value=-5.68191e-10 -0.0434738 -0.0849857 -0.126039 -0.215345 0.84529 -0.652883 -0.400741 -3.24627 6.34034 1.0055 1.45065 1.59582 -0.553797 0.395677 0.546813 -0.697719 -0.363519 3.80404 11.211 -1.15302 4.5701 -4.92427 -2.58382 0.0218305 -4.8776 -7.61176 -3.28053 2.75877 -10.0635
internal_weight=8327 8307 8285 8252 8098 2365 5733 5225 508 116 2332 2067 2045 5109 2240 2210 1190 1149 183 48 966 154 199 487 228 259 157 88 153 41
internal_count=8327 8307 8285 8252 8098 2365 5733 5225 508 116 2332 2067 2045 5109 2240 2210 1190 1149 183 48 966 154 199 487 228 259 157 88 153 41
is_linear=0
shrinkage=0.05


Tree=123
num_leaves=31
num_cat=0
split_feature=1 5 21 10 13 12 14 20 17 8 14 4 11 11 13 21 13 4 4 4 0 15 7 7 3 9 15 8 14 7
split_gain=2.50523e+06 1.38403e+06 1.35326e+06 1.86184e+06 1.28549e+06 1.53768e+06 1.23048e+06 1.45107e+06 1.14731e+06 1.13057e+06 1.11648e+06 1.1145e+06 1.57058e+06 1.20624e+06 1.15945e+06 1.08952e+06 1.44099e+06 1.21732e+06 1.38992e+06 2.06169e+06 1.58062e+06 2.57403e+06 1.5473e+06 1.35274e+06 1.46884e+06 1.743e+06 1.23397e+06 2.04574e+06 1.40826e+06 1.21657e+06
threshold=32.500000000000007 10.500000000000002 2.5000000000000004 11.500000000000002 6.5000000000000009 1.0000000180025095e-35 30.500000000000004 1.0000000180025095e-35 1.5000000000000002 13.500000000000002 1.5000000000000002 1.0000000180025095e-35 17.500000000000004 19.500000000000004 22.500000000000004 1.5000000000000002 57.500000000000007 15.500000000000002 10.500000000000002 9.5000000000000018 10.500000000000002 8.5000000000000018 15.500000000000002 13.500000000000002 4.5000000000000009 15.500000000000002 3.5000000000000004 10.500000000000002 7.5000000000000009 1.5000000000000002
decision_type=2 2 2 2 2 2 2 2 2 2 2 2 2 2 2 2 2 2 2 2 2 2 2 2 2 2 2 2 2 2
left_child=1 2 4 8 -1 11 7 10 -4 -8 -7 13 -13 14 -6 -12 17 18 19 22 -20 -22 23 24 26 -26 27 29 -28 -17
right_child=-2 -3 3 -5 5 6 9 -9 -10 -11 15 12 -14 -15 -16 16 -18 -19 20 -21 21 -23 -24 -25 25 -27 28 -29 -30 -31
leaf_value=-7.1144878965435616 16.478938091319542 12.47870790091428 6.8343567811525787 17.741264986991883 0.47768191001178595 -8.4253873603288518 15.949231646277688 -10.066311613718669 -2.7959018474413178 0.094813705527264147 0.6749736730974113 2.9552500050881005 14.710268113192392 -7.2418896826830776 5.3399087731180526 -3.4908492421781698 -12.258131168506765 10.557798242568971 -13.806495219607687 15.402404317855835 11.63298206762834 -13.151213084459307 -14.562760053277016 12.349966192245484 1.2205885797262954 12.696293915929022 -4.68114453663335 10.980788693039917 -1.1495443423552505 0.53372976584956422
leaf_weight=66 23 22 65 23 794 43 22 39 59 23 1892 173 34 44 145 222 27 24 43 20 22 20 20 20 313 37 318 43 2513 1218
leaf_count=66 23 22 65 23 794 43 22 39 59 23 1892 173 34 44 145 222 27 24 43 20 22 20 20 20 313 37 318 43 2513 1218
internal_value=-4.43794e-09 -0.0456425 -0.0789118 4.67567 -0.164827 -0.107983 -0.395064 -0.449328 2.25222 7.84586 -0.394131 1.55154 4.88603 0.849362 1.22851 -0.342985 -0.739276 -0.674925 -0.730983 -0.61696 -7.06798 -0.169016 -0.68507 -0.625814 -0.681457 2.43373 -0.934196 0.23418 -1.54624 -0.0867262
internal_weight=8327 8304 8282 147 8135 8069 6879 6834 124 45 6795 1190 207 983 939 6752 4860 4833 4809 4724 85 42 4704 4684 4664 350 4314 1483 2831 1440
internal_count=8327 8304 8282 147 8135 8069 6879 6834 124 45 6795 1190 207 983 939 6752 4860 4833 4809 4724 85 42 4704 4684 4664 350 4314 1483 2831 1440
is_linear=0
shrinkage=0.05


Tree=124
num_leaves=31
num_cat=0
split_feature=8 2 14 15 4 15 12 14 11 10 14 4 5 0 13 5 3 13 20 21 4 4 1 0 4 11 7 11 15 10
split_gain=2.43252e+06 1.32514e+06 1.64678e+06 2.41839e+06 1.58609e+06 1.51837e+06 1.40175e+06 1.58716e+06 2.16856e+06 1.58461e+06 1.75612e+06 1.58271e+06 1.33814e+06 1.76637e+06 1.90426e+06 1.66545e+06 1.27868e+06 1.12963e+06 1.03243e+06 1.33328e+06 1.23434e+06 1.19805e+06 1.50448e+06 1.88037e+06 1.36916e+06 1.23666e+06 1.17082e+06 1.76228e+06 1.12378e+06 1.09813e+06
threshold=20.500000000000004 1.0000000180025095e-35 4.5000000000000009 4.5000000000000009 11.500000000000002 1.5000000000000002 4.5000000000000009 25.500000000000004 20.500000000000004 11.500000000000002 13.500000000000002 2.5000000000000004 2.5000000000000004 12.500000000000002 34.500000000000007 4.5000000000000009 11.000000000000002 10.500000000000002 1.0000000180025095e-35 1.5000000000000002 12.500000000000002 10.500000000000002 20.500000000000004 8.5000000000000018 7.5000000000000009 33.500000000000007 2.5000000000000004 15.500000000000002 2.5000000000000004 7.5000000000000009
decision_type=2 2 2 2 2 2 2 2 2 2 2 2 2 2 2 2 2 2 2 2 2 2 2 2 2 2 2 2 2 2
left_child=1 4 3 -3 6 -4 7 8 17 10 -8 -10 16 -14 -15 -16 18 -1 19 20 -7 24 23 -23 25 26 27 29 -28 -21
right_child=-2 2 5 -5 -6 12 9 -9 11 -11 -12 -13 13 14 15 -17 -18 -19 -20 21 -22 22 -24 -25 -26 -27 28 -29 -30 -31
leaf_value=-2.7578356120553282 16.23805164668871 -1.6918202739803734 5.3304790824567538 -17.752341009103336 8.9537958746864685 1.6312267657962136 -8.3739031976269143 9.0374839714595261 -3.4408128503057145 -15.075639404970056 4.2204368381500244 -14.043355744938518 1.2785768983848542 20.761842977083646 14.508471903307687 -0.72837733410774397 7.3667133792998305 -0.07235941012292875 -10.155098056793214 -2.2055857065499551 13.624990220503376 -12.583085261072432 -18.031899290993103 8.1109033833379325 10.471789585749308 -8.8859134895045582 5.0311040637954596 -11.831384593790228 0.11315938526349803 5.6380033705234531
leaf_weight=450 23 238 177 26 42 861 62 42 194 34 50 43 251 26 29 47 63 3017 24 415 22 21 21 23 30 41 124 44 1837 50
leaf_count=450 23 238 177 26 42 861 62 42 194 34 50 43 251 26 29 47 63 3017 24 415 22 21 21 23 30 41 124 44 1837 50
internal_value=-1.26859e-08 -0.0449753 0.554311 -3.27354 -0.71068 0.800427 -0.814973 -0.627641 -0.737234 -5.62145 -2.75143 -5.36448 0.59635 3.53327 9.08157 5.08568 0.306436 -0.420921 0.179821 0.250913 1.93005 -0.318036 -7.02098 -1.76577 -0.146571 -0.273433 -0.130473 -2.26719 0.424136 -1.36219
internal_weight=8327 8304 4370 264 3934 4106 3892 3746 3704 146 112 237 3929 353 102 76 3576 3467 3513 3489 883 2606 65 44 2541 2511 2470 509 1961 465
internal_count=8327 8304 4370 264 3934 4106 3892 3746 3704 146 112 237 3929 353 102 76 3576 3467 3513 3489 883 2606 65 44 2541 2511 2470 509 1961 465
is_linear=0
shrinkage=0.05


Tree=125
num_leaves=31
num_cat=0
split_feature=13 5 2 14 15 4 15 12 10 14 12 10 15 14 7 0 1 21 10 15 1 11 11 10 10 7 7 4 14 9
split_gain=2.37462e+06 1.21196e+06 1.11715e+06 1.44174e+06 2.18259e+06 1.43675e+06 1.40769e+06 1.34823e+06 1.63785e+06 1.08334e+06 991378 1.07363e+06 1.53997e+06 1.95431e+06 1.88148e+06 1.48656e+06 1.41087e+06 1.77931e+06 1.45294e+06 1.08533e+06 2.20634e+06 969609 2.15201e+06 954578 973123 1.13699e+06 922369 949006 2.04096e+06 2.44975e+06
threshold=61.500000000000007 10.500000000000002 1.0000000180025095e-35 4.5000000000000009 4.5000000000000009 11.500000000000002 1.5000000000000002 5.5000000000000009 10.500000000000002 30.500000000000004 1.5000000000000002 6.5000000000000009 7.5000000000000009 24.500000000000004 6.5000000000000009 13.500000000000002 17.500000000000004 1.5000000000000002 10.500000000000002 5.5000000000000009 14.500000000000002 20.500000000000004 22.500000000000004 12.500000000000002 10.500000000000002 9.5000000000000018 1.5000000000000002 10.500000000000002 9.5000000000000018 12.500000000000002
decision_type=2 2 2 2 2 2 2 2 2 2 2 2 2 2 2 2 2 2 2 2 2 2 2 2 2 2 2 2 2 2
left_child=1 2 5 4 -4 7 -5 10 -9 26 -1 15 21 14 16 19 17 -14 -18 20 -12 23 -23 24 25 -13 -8 -28 -29 -30
right_child=-2 -3 3 6 -6 -7 9 8 -10 -11 11 12 13 -15 -16 -17 18 -19 -20 -21 -22 22 -24 -25 -26 -27 27 28 29 -31
leaf_value=0.096100696689763773 14.536382791825705 11.670918264172293 -1.6072291829005012 5.0639552115720541 -16.864723918988155 8.5061062069166269 -2.4301570476004573 -1.6904442801620023 -19.55274642762684 8.9064092626697136 -2.7175310676756177 2.0614278795468248 14.568494769505092 6.6806079546610526 -14.663733310862021 8.2924780607223507 -14.18921306622334 -3.1210435962135143 -0.45145592187580308 -5.9814353926452224 7.1488018911392963 -16.542729769582333 2.058276982481281 12.729782858349029 -4.4618145397415869 14.317948184013368 0.77715764705082124 10.186372030349006 -14.404323562921263 2.0109319105380918
leaf_weight=1981 28 22 238 177 26 42 264 33 21 38 797 351 21 39 44 31 39 44 38 216 61 23 48 21 54 20 3497 21 51 41
leaf_count=1981 28 22 238 177 26 42 264 33 21 38 797 351 21 39 44 31 39 44 38 216 61 23 48 21 54 20 3497 21 51 41
internal_value=-5.02883e-09 -0.0490443 -0.0801956 0.471321 -3.10986 -0.692008 0.702535 -0.791524 -8.6369 0.5052 -0.680853 -1.51417 -0.0430736 -3.49592 -5.62971 -2.50201 -2.83044 2.59404 -7.40954 -2.81358 -2.01608 1.45962 -3.9674 2.32356 1.80937 2.72216 0.422793 0.63143 -3.87839 -7.08883
internal_weight=8327 8299 8277 4353 264 3924 4089 3882 54 3912 3828 1847 742 225 186 1105 142 65 77 1074 858 517 71 446 425 371 3874 3610 113 92
internal_count=8327 8299 8277 4353 264 3924 4089 3882 54 3912 3828 1847 742 225 186 1105 142 65 77 1074 858 517 71 446 425 371 3874 3610 113 92
is_linear=0
shrinkage=0.05


Tree=126
num_leaves=31
num_cat=0
split_feature=7 13 1 5 12 9 4 16 8 5 17 10 15 12 7 15 7 14 21 10 11 7 11 0 17 11 15 14 10 11
split_gain=2.30532e+06 2.79846e+06 4.15116e+06 1.24102e+06 1.42231e+06 2.03106e+06 1.39521e+06 1.65198e+06 1.38005e+06 1.37359e+06 1.97883e+06 1.33142e+06 1.55083e+06 1.28649e+06 1.15235e+06 1.14647e+06 1.4943e+06 1.47248e+06 1.3893e+06 1.13782e+06 1.31384e+06 1.11434e+06 1.09857e+06 2.25558e+06 1.0811e+06 1.22268e+06 1.08055e+06 1.04878e+06 1.04731e+06 1.03542e+06
threshold=14.500000000000002 41.500000000000007 16.500000000000004 1.0000000180025095e-35 2.5000000000000004 13.500000000000002 1.5000000000000002 1.0000000180025095e-35 2.5000000000000004 3.5000000000000004 1.0000000180025095e-35 7.5000000000000009 2.5000000000000004 5.5000000000000009 8.5000000000000018 1.5000000000000002 1.5000000000000002 4.5000000000000009 1.0000000180025095e-35 10.500000000000002 26.500000000000004 8.5000000000000018 18.500000000000004 9.5000000000000018 1.0000000180025095e-35 19.500000000000004 11.500000000000002 15.500000000000002 14.500000000000002 14.500000000000002
decision_type=2 2 2 2 2 2 2 2 2 2 2 2 2 2 2 2 2 2 2 2 2 2 2 2 2 2 2 2 2 2
left_child=3 2 -2 4 5 8 7 9 -1 21 -11 12 -6 -13 24 17 -17 -10 -18 -15 -21 22 -5 -24 25 -7 -26 -25 -8 -12
right_child=1 -3 -4 6 11 14 28 -9 15 10 29 13 -14 19 -16 16 18 -19 -20 20 -22 -23 23 27 26 -27 -28 -29 -30 -31
leaf_value=-1.9697956255641564 16.668402852614722 24.941410408020019 -13.771682816460022 -1.2935853844912595 1.4126753920249726 19.21409094674247 2.7843641747619507 -11.860357454844884 -2.2579652975587283 12.696651410063108 5.4599469260165563 0.49912824239716475 -3.7469392313046401 0.52415141264597576 16.228385725021365 -2.7334467523714361 2.7944890775995885 4.7657133257646356 -0.10293385479237634 -17.750284474236626 -3.1244941665845758 -12.039604573022752 13.503332845176139 -9.6160632153352097 3.7834190430782608 3.2539657831192019 -6.4514755754759818 2.66667697089059 13.267450340270997 -1.4299561267718675
leaf_weight=836 24 20 21 567 178 21 507 28 102 48 95 830 801 48 20 440 499 278 2421 28 34 21 41 24 118 28 33 63 25 128
leaf_count=836 24 20 21 567 178 21 507 28 102 48 95 830 801 48 20 440 499 278 2421 28 34 21 41 24 118 28 33 63 25 128
internal_value=1.11911e-09 9.37945 2.46303 -0.0737914 -0.367921 0.0923805 1.20293 0.11583 -0.13323 0.45558 3.48745 -1.51832 -2.80883 -0.174261 4.78509 0.277296 -0.017104 2.88041 0.392208 -5.25529 -9.72969 -0.691959 -0.349081 3.83478 3.64076 10.094 1.54665 -0.721665 3.27699 1.5052
internal_weight=8327 65 45 8262 6715 4796 1547 1015 4576 987 271 1919 979 940 220 3740 3360 380 2920 110 62 716 695 128 200 49 151 87 532 223
internal_count=8327 65 45 8262 6715 4796 1547 1015 4576 987 271 1919 979 940 220 3740 3360 380 2920 110 62 716 695 128 200 49 151 87 532 223
is_linear=0
shrinkage=0.05


Tree=127
num_leaves=31
num_cat=0
split_feature=0 2 12 5 11 14 13 13 8 10 4 15 9 7 7 21 20 10 14 7 14 5 4 12 4 1 15 4 4 21
split_gain=2.26023e+06 1.10104e+06 1.93481e+06 1.55557e+06 1.50299e+06 1.82871e+06 2.17047e+06 1.31449e+06 1.27962e+06 1.61189e+06 1.4166e+06 1.12365e+06 2.35516e+06 2.08523e+06 1.98519e+06 1.49118e+06 1.45696e+06 1.34989e+06 1.69943e+06 1.31769e+06 1.24031e+06 1.23913e+06 1.80148e+06 1.67109e+06 1.66415e+06 1.42453e+06 1.32647e+06 1.29593e+06 1.30096e+06 1.11435e+06
threshold=22.500000000000004 2.5000000000000004 2.5000000000000004 2.5000000000000004 37.500000000000007 28.500000000000004 57.500000000000007 43.500000000000007 7.5000000000000009 10.500000000000002 1.0000000180025095e-35 5.5000000000000009 11.500000000000002 13.500000000000002 15.500000000000002 3.5000000000000004 1.0000000180025095e-35 5.5000000000000009 14.500000000000002 4.5000000000000009 21.500000000000004 1.0000000180025095e-35 6.5000000000000009 5.5000000000000009 10.500000000000002 26.500000000000004 8.5000000000000018 13.500000000000002 10.500000000000002 1.0000000180025095e-35
decision_type=2 2 2 2 2 2 2 2 2 2 2 2 2 2 2 2 2 2 2 2 2 2 2 2 2 2 2 2 2 2
left_child=1 4 3 -3 5 6 11 -7 -4 10 -10 12 13 15 16 20 21 18 -14 -17 -1 23 -23 25 -24 27 -25 28 -13 -11
right_child=-2 2 8 -5 -6 7 -8 -9 9 29 -12 14 17 -15 -16 19 -18 -19 -20 -21 -22 22 24 26 -26 -27 -28 -29 -30 -31
leaf_value=-0.2609299886118282 16.38281925746373 4.0809178304557063 -8.3315106757143713 17.056313666930567 -13.86860529191792 15.858368740081787 13.936341469376178 1.7744104745420248 1.9136442999341594 4.3963092730595514 16.295446412459665 -1.3603887602344047 4.0972424330270814 15.312562222914265 -15.390931975841523 1.2213076958289513 -13.47920957648236 2.2033543051654148 18.717376911980764 18.06080842472258 11.638949688998137 0.2456001447576337 17.140804210305216 -17.706093970051519 0.28554845032868564 6.8497436139318681 -3.5660116639248161 9.4968624167972138 -11.227716238358441 -8.1655753335085777
leaf_weight=4675 21 207 47 26 20 30 27 37 67 26 23 1907 46 22 24 26 23 131 35 21 22 565 32 27 27 54 43 27 34 55
leaf_count=4675 21 207 47 26 20 30 27 37 67 26 23 1907 46 22 24 26 23 131 35 21 22 565 32 27 27 54 43 27 34 55
internal_value=-3.99347e-09 -0.0414206 2.36106 5.52882 -0.179361 -0.144417 -0.215359 8.08066 -1.02465 0.983666 5.58899 -0.264719 0.184077 -0.0452966 -1.0733 -0.116518 -0.947845 5.34066 10.4146 8.74534 -0.205193 -0.841725 1.11375 -1.425 9.42738 -1.16207 -9.02004 -1.3819 -1.53323 -4.13337
internal_weight=8327 8306 451 233 7855 7835 7768 67 218 171 90 7741 4978 4766 2763 4744 2739 212 81 47 4697 2716 624 2092 59 2022 70 1968 1941 81
internal_count=8327 8306 451 233 7855 7835 7768 67 218 171 90 7741 4978 4766 2763 4744 2739 212 81 47 4697 2716 624 2092 59 2022 70 1968 1941 81
is_linear=0
shrinkage=0.05


Tree=128
num_leaves=31
num_cat=0
split_feature=11 7 0 12 3 1 21 13 5 20 11 1 21 10 8 13 3 2 7 13 12 14 15 12 1 7 7 15 8 1
split_gain=2.25556e+06 1.77604e+06 1.28043e+06 1.13747e+06 1.77342e+06 3.11883e+06 1.10455e+06 1.6887e+06 1.40814e+06 1.44844e+06 1.34937e+06 1.43084e+06 1.28844e+06 1.33618e+06 1.13269e+06 1.14644e+06 1.14794e+06 1.43481e+06 993059 934922 932594 1.5203e+06 1.24506e+06 1.43383e+06 1.39842e+06 1.52517e+06 1.21127e+06 1.10165e+06 1.54226e+06 1.03185e+06
threshold=38.500000000000007 18.500000000000004 20.500000000000004 6.5000000000000009 1.0000000180025095e-35 24.500000000000004 1.5000000000000002 51.500000000000007 4.5000000000000009 1.0000000180025095e-35 18.500000000000004 10.500000000000002 2.5000000000000004 11.500000000000002 1.5000000000000002 57.500000000000007 7.0000000000000009 2.5000000000000004 1.0000000180025095e-35 53.500000000000007 5.5000000000000009 25.500000000000004 8.5000000000000018 2.5000000000000004 14.500000000000002 11.500000000000002 8.5000000000000018 10.500000000000002 11.500000000000002 18.500000000000004
decision_type=2 2 2 2 2 2 2 2 2 2 2 2 2 2 2 2 2 2 2 2 2 2 2 2 2 2 2 2 2 2
left_child=1 2 3 6 5 -5 7 8 9 18 11 -10 14 -14 -8 16 20 -18 -1 -4 21 22 24 26 25 -16 -24 28 -23 -22
right_child=-2 -3 19 4 -6 -7 12 -9 10 -11 -12 -13 13 -15 15 -17 17 -19 -20 -21 29 27 23 -25 -26 -27 -28 -29 -30 -31
leaf_value=-2.2079820944504305 13.920052684586626 14.138930476795544 -1.3663724422454835 0.97247937202453627 2.4135461603150223 -26.616361504509339 -3.5832339773468647 11.830024558050292 11.251057014926788 -10.579870127809459 18.060695882070632 -3.6015002194572903 2.1587429425239564 15.039313586552939 -0.79947191483871849 -11.219604285558065 1.6032565033366515 14.247909706830979 1.061724843906346 -16.654623718261718 0.13273513036615708 19.229618380619929 -1.2625774769603459 -5.614873779406313 1.4768829425800856 11.596082084655762 11.546753234863282 -0.44862872873033793 2.8349942617118362 -11.933361327325976
leaf_weight=264 29 22 20 20 33 21 279 35 31 29 21 34 125 24 3366 24 344 24 1929 20 34 26 239 244 934 25 20 42 32 37
leaf_count=264 29 22 20 20 33 21 279 35 31 29 21 34 125 24 3366 24 344 24 1929 20 34 26 239 244 934 25 20 42 32 37
internal_value=-7.24107e-09 -0.0486481 -0.0863627 -0.0430207 -6.21415 -13.1584 0.0129293 0.929578 0.764276 0.521307 7.04193 3.48203 -0.356156 4.23347 -0.476765 -0.315996 -0.267238 2.42791 0.668108 -9.0105 -0.46564 -0.383668 -0.510058 -2.86451 -0.236234 -0.708086 -0.27344 5.71847 10.1843 -6.15523
internal_weight=8327 8298 8276 8236 74 41 8162 2343 2308 2222 86 65 5819 149 5670 5391 5367 368 2193 40 4999 4928 4828 503 4325 3391 259 100 58 71
internal_count=8327 8298 8276 8236 74 41 8162 2343 2308 2222 86 65 5819 149 5670 5391 5367 368 2193 40 4999 4928 4828 503 4325 3391 259 100 58 71
is_linear=0
shrinkage=0.05


Tree=129
num_leaves=31
num_cat=0
split_feature=0 2 12 7 10 15 7 4 4 14 4 11 7 11 9 14 9 8 14 21 7 8 1 10 8 0 14 14 13 14
split_gain=2.09619e+06 1.02625e+06 1.0715e+06 2.23517e+06 1.39171e+06 2.69416e+06 2.06758e+06 1.81255e+06 1.97628e+06 1.80493e+06 1.52097e+06 1.3801e+06 1.3318e+06 1.25534e+06 1.27772e+06 1.79938e+06 1.23355e+06 1.40567e+06 1.90478e+06 1.50668e+06 1.38025e+06 2.1403e+06 1.22774e+06 1.30264e+06 1.18132e+06 1.16253e+06 1.43504e+06 984826 1.72737e+06 1.69053e+06
threshold=22.500000000000004 4.5000000000000009 1.5000000000000002 10.500000000000002 6.5000000000000009 3.5000000000000004 6.5000000000000009 10.500000000000002 7.5000000000000009 6.5000000000000009 15.500000000000002 37.500000000000007 15.500000000000002 18.500000000000004 4.5000000000000009 8.5000000000000018 12.500000000000002 14.500000000000002 19.500000000000004 3.5000000000000004 3.5000000000000004 5.5000000000000009 17.500000000000004 5.5000000000000009 2.5000000000000004 4.5000000000000009 8.5000000000000018 11.500000000000002 23.500000000000004 10.500000000000002
decision_type=2 2 2 2 2 2 2 2 2 2 2 2 2 2 2 2 2 2 2 2 2 2 2 2 2 2 2 2 2 2
left_child=1 2 3 24 7 6 13 8 16 -7 11 12 -11 14 -6 -16 17 18 19 20 -4 27 -18 -24 -1 -23 -27 29 -29 -22
right_child=-2 -3 4 -5 5 9 -8 -9 -10 10 -12 -13 -14 -15 15 -17 22 -19 -20 -21 21 25 23 -25 -26 26 -28 28 -30 -31
leaf_value=-1.3770008280254138 15.777104414077034 8.6290755468256339 -1.0974695728657469 13.315450342963723 -1.6623603898651744 -11.105116881822285 18.04602642740522 -12.597439291079839 11.911930063632983 0.011309800647342064 10.88386640856343 -12.194809591273469 -12.091881627621859 -5.3711298061139665 -4.5914938946564998 10.544135710148623 7.3817868156652713 -14.632934061686198 10.105142475576962 9.2920787715911874 -7.0892156282854835 9.7789726108312607 5.2469296101600902 -9.1343012772500511 0.87855346635698395 -9.3075859705607105 -0.58510617947840426 -19.412371271534973 -2.2782985528310138 7.8490395046415786
leaf_weight=722 21 34 1351 34 49 38 28 36 28 1929 31 24 23 33 24 108 76 21 34 30 193 22 31 32 2962 57 273 38 24 21
leaf_count=722 21 34 1351 34 49 38 28 36 28 1929 31 24 23 33 24 108 76 21 34 30 193 22 31 32 2962 57 273 38 24 21
internal_value=1.3116e-08 -0.0398891 -0.0755208 0.554278 -0.589704 0.280538 5.26924 -1.46762 -1.28803 -0.309813 -0.105417 -0.27782 -0.1313 3.59751 5.23268 7.7922 -1.4558 -1.76284 -1.63055 -1.82916 -1.99775 -3.9345 3.1034 -2.05782 0.436504 -1.3498 -2.09172 -7.23094 -12.7798 -5.62331
internal_weight=8327 8306 8272 3718 4554 2287 242 2267 2231 2045 2007 1976 1952 214 181 132 2203 2064 2043 2009 1979 628 139 63 3684 352 330 276 62 214
internal_count=8327 8306 8272 3718 4554 2287 242 2267 2231 2045 2007 1976 1952 214 181 132 2203 2064 2043 2009 1979 628 139 63 3684 352 330 276 62 214
is_linear=0
shrinkage=0.05


Tree=130
num_leaves=31
num_cat=0
split_feature=11 7 0 12 3 1 21 13 5 20 0 7 21 10 13 3 2 8 15 8 7 14 17 12 13 15 14 7 12 14
split_gain=2.08317e+06 1.62979e+06 1.25543e+06 1.01758e+06 1.59028e+06 2.82141e+06 1.00306e+06 1.51372e+06 1.27609e+06 1.30422e+06 1.18581e+06 1.55654e+06 1.11211e+06 1.2277e+06 1.00392e+06 1.22078e+06 1.2685e+06 966342 924633 1.75373e+06 2.22889e+06 1.22483e+06 1.05188e+06 1.12272e+06 1.17019e+06 1.17887e+06 1.42879e+06 1.72386e+06 1.23397e+06 1.22365e+06
threshold=38.500000000000007 18.500000000000004 20.500000000000004 6.5000000000000009 1.0000000180025095e-35 24.500000000000004 1.5000000000000002 51.500000000000007 4.5000000000000009 1.0000000180025095e-35 10.500000000000002 3.5000000000000004 2.5000000000000004 11.500000000000002 57.500000000000007 7.0000000000000009 2.5000000000000004 1.5000000000000002 3.5000000000000004 10.500000000000002 3.5000000000000004 6.5000000000000009 1.5000000000000002 1.5000000000000002 19.500000000000004 8.5000000000000018 23.500000000000004 7.5000000000000009 5.5000000000000009 28.500000000000004
decision_type=2 2 2 2 2 2 2 2 2 2 2 2 2 2 2 2 2 2 2 2 2 2 2 2 2 2 2 2 2 2
left_child=1 2 3 6 5 -5 7 8 9 -1 11 -10 14 -14 15 17 -17 -8 19 -19 -21 -20 23 -23 -25 26 28 -28 -26 -27
right_child=-2 -3 -4 4 -6 -7 12 -9 10 -11 -12 -13 13 -15 -16 16 -18 18 21 20 -22 22 -24 24 25 29 27 -29 -30 -31
leaf_value=0.63797878054413582 13.37753255737239 13.544129076871005 -8.9194628858566301 0.9874774169921875 2.2932648119601335 -25.252912712097171 -3.4825464795249097 11.206739872523718 14.533690658807755 -10.035323930608817 16.142716301480927 -2.4138095622970948 1.9365283729314804 14.283168490727745 -10.655327725410462 1.595977885836483 13.481850452224414 0.21319210973437414 -4.3788787948836889 -2.6911409923008511 18.69788680898732 0.54037516695717369 8.3494559228420258 -4.9346411513626034 -0.36656857678606009 -3.8714663639910079 1.0855682920765233 19.30530466079712 -10.636751087506612 7.5110838298797606
leaf_weight=2193 29 22 40 20 33 21 276 35 20 29 24 42 125 24 24 347 24 1694 240 21 29 1062 32 218 1166 425 37 20 30 25
leaf_count=2193 29 22 40 20 33 21 276 35 20 29 24 42 125 24 24 347 24 1694 240 21 29 1062 32 218 1166 425 37 20 30 25
internal_value=4.32962e-09 -0.046752 -0.0828805 -0.0399637 -5.87681 -12.4527 0.0129555 0.886478 0.729975 0.498678 6.70603 3.05313 -0.338765 3.92525 -0.450818 -0.40744 2.36488 -0.602422 -0.443408 0.485592 9.7145 -0.941157 -0.667508 -0.764237 -1.48547 -1.04395 -0.255586 7.47846 -0.624182 -3.2391
internal_weight=8327 8298 8276 8236 74 41 8162 2343 2308 2222 86 62 5819 149 5670 5646 371 5275 4999 1744 50 3255 3015 2983 1921 1703 1253 57 1196 450
internal_count=8327 8298 8276 8236 74 41 8162 2343 2308 2222 86 62 5819 149 5670 5646 371 5275 4999 1744 50 3255 3015 2983 1921 1703 1253 57 1196 450
is_linear=0
shrinkage=0.05


Tree=131
num_leaves=31
num_cat=0
split_feature=1 2 14 15 15 4 15 5 0 0 14 7 14 10 12 10 4 5 1 11 0 10 0 0 5 9 11 11 7 14
split_gain=2.07883e+06 968100 1.18266e+06 1.92032e+06 1.1656e+06 1.19296e+06 1.16276e+06 1.09376e+06 1.04664e+06 1.26932e+06 951211 913147 1.31961e+06 2.517e+06 911233 1.10789e+06 1.22095e+06 1.65842e+06 1.14143e+06 1.30551e+06 1.08199e+06 958915 923319 998430 910163 1.02455e+06 1.29717e+06 1.06785e+06 1.70032e+06 1.23897e+06
threshold=32.500000000000007 1.0000000180025095e-35 4.5000000000000009 4.5000000000000009 10.500000000000002 11.500000000000002 1.5000000000000002 9.5000000000000018 16.500000000000004 15.500000000000002 1.5000000000000002 8.5000000000000018 15.500000000000002 8.5000000000000018 1.5000000000000002 6.5000000000000009 5.5000000000000009 1.0000000180025095e-35 16.500000000000004 14.500000000000002 11.500000000000002 12.500000000000002 5.5000000000000009 6.5000000000000009 2.5000000000000004 13.500000000000002 19.500000000000004 16.500000000000004 3.5000000000000004 17.500000000000004
decision_type=2 2 2 2 2 2 2 2 2 2 2 2 2 2 2 2 2 2 2 2 2 2 2 2 2 2 2 2 2 2
left_child=1 4 3 -3 5 8 -4 -8 9 10 -1 12 -6 -14 21 16 20 -18 19 22 -16 -12 -17 -24 25 27 -27 -20 -29 -30
right_child=-2 2 6 -5 11 -7 7 -9 -10 -11 14 -13 13 -15 15 18 17 -19 24 -21 -22 -23 23 -25 -26 26 -28 28 29 -31
leaf_value=-8.0182029880228498 15.011198231448299 -1.364074013012798 4.6431615503325974 -15.675539495394782 5.9679802732808254 8.6045226838853619 0.43639214464073417 11.371951356141464 -8.4858780209611098 9.7899637476603196 0.17954907781157481 -14.117273024717967 -19.685739522933961 -0.18909883499145508 -2.2606473948798746 6.3948079624954541 -1.8661617442965508 16.487790622711184 3.2400997245753254 6.5846462522290254 -9.2934988165723862 10.922591781616212 -10.015536327021463 0.097958222313931115 -10.037948608398438 -4.8290301796793944 11.403264164924622 -16.576098045936 2.0539065069772984 -8.4410354332048083
leaf_weight=42 23 238 177 26 28 36 3908 23 41 30 1908 24 25 49 958 49 32 20 54 114 58 21 28 190 32 20 32 26 66 49
leaf_count=42 23 238 177 26 28 36 3908 23 41 30 1908 24 25 49 958 49 32 20 54 114 58 21 28 190 32 20 32 26 66 49
internal_value=-4.41863e-09 -0.0415773 0.470403 -2.77354 -0.610849 -0.454214 0.678874 0.500375 -0.540717 -0.45336 -0.536437 -5.34223 -3.27751 -6.7758 -0.45051 -1.28441 -2.27967 5.19305 0.326084 2.10544 -2.66213 0.296503 0.192969 -1.20102 -2.10379 -1.07588 5.16007 -2.7388 -5.02859 -2.41785
internal_weight=8327 8304 4372 264 3932 3806 4108 3931 3770 3729 3699 126 102 74 3657 1728 1068 52 660 381 1016 1929 267 218 279 247 52 195 141 115
internal_count=8327 8304 4372 264 3932 3806 4108 3931 3770 3729 3699 126 102 74 3657 1728 1068 52 660 381 1016 1929 267 218 279 247 52 195 141 115
is_linear=0
shrinkage=0.05


Tree=132
num_leaves=31
num_cat=0
split_feature=8 4 15 16 7 12 3 13 14 14 7 5 1 11 17 5 4 3 14 8 14 7 14 15 0 8 11 4 8 11
split_gain=1.96059e+06 1.00009e+06 2.83123e+06 2.13464e+06 2.6509e+06 1.4601e+06 1.65631e+06 1.3131e+06 1.37785e+06 1.34745e+06 1.46773e+06 1.49491e+06 1.3036e+06 1.86334e+06 1.12074e+06 1.09682e+06 1.16975e+06 1.71494e+06 2.33428e+06 2.9072e+06 1.08605e+06 1.06273e+06 2.01913e+06 1.98288e+06 1.25225e+06 1.19902e+06 1.69929e+06 1.04388e+06 1.2062e+06 1.63708e+06
threshold=20.500000000000004 1.5000000000000002 14.500000000000002 1.0000000180025095e-35 15.500000000000002 3.5000000000000004 9.5000000000000018 22.500000000000004 4.5000000000000009 20.500000000000004 3.5000000000000004 3.5000000000000004 29.500000000000004 21.500000000000004 1.5000000000000002 4.5000000000000009 10.500000000000002 1.0000000180025095e-35 10.500000000000002 9.5000000000000018 13.500000000000002 9.5000000000000018 20.500000000000004 7.5000000000000009 15.500000000000002 13.500000000000002 21.500000000000004 3.5000000000000004 4.5000000000000009 15.500000000000002
decision_type=2 2 2 2 2 2 2 2 2 2 2 2 2 2 2 2 2 2 2 2 2 2 2 2 2 2 2 2 2 2
left_child=1 5 3 4 14 7 12 9 -9 10 11 -1 13 -7 15 16 21 18 -18 -20 -16 22 -3 -24 -25 26 27 -23 -29 -30
right_child=-2 2 -4 -5 -6 6 -8 8 -10 -11 -12 -13 -14 -15 20 -17 17 -19 19 -21 -22 25 23 24 -26 -27 -28 28 29 -31
leaf_value=-0.50531926733230959 14.578031685041346 0.85092401722652622 19.318739409673782 14.521603144918169 -13.882500320865262 -4.2405334829011663 11.472357613699778 -9.9673455698736788 0.99836334853717357 11.410277756400731 -3.4726691331258501 7.5301586794651163 -11.914954442591281 1.1134295887779444 1.5795501391092936 8.253037670384284 9.8762228751182572 -10.363750333301091 -13.572596960289534 6.3308888286352163 17.355701300203801 -12.433192988804409 19.910376485188806 -0.31216888618469241 14.237420853688604 -14.152658042907715 8.3997497346666119 7.0640190420479616 -14.675045444347241 1.1806376083594996
leaf_weight=3050 23 983 21 28 31 445 21 29 2349 23 429 59 37 256 24 46 40 59 43 32 20 28 27 50 21 20 36 29 27 41
leaf_count=3050 23 983 21 28 31 445 21 29 2349 23 429 59 37 256 24 46 40 59 43 32 20 28 27 50 21 20 36 29 27 41
internal_value=-5.10618e-09 -0.0403775 1.08021 0.838565 0.592499 -0.309064 -2.37409 -0.0451558 0.864635 -0.652705 -0.731125 -0.352829 -2.76809 -2.28531 0.886552 0.653073 0.409621 -3.4336 0.121876 -5.08044 8.75053 0.939509 1.53322 8.37712 3.99123 -2.60638 -1.17206 -3.92874 -1.47385 -5.115
internal_weight=8327 8304 1606 1585 1557 6698 759 5939 2378 3561 3538 3109 738 701 1526 1482 1436 174 115 75 44 1262 1081 98 71 181 161 125 97 68
internal_count=8327 8304 1606 1585 1557 6698 759 5939 2378 3561 3538 3109 738 701 1526 1482 1436 174 115 75 44 1262 1081 98 71 181 161 125 97 68
is_linear=0
shrinkage=0.05


Tree=133
num_leaves=31
num_cat=0
split_feature=7 3 5 12 13 14 9 2 8 13 21 5 5 4 10 16 17 21 5 8 12 11 9 9 7 15 11 0 14 13
split_gain=1.98945e+06 2.68046e+06 6.40349e+06 933312 1.28275e+06 938279 895086 1.18312e+06 1.07898e+06 992348 758532 741545 711862 1.25206e+06 1.59176e+06 1.23819e+06 1.06309e+06 1.16082e+06 1.01705e+06 1.31789e+06 1.18943e+06 1.24185e+06 1.08733e+06 1.21764e+06 1.07897e+06 959762 1.83517e+06 1.57038e+06 1.70361e+06 1.33274e+06
threshold=14.500000000000002 1.0000000180025095e-35 1.5000000000000002 1.0000000180025095e-35 5.5000000000000009 1.5000000000000002 4.5000000000000009 1.5000000000000002 5.5000000000000009 16.500000000000004 1.0000000180025095e-35 1.0000000180025095e-35 1.0000000180025095e-35 1.5000000000000002 14.500000000000002 1.0000000180025095e-35 1.5000000000000002 3.5000000000000004 3.5000000000000004 5.5000000000000009 1.5000000000000002 13.500000000000002 11.500000000000002 13.500000000000002 5.5000000000000009 11.500000000000002 18.500000000000004 9.5000000000000018 15.500000000000002 38.500000000000007
decision_type=2 2 2 2 2 2 2 2 2 2 2 2 2 2 2 2 2 2 2 2 2 2 2 2 2 2 2 2 2 2
left_child=3 2 -2 4 -1 -5 7 8 9 -6 -8 -12 16 15 -15 18 17 -7 25 20 -20 -22 24 -24 -21 26 -14 -28 -29 -30
right_child=1 -3 -4 5 6 12 10 -9 -10 -11 11 -13 13 14 -16 -17 -18 -19 19 22 21 -23 23 -25 -26 -27 27 28 29 -31
leaf_value=-11.363392782211305 36.703195652961732 -5.0075636158818781 -2.3877820925279098 -7.5703104062513873 0.13743318276867231 -0.61384845254702602 5.4703861327732319 -9.3403345431342277 5.3164199108662817 -8.2697080220931607 0.87653812006050846 6.2095172508766785 -1.9628103147668909 2.1983314534200762 15.964746371182528 -10.890543061715587 9.4043892118665919 6.5580887543527711 14.345477963748733 0.91568664709726966 10.606926099113798 -5.8237444820611373 13.981829951206842 -0.72771271947113902 -10.141073381900789 -10.310977458953857 15.777884010032373 -10.361898307573227 -1.026237232344491 14.856755249023436
leaf_weight=20 20 23 22 44 351 5545 170 33 92 39 458 76 477 461 22 27 27 57 38 57 23 23 24 34 36 27 27 21 28 25
leaf_count=20 20 23 22 44 351 5545 170 33 92 39 458 76 477 461 22 27 27 57 38 57 23 23 24 34 36 27 27 21 28 25
internal_value=-2.48387e-09 8.71321 16.227 -0.0685498 1.19667 -0.291761 1.40274 -0.181359 0.445708 -0.703281 2.56157 1.63554 -0.245872 0.785274 2.82537 -0.351252 -0.493171 -0.540874 -0.0124895 2.77906 7.7993 2.39159 -0.013661 5.35899 -3.36435 -1.09681 -0.66639 5.45631 1.69033 6.46574
internal_weight=8327 65 42 8262 1239 7023 1219 515 482 390 704 534 6979 1350 483 867 5629 5602 840 235 84 46 151 58 93 605 578 101 74 53
internal_count=8327 65 42 8262 1239 7023 1219 515 482 390 704 534 6979 1350 483 867 5629 5602 840 235 84 46 151 58 93 605 578 101 74 53
is_linear=0
shrinkage=0.05


Tree=134
num_leaves=31
num_cat=0
split_feature=14 7 12 2 7 3 4 4 14 11 1 15 5 11 15 10 4 11 11 13 12 13 10 14 5 15 14 5 0 8
split_gain=1.90231e+06 1.47672e+06 1.05043e+06 1.64563e+06 1.38956e+06 1.03208e+06 1.51952e+06 1.05733e+06 909191 1.31695e+06 1.57316e+06 1.47507e+06 1.12349e+06 976751 1.93267e+06 1.27318e+06 1.76365e+06 974518 1.18565e+06 866589 852900 829496 808421 782375 780212 1.77454e+06 1.44125e+06 1.55973e+06 1.77927e+06 1.21533e+06
threshold=33.500000000000007 18.500000000000004 2.5000000000000004 2.5000000000000004 12.500000000000002 1.0000000180025095e-35 10.500000000000002 13.500000000000002 19.500000000000004 19.500000000000004 15.500000000000002 7.5000000000000009 1.5000000000000002 11.500000000000002 5.5000000000000009 7.5000000000000009 1.5000000000000002 16.500000000000004 22.500000000000004 37.500000000000007 1.5000000000000002 5.5000000000000009 13.500000000000002 12.500000000000002 1.0000000180025095e-35 10.500000000000002 15.500000000000002 3.5000000000000004 10.500000000000002 9.5000000000000018
decision_type=2 2 2 2 2 2 2 2 2 2 2 2 2 2 2 2 2 2 2 2 2 2 2 2 2 2 2 2 2 2
left_child=1 2 3 4 5 7 8 21 9 12 -11 19 13 23 15 16 -15 -10 20 -12 -19 -1 -20 -7 -4 26 -26 28 -28 -29
right_child=-2 -3 24 -5 -6 6 -8 -9 17 10 11 -13 -14 14 -16 -17 -18 18 22 -21 -22 -23 -24 -25 25 -27 27 29 -30 -31
leaf_value=-9.159161203878897 15.401878242492678 12.899854729392311 -1.4129452120049981 4.4122887643110094 11.65561848787161 0.25572140807541976 -10.824927952656381 9.1568498299039653 14.614218886002252 -8.37199916730229 1.3630422633627188 -5.1145068894985108 6.6198148136734964 2.1025790428186393 -1.0248871468212628 10.926693966653612 16.918183426423507 5.9062944412231451 12.677855099502363 15.593926391601563 -6.657218388148717 -0.36535833521706429 0.63411427844654433 -6.0612858763447512 -0.10035126293715127 -6.0184328313692506 -2.1366319576899211 6.547854566574097 13.530248616192793 -7.2323922101408247
leaf_weight=27 20 22 1916 233 26 531 26 29 23 78 23 43 100 231 218 72 22 22 38 20 35 3944 22 54 307 83 24 32 74 32
leaf_count=27 20 22 1916 233 26 531 26 29 23 78 23 43 100 231 218 72 22 22 38 20 35 3944 22 54 307 83 24 32 74 32
internal_value=-2.51581e-09 -0.0370817 -0.0714344 0.295281 0.123494 0.0695471 1.16127 -0.35568 1.3647 0.978406 -3.22995 1.43378 1.54043 1.09013 2.6173 5.06036 3.39089 5.20551 3.35594 7.98206 -1.80814 -0.42515 8.26182 -0.327387 -0.935773 0.7205 1.9131 5.72873 9.69346 -0.342269
internal_weight=8327 8307 8285 5817 5584 5558 1558 4000 1532 1392 164 86 1228 1128 543 325 253 140 117 43 57 3971 60 585 2468 552 469 162 98 64
internal_count=8327 8307 8285 5817 5584 5558 1558 4000 1532 1392 164 86 1228 1128 543 325 253 140 117 43 57 3971 60 585 2468 552 469 162 98 64
is_linear=0
shrinkage=0.05


Tree=135
num_leaves=31
num_cat=0
split_feature=0 12 0 4 0 4 7 13 13 4 7 1 5 8 2 0 12 17 5 7 4 14 15 1 9 10 4 15 13 7
split_gain=1.83306e+06 889229 2.14604e+06 3.71768e+06 1.58317e+06 1.80919e+06 1.24498e+06 1.21864e+06 1.96749e+06 1.96441e+06 1.85258e+06 1.18066e+06 1.10717e+06 1.08456e+06 1.32866e+06 849303 828581 1.55754e+06 1.94926e+06 1.68669e+06 1.56037e+06 1.54796e+06 1.23334e+06 1.52174e+06 1.3969e+06 1.63227e+06 1.45124e+06 1.16715e+06 1.38689e+06 1.22999e+06
threshold=22.500000000000004 4.5000000000000009 15.500000000000002 10.500000000000002 17.500000000000004 3.5000000000000004 7.5000000000000009 48.500000000000007 40.500000000000007 1.0000000180025095e-35 7.5000000000000009 27.500000000000004 9.5000000000000018 6.5000000000000009 1.5000000000000002 16.500000000000004 1.5000000000000002 1.5000000000000002 5.5000000000000009 5.5000000000000009 10.500000000000002 11.500000000000002 12.500000000000002 25.500000000000004 17.500000000000004 10.500000000000002 7.5000000000000009 5.5000000000000009 19.500000000000004 9.5000000000000018
decision_type=2 2 2 2 2 2 2 2 2 2 2 2 2 2 2 2 2 2 2 2 2 2 2 2 2 2 2 2 2 2
left_child=1 2 12 7 5 11 -6 8 10 -10 15 -3 16 -7 -15 -4 -1 18 20 -19 22 -22 24 -24 26 -26 27 28 -18 -30
right_child=-2 4 3 -5 6 13 -8 -9 9 -11 -12 -13 -14 14 -16 -17 17 19 -20 -21 21 -23 23 -25 25 -27 -28 -29 29 -31
leaf_value=0.45623039133408194 14.753696205502465 -3.4840001092707258 5.9503072818120328 25.523260114192965 -1.0363971001572079 14.705393923883854 -15.003611001295921 9.3204338303318739 0.78598090247674435 -18.502530219338158 15.219081885019939 7.0505383072228272 11.153916116194292 -4.4124356422159412 9.709133012833135 -5.9471900558471686 -1.5125109505330523 13.224691704341346 9.7237156721678648 -1.1216170972585677 1.7433291208359503 -12.016517686843873 -10.781479995865977 3.8313510742187504 0.74526193936665852 18.285802450634186 8.2380413365364085 -1.9116955599933598 1.4370977969319971 -6.9065981222235635
leaf_weight=3695 21 321 30 20 27 23 39 54 33 22 30 29 22 36 31 30 900 42 44 40 31 60 62 25 36 21 45 1402 1110 46
leaf_count=3695 21 321 30 20 27 23 39 54 33 22 30 29 22 36 31 30 900 42 44 40 31 60 62 25 36 21 45 1402 1110 46
internal_value=8.59684e-09 -0.0373017 0.094466 4.97405 -2.0685 -0.985316 -9.28975 2.9088 0.521018 -6.92942 5.07407 -2.61114 -0.0464954 5.33733 2.12142 0.00155861 -0.0790935 -0.591004 -0.738818 6.22649 -0.861973 -7.3291 -0.700605 -6.58239 -0.556865 7.20757 -0.683206 -0.799301 -0.0407514 1.10508
internal_weight=8327 8306 7800 219 506 440 66 199 145 55 90 350 7581 90 67 60 7559 3864 3782 82 3738 91 3647 87 3560 57 3503 3458 2056 1156
internal_count=8327 8306 7800 219 506 440 66 199 145 55 90 350 7581 90 67 60 7559 3864 3782 82 3738 91 3647 87 3560 57 3503 3458 2056 1156
is_linear=0
shrinkage=0.05


Tree=136
num_leaves=31
num_cat=0
split_feature=1 13 7 12 17 0 11 7 5 14 15 21 13 20 9 8 4 0 9 12 12 11 0 13 11 4 21 7 3 2
split_gain=1.77455e+06 850547 1.56641e+06 1.06296e+06 1.01737e+06 990671 845981 830515 1.20404e+06 838193 1.12055e+06 941366 2.06553e+06 1.98389e+06 1.30054e+06 2.30668e+06 1.95583e+06 1.53392e+06 1.23286e+06 1.10454e+06 1.03044e+06 1.47352e+06 1.07604e+06 930716 1.50652e+06 1.44542e+06 3.293e+06 2.5239e+06 1.23334e+06 1.2704e+06
threshold=32.500000000000007 8.5000000000000018 2.5000000000000004 1.0000000180025095e-35 1.0000000180025095e-35 6.5000000000000009 3.5000000000000004 1.5000000000000002 1.0000000180025095e-35 3.5000000000000004 1.5000000000000002 1.5000000000000002 59.500000000000007 1.0000000180025095e-35 16.500000000000004 9.5000000000000018 1.0000000180025095e-35 15.500000000000002 18.500000000000004 2.5000000000000004 6.5000000000000009 30.500000000000004 14.500000000000002 37.500000000000007 18.500000000000004 3.5000000000000004 1.0000000180025095e-35 7.5000000000000009 1.0000000180025095e-35 1.5000000000000002
decision_type=2 2 2 2 2 2 2 2 2 2 2 2 2 2 2 2 2 2 2 2 2 2 2 2 2 2 2 2 2 2
left_child=1 2 6 4 5 -3 -1 8 -5 -9 -11 13 14 20 -13 16 18 19 -16 -17 21 23 -23 25 -25 27 -27 28 29 -12
right_child=-2 3 -4 7 -6 -7 -8 9 -10 10 11 12 -14 -15 15 17 -18 -19 -20 -21 -22 22 -24 24 -26 26 -28 -29 -30 -31
leaf_value=-6.8836141680771448 13.869153631251791 2.3585934483980036 -13.453949049980409 -2.2168477693588491 0.54552613625838364 9.048958377043407 0.41642140640488157 -3.9682897296986841 4.9747641699654714 3.3617556252027221 -0.72946032884415624 -0.48719336177845884 -15.665632685748015 -11.341141503857029 9.2140347880701867 11.637035021288643 -13.672540900442335 16.578920223210989 -6.7086285400390624 -1.0501572994958788 -9.5193683874039419 0.27568887710571288 14.740466597345142 -12.401617592778699 -0.044500193668134291 3.2732523063356562 23.809857082366946 -10.438555793497299 4.8640695496565769 5.1658252965367364
leaf_weight=53 23 239 31 764 814 72 158 129 63 253 445 4235 22 31 31 29 27 38 20 42 21 20 36 29 165 129 23 45 225 115
leaf_count=53 23 239 31 764 814 72 158 129 63 253 445 4235 22 31 31 29 27 38 20 42 21 20 36 29 165 129 23 45 225 115
internal_value=-6.32001e-09 -0.0384141 -2.95913 0.0492581 1.47492 3.90749 -1.41724 -0.181947 -1.669 0.0193279 0.105334 -0.0384989 -0.383042 1.15398 -0.307009 3.77364 -2.79098 8.47125 2.96985 4.13194 1.46312 1.65032 9.57447 1.27298 -1.8917 1.89818 6.38076 1.07728 1.73742 0.481179
internal_weight=8327 8304 242 8062 1125 311 211 6937 827 6110 5981 5728 4444 1284 4422 187 78 109 51 71 1253 1232 56 1176 194 982 152 830 785 560
internal_count=8327 8304 242 8062 1125 311 211 6937 827 6110 5981 5728 4444 1284 4422 187 78 109 51 71 1253 1232 56 1176 194 982 152 830 785 560
is_linear=0
shrinkage=0.05


Tree=137
num_leaves=31
num_cat=0
split_feature=13 12 5 21 10 17 13 12 4 8 11 13 14 15 7 4 15 13 20 21 7 4 4 17 7 15 2 8 0 7
split_gain=1.67157e+06 855520 1.21358e+06 848768 1.62427e+06 1.08198e+06 889428 979581 848491 1.18242e+06 1.15177e+06 880698 799349 802055 843510 1.02031e+06 997815 960440 861174 1.03531e+06 1.21857e+06 1.14495e+06 933686 3.55575e+06 2.40953e+06 2.34912e+06 1.80258e+06 1.49702e+06 1.48256e+06 1.23779e+06
threshold=61.500000000000007 7.5000000000000009 10.500000000000002 2.5000000000000004 11.500000000000002 1.5000000000000002 6.5000000000000009 1.0000000180025095e-35 1.0000000180025095e-35 7.5000000000000009 19.500000000000004 22.500000000000004 1.5000000000000002 1.5000000000000002 1.5000000000000002 1.0000000180025095e-35 4.5000000000000009 9.5000000000000018 1.0000000180025095e-35 1.5000000000000002 13.500000000000002 16.500000000000004 3.5000000000000004 1.0000000180025095e-35 6.5000000000000009 6.5000000000000009 1.5000000000000002 11.500000000000002 7.5000000000000009 4.5000000000000009
decision_type=2 2 2 2 2 2 2 2 2 2 2 2 2 2 2 2 2 2 2 2 2 2 2 2 2 2 2 2 2 2
left_child=1 2 3 6 5 -5 -1 8 10 -10 11 -8 -9 -14 15 16 -15 -16 19 20 22 -21 24 -24 27 28 -26 -19 -25 -29
right_child=-2 -3 -4 4 -6 -7 7 12 9 -11 -12 -13 13 14 17 -17 -18 18 -20 21 -22 -23 23 25 26 -27 -28 29 -30 -31
leaf_value=-5.8941004449670968 12.196124008723668 -9.6709747749826178 11.990094954626901 5.852796779962687 15.613659302393595 -3.4992930258734756 0.36161469599649654 -7.0135611837560479 2.4046487266175891 12.267816754933952 -7.2609654231504965 4.5992350880853063 1.6565757082500778 -1.6860238479326737 -7.0408472028433113 3.2152469837212863 -6.6039881891674472 1.1631039632474958 -7.6495661722986332 -0.52652165579773946 -8.9544836208738143 9.9976891059141906 -1.1632055432118218 13.154748385429384 -9.0242247307787142 21.542553851478981 2.973704767227173 2.7306772476434711 -4.6421289996667339 15.812516114206026
leaf_weight=66 28 23 21 65 24 59 794 44 170 37 44 145 509 437 51 79 135 796 38 4289 29 26 116 25 98 38 46 40 22 33
leaf_count=66 28 23 21 65 24 59 794 44 170 37 44 145 509 437 51 79 135 796 38 4289 29 26 116 25 98 38 46 40 22 33
internal_value=1.0451e-08 -0.0411485 -0.0143861 -0.0449244 3.70744 1.40301 -0.113427 -0.0659796 1.25817 4.16763 0.645502 1.01599 -0.295982 -0.25256 -0.406855 -2.1111 -2.84673 -0.210385 -0.148134 -0.0968473 1.17461 -0.463108 1.41657 4.52949 0.798902 12.2983 -5.19155 1.79157 4.8243 8.64439
internal_weight=8327 8299 8276 8255 148 124 8107 8041 1190 207 983 939 6851 6807 6298 651 572 5647 5596 5558 1243 4315 1214 201 1013 85 144 869 47 73
internal_count=8327 8299 8276 8255 148 124 8107 8041 1190 207 983 939 6851 6807 6298 651 572 5647 5596 5558 1243 4315 1214 201 1013 85 144 869 47 73
is_linear=0
shrinkage=0.05


Tree=138
num_leaves=31
num_cat=0
split_feature=8 12 2 5 3 4 4 14 11 1 15 2 13 5 0 11 15 10 4 9 8 8 9 11 11 10 12 4 3 15
split_gain=1.63722e+06 818533 1.78039e+06 1.20195e+06 979791 1.24693e+06 1.07256e+06 881962 1.0819e+06 1.29986e+06 1.16121e+06 1.83619e+06 1.71091e+06 986154 955805 898177 1.57764e+06 1.14401e+06 1.24586e+06 862521 1.47054e+06 1.02256e+06 852604 819687 893691 943397 877911 805932 824628 806151
threshold=20.500000000000004 2.5000000000000004 2.5000000000000004 2.5000000000000004 1.0000000180025095e-35 13.500000000000002 10.500000000000002 19.500000000000004 19.500000000000004 20.500000000000004 7.5000000000000009 1.0000000180025095e-35 30.500000000000004 1.5000000000000002 10.500000000000002 11.500000000000002 5.5000000000000009 6.5000000000000009 1.5000000000000002 10.500000000000002 9.5000000000000018 9.5000000000000018 4.5000000000000009 16.500000000000004 22.500000000000004 13.500000000000002 1.5000000000000002 15.500000000000002 11.000000000000002 2.5000000000000004
decision_type=2 2 2 2 2 2 2 2 2 2 2 2 2 2 2 2 2 2 2 2 2 2 2 2 2 2 2 2 2 2
left_child=1 2 4 19 5 -1 7 8 13 10 11 -10 -13 15 -12 -6 17 18 -17 20 -4 -21 -19 -9 26 -26 -25 28 29 -3
right_child=-2 27 3 -5 6 -7 -8 23 9 -11 14 12 -14 -15 -16 16 -18 22 -20 21 -22 -23 -24 24 25 -27 -28 -29 -30 -31
leaf_value=-0.38238732512173157 13.321691778431768 1.7590189644340744 3.9257067515736539 14.709547783778266 -0.30999211209219069 9.5270801126956943 -8.707868569868582 13.739745961064878 -11.879834292485164 9.1102257299423215 -4.8026695079273658 -4.9980014732905795 11.926096826791763 6.1807231269630734 -17.851318699380627 1.2312035143216873 -0.78735113571041748 -0.72631823539733897 14.357482180595397 2.2069648895263674 -8.6699889873154472 12.9325572681427 10.611664226128884 6.4542292719301972 12.319818977209238 -0.44800317598425821 -6.1939896106719976 7.4899694919586182 5.9688636447108072 -1.3175860299123474
leaf_weight=3991 23 236 84 26 586 32 27 23 26 20 36 28 32 102 23 188 217 20 20 50 32 40 97 23 39 23 34 29 43 2177
leaf_count=3991 23 236 84 26 586 32 27 23 26 20 36 28 32 102 23 188 217 20 20 50 32 40 97 23 39 23 34 29 43 2177
internal_value=-1.21302e-08 -0.0368978 0.287504 4.57939 0.109284 -0.303565 1.17123 1.34478 0.962643 -2.83913 -4.48732 -0.781217 4.02818 1.47264 -9.88943 1.04691 2.51396 4.71822 2.49335 3.30083 0.451032 6.97389 8.67355 5.09884 3.42874 7.58337 -1.09032 -0.796534 -0.894379 -1.01668
internal_weight=8327 8304 5819 232 5587 4023 1564 1537 1395 165 145 86 60 1230 59 1128 542 325 208 206 116 90 117 142 119 62 57 2485 2456 2413
internal_count=8327 8304 5819 232 5587 4023 1564 1537 1395 165 145 86 60 1230 59 1128 542 325 208 206 116 90 117 142 119 62 57 2485 2456 2413
is_linear=0
shrinkage=0.05


Tree=139
num_leaves=31
num_cat=0
split_feature=7 15 2 14 13 7 7 4 4 7 11 15 4 12 9 11 11 14 8 7 11 13 13 13 8 4 12 10 14 21
split_gain=1.59958e+06 2.48033e+06 764225 933968 1.93347e+06 1.36126e+06 1.53926e+06 1.0839e+06 915279 1.89133e+06 1.97701e+06 1.62243e+06 1.41712e+06 1.37168e+06 1.46967e+06 1.13519e+06 1.08023e+06 1.27732e+06 946110 1.16919e+06 1.22285e+06 946311 1.01835e+06 897646 821945 820346 942191 1.24884e+06 1.80087e+06 901894
threshold=14.500000000000002 8.5000000000000018 1.0000000180025095e-35 6.5000000000000009 27.500000000000004 3.5000000000000004 5.5000000000000009 14.500000000000002 1.0000000180025095e-35 5.5000000000000009 20.500000000000004 8.5000000000000018 9.5000000000000018 3.5000000000000004 8.5000000000000018 22.500000000000004 33.500000000000007 26.500000000000004 4.5000000000000009 3.5000000000000004 10.500000000000002 18.500000000000004 21.500000000000004 51.500000000000007 14.500000000000002 11.500000000000002 4.5000000000000009 11.500000000000002 13.500000000000002 2.5000000000000004
decision_type=2 2 2 2 2 2 2 2 2 2 2 2 2 2 2 2 2 2 2 2 2 2 2 2 2 2 2 2 2 2
left_child=2 -2 23 4 5 -4 -7 8 16 10 11 12 13 18 -15 -12 -5 -18 19 20 -10 -20 -23 24 25 26 29 28 -28 -1
right_child=1 -3 3 7 -6 6 -8 -9 9 -11 15 -13 -14 14 -16 -17 17 -19 21 -21 -22 22 -24 -25 -26 -27 27 -29 -30 -31
leaf_value=-0.60967732358481719 -0.16190302922175481 19.775223027742825 0.23599388492999746 0.45435202985347528 -13.978472094700255 -11.817775604459975 1.0321034501238566 -8.6103506318984486 -2.2649312496185305 -0.070720890722426766 18.288612951654379 -8.0457103192806247 -8.3031373397163719 -12.844478979977694 5.8829616737365731 6.7767092145857264 -0.51943757094834975 -15.253356432914735 13.736229818701744 -4.8064941281080245 11.807443483252275 -3.0010488863344547 7.8073417929421485 -8.7803513440218843 6.00337183251977 7.1515907231499174 -8.4058136818701765 -16.093453643435524 5.334444544954998 5.5211133007143367
leaf_weight=3615 39 26 521 2627 29 54 41 31 26 502 33 32 23 22 20 61 38 24 50 40 38 27 113 33 48 34 57 21 41 61
leaf_count=3615 39 26 521 2627 29 54 41 31 26 502 33 32 23 22 20 61 38 24 50 40 38 27 113 33 48 34 57 21 41 61
internal_value=-1.01135e-08 7.81295 -0.0614672 0.394341 -1.36165 -0.76768 -6.27204 0.699875 0.778389 2.08064 4.30742 2.74218 3.70378 4.52568 -3.92665 10.8181 0.300396 -6.22289 5.73316 1.89937 6.09054 7.83165 5.72287 -0.568801 -0.498907 -0.580419 -0.649691 -5.02842 -2.65734 -0.507942
internal_weight=8327 65 8262 4352 645 616 95 3707 3676 987 485 391 359 336 42 94 2689 62 294 104 64 190 140 3910 3877 3829 3795 119 98 3676
internal_count=8327 65 8262 4352 645 616 95 3707 3676 987 485 391 359 336 42 94 2689 62 294 104 64 190 140 3910 3877 3829 3795 119 98 3676
is_linear=0
shrinkage=0.05


Tree=140
num_leaves=31
num_cat=0
split_feature=11 7 0 13 12 3 1 21 13 10 5 11 1 20 21 13 3 2 0 11 12 15 8 7 10 9 13 8 2 7
split_gain=1.61712e+06 1.18615e+06 1.25305e+06 835230 794171 1.47178e+06 2.5052e+06 767116 1.21965e+06 987163 926924 1.04319e+06 1.14677e+06 1.01071e+06 806515 906986 949515 1.06951e+06 894461 1.07289e+06 956569 761125 1.53729e+06 1.96134e+06 1.01331e+06 1.38467e+06 1.01151e+06 994737 918860 831089
threshold=38.500000000000007 18.500000000000004 20.500000000000004 53.500000000000007 6.5000000000000009 1.0000000180025095e-35 24.500000000000004 1.5000000000000002 51.500000000000007 1.5000000000000002 4.5000000000000009 18.500000000000004 10.500000000000002 1.0000000180025095e-35 2.5000000000000004 57.500000000000007 7.0000000000000009 2.5000000000000004 5.5000000000000009 23.500000000000004 3.5000000000000004 3.5000000000000004 10.500000000000002 3.5000000000000004 14.500000000000002 8.5000000000000018 12.500000000000002 8.5000000000000018 1.5000000000000002 1.5000000000000002
decision_type=2 2 2 2 2 2 2 2 2 2 2 2 2 2 2 2 2 2 2 2 2 2 2 2 2 2 2 2 2 2
left_child=1 2 4 -4 7 6 -6 8 10 -9 13 12 -12 -1 15 16 21 -18 -16 20 -20 22 26 -24 -23 -26 -11 -27 -29 -28
right_child=-2 -3 3 -5 5 -7 -8 9 -10 14 11 -13 -14 -15 18 -17 17 -19 19 -21 -22 24 23 -25 25 27 29 28 -30 -31
leaf_value=0.56653786847581078 11.786483492522406 11.553320902044124 -1.675141100883484 -16.125314598083499 1.152911686897278 2.6742000463108226 -23.573364078430902 -3.2423067424639509 10.045252663748606 -2.0015775373713538 9.5594579081381532 15.422644574301584 -3.7372894034666175 -8.8293231503716836 13.076262826011295 -9.9434140781561542 1.5376165185556856 12.454549741744996 2.2718561753630637 9.6407893755219209 -9.2125081291198736 -0.98121512817125867 -2.5322619483584452 17.531988696394297 -6.6920793652534485 -0.17650924645937408 -3.4433975234919907 5.5823542919158946 19.769466272989909 1.2598181619186883
leaf_weight=2193 29 22 20 20 20 33 21 270 35 396 31 21 34 29 21 24 344 24 66 33 25 3183 21 29 22 26 102 25 21 1187
leaf_count=2193 29 22 20 20 20 33 21 270 35 396 31 21 34 29 21 24 344 24 66 33 25 3183 21 29 22 26 102 25 21 1187
internal_value=-6.78165e-09 -0.0411916 -0.0720132 -8.90023 -0.029137 -5.18559 -11.5118 0.0176135 0.78152 -0.289971 0.641039 5.73431 2.60424 0.44391 -0.146318 -0.245058 -0.201794 2.24959 3.53364 1.91755 -0.883189 -0.381784 0.465016 9.105 -0.830121 4.2862 0.208637 7.64067 12.0591 0.887647
internal_weight=8327 8298 8276 40 8236 74 41 8162 2343 5819 2308 86 65 2222 5549 5404 5380 368 145 124 91 5012 1735 50 3277 94 1685 72 46 1289
internal_count=8327 8298 8276 40 8236 74 41 8162 2343 5819 2308 86 65 2222 5549 5404 5380 368 145 124 91 5012 1735 50 3277 94 1685 72 46 1289
is_linear=0
shrinkage=0.05


Tree=141
num_leaves=31
num_cat=0
split_feature=1 2 13 14 12 2 5 0 9 15 21 8 15 14 3 15 13 14 0 10 7 13 13 0 10 14 15 13 7 10
split_gain=1.61888e+06 718424 818085 1.08978e+06 791093 1.25999e+06 1.2307e+06 1.30127e+06 1.0205e+06 999316 885371 819311 833292 816571 745238 1.11044e+06 1.81796e+06 1.04731e+06 1.22357e+06 1.28958e+06 1.02445e+06 1.74108e+06 1.01476e+06 926234 1.18089e+06 736810 650367 1.16355e+06 1.45922e+06 2.0252e+06
threshold=32.500000000000007 4.5000000000000009 59.500000000000007 30.500000000000004 2.5000000000000004 2.5000000000000004 2.5000000000000004 12.500000000000002 13.500000000000002 4.5000000000000009 1.0000000180025095e-35 2.5000000000000004 1.0000000180025095e-35 2.5000000000000004 1.0000000180025095e-35 5.5000000000000009 31.500000000000004 15.500000000000002 9.5000000000000018 7.5000000000000009 10.500000000000002 28.500000000000004 45.500000000000007 6.5000000000000009 8.5000000000000018 11.500000000000002 2.5000000000000004 23.500000000000004 3.5000000000000004 6.5000000000000009
decision_type=2 2 2 2 2 2 2 2 2 2 2 2 2 2 2 2 2 2 2 2 2 2 2 2 2 2 2 2 2 2
left_child=1 2 3 4 5 11 7 8 9 -7 -11 13 -13 -1 20 16 -16 18 23 -20 22 -22 -14 -17 25 -25 -6 28 -28 -30
right_child=-2 -3 -4 -5 26 6 -8 -9 -10 10 -12 12 14 -15 15 17 -18 -19 19 -21 21 -23 -24 24 -26 -27 27 -29 29 -31
leaf_value=-5.6989323560310448 13.246875642693562 7.2165144780102892 -8.1737458259828628 8.5257155482833458 1.653984653067349 9.1691301906108862 14.408497440338136 -8.2764700591564182 13.075686588993779 8.4778233901314106 -2.6691081113453152 5.0098176770461231 -0.18123885108833659 -0.75140605709210639 1.9353110890963983 -3.3727387457891229 12.757517405254085 2.2301646372059731 -0.20364872504924905 -14.204043980648644 13.801152509631534 -4.8947138786315918 -10.101035976409912 3.7217151351597 8.8231670079023949 -4.9654905594312231 -1.3718108469655057 -0.49345543696721833 -10.874821031845368 1.801169742237438
leaf_weight=92 23 34 31 37 236 40 25 24 27 23 79 95 3060 892 725 153 41 237 29 38 33 20 26 46 46 52 322 1686 111 44
leaf_count=92 23 34 31 37 236 40 25 24 27 23 79 95 3060 892 725 153 41 237 29 38 33 20 26 46 46 52 322 1686 111 44
internal_value=1.55429e-10 -0.0366905 -0.0665102 -0.036006 -0.0746287 0.241099 3.97026 2.61815 4.16532 2.4711 -0.155584 0.0955382 0.3756 -1.21398 0.277897 1.25229 2.51457 -0.35654 -2.04074 -8.14417 -0.14644 6.74611 -0.264815 -0.663872 2.2143 -0.887823 -0.83835 -1.11028 -3.29052 -7.27648
internal_weight=8327 8304 8270 8239 8202 5803 218 193 169 142 102 5585 4601 984 4506 1367 766 601 364 67 3139 53 3086 297 144 98 2399 2163 477 155
internal_count=8327 8304 8270 8239 8202 5803 218 193 169 142 102 5585 4601 984 4506 1367 766 601 364 67 3139 53 3086 297 144 98 2399 2163 477 155
is_linear=0
shrinkage=0.05


Tree=142
num_leaves=31
num_cat=0
split_feature=0 12 0 4 0 4 10 13 13 7 1 7 13 8 2 5 11 13 7 4 9 4 4 0 9 7 15 10 9 13
split_gain=1.59157e+06 692545 1.79385e+06 3.15694e+06 1.44367e+06 1.56299e+06 1.17913e+06 1.3866e+06 1.1919e+06 1.05277e+06 1.04788e+06 1.01964e+06 1.3594e+06 998332 1.14024e+06 852717 818214 1.26921e+06 1.17358e+06 781939 2.12601e+06 1.51458e+06 1.49935e+06 1.24544e+06 1.01426e+06 1.38024e+06 1.36672e+06 1.18657e+06 1.20297e+06 898782
threshold=22.500000000000004 4.5000000000000009 15.500000000000002 10.500000000000002 17.500000000000004 3.5000000000000004 6.5000000000000009 48.500000000000007 41.500000000000007 7.5000000000000009 27.500000000000004 7.5000000000000009 35.500000000000007 6.5000000000000009 1.5000000000000002 9.5000000000000018 32.500000000000007 51.500000000000007 15.500000000000002 10.500000000000002 8.5000000000000018 13.500000000000002 7.5000000000000009 10.500000000000002 13.500000000000002 8.5000000000000018 10.500000000000002 7.5000000000000009 16.500000000000004 43.500000000000007
decision_type=2 2 2 2 2 2 2 2 2 2 2 2 2 2 2 2 2 2 2 2 2 2 2 2 2 2 2 2 2 2
left_child=1 2 15 6 5 10 -4 8 11 -6 -3 12 -8 -7 -15 16 17 18 19 22 21 -21 24 -22 29 26 27 -26 -29 -1
right_child=-2 4 3 -5 9 13 7 -9 -10 -11 -12 -13 -14 14 -16 -17 -18 -19 -20 20 23 -23 -24 -25 25 -27 -28 28 -30 -31
leaf_value=-0.12614588145145811 13.74754724048433 -3.1264092516490605 12.793469031333924 23.478981041908266 -1.1335562864939372 14.071715255405593 -10.559670910468469 7.9248832702636722 -8.8349884170293809 -13.977374643240219 6.7980966555661171 9.2259709062247435 5.6089325244610126 -4.0544785736335651 9.0275022352895444 9.7821206526322797 -6.7979881095886228 9.6028819252462956 -11.356506530098294 -4.5467303803092554 -15.533381295204164 9.9794631312875186 7.309167709009988 -1.9943066235246332 6.9052190587300224 12.408099362254143 -4.6874661170584817 -2.7285129762977083 6.5419658018992495 -5.9456955890157337
leaf_weight=6798 21 321 25 20 27 23 26 53 40 39 29 29 26 36 31 22 45 34 23 38 41 34 70 29 119 32 70 107 52 67
leaf_count=6798 21 321 25 20 27 23 26 53 40 39 29 29 26 36 31 22 45 34 23 38 41 34 70 29 119 32 70 107 52 67
internal_value=5.36653e-09 -0.0347578 0.0815278 4.54278 -1.8273 -0.792936 2.63965 1.18077 -1.77327 -8.72309 -2.30409 1.714 -2.47537 5.08379 1.99838 -0.047349 -0.075957 -0.0357 -0.0795117 -0.0447295 -3.71956 2.31286 0.0266069 -9.92434 -0.043756 2.47076 1.55698 3.12933 0.303342 -0.182943
internal_weight=8327 8306 7800 219 506 440 199 174 121 66 350 81 52 90 67 7581 7559 7514 7480 7457 142 72 7315 70 7245 380 348 278 159 6865
internal_count=8327 8306 7800 219 506 440 199 174 121 66 350 81 52 90 67 7581 7559 7514 7480 7457 142 72 7315 70 7245 380 348 278 159 6865
is_linear=0
shrinkage=0.05


Tree=143
num_leaves=31
num_cat=0
split_feature=13 12 5 2 15 0 15 9 15 14 13 7 7 15 14 2 9 14 12 3 7 10 10 10 11 7 15 13 0 15
split_gain=1.46476e+06 700278 958788 686664 1.05266e+06 1.04995e+06 938872 1.46562e+06 884897 1.2782e+06 1.51244e+06 1.31296e+06 1.20548e+06 973165 1.32359e+06 1.03068e+06 986232 1.53428e+06 1.28627e+06 1.09632e+06 2.24635e+06 1.64e+06 1.0781e+06 1.2563e+06 988698 936201 1.05667e+06 931970 1.45373e+06 1.2807e+06
threshold=61.500000000000007 7.5000000000000009 10.500000000000002 1.0000000180025095e-35 10.500000000000002 18.500000000000004 13.500000000000002 13.500000000000002 1.5000000000000002 6.5000000000000009 27.500000000000004 3.5000000000000004 4.5000000000000009 5.5000000000000009 16.500000000000004 1.5000000000000002 14.500000000000002 24.500000000000004 4.5000000000000009 1.0000000180025095e-35 7.5000000000000009 9.5000000000000018 11.500000000000002 7.5000000000000009 25.500000000000004 6.5000000000000009 3.5000000000000004 31.500000000000004 12.500000000000002 3.5000000000000004
decision_type=2 2 2 2 2 2 2 2 2 2 2 2 2 2 2 2 2 2 2 2 2 2 2 2 2 2 2 2 2 2
left_child=1 2 3 4 -1 8 7 -6 -5 10 11 -10 -13 14 27 25 18 22 -15 21 -21 -20 23 -18 -24 26 -16 28 -11 -29
right_child=-2 -3 -4 5 6 -7 -8 -9 9 13 -12 12 -14 16 15 -17 17 -19 19 20 -22 -23 24 -25 -26 -27 -28 29 -30 -31
leaf_value=-0.37415166204229289 11.416777052198139 -8.7509355399919606 10.655831190376055 3.1690066522760354 -3.00681436174782 7.0166772098864545 3.3357354168708513 -16.11222832798958 -0.3860762751132028 0.15853333017762747 -13.303870937742037 -14.723369518915812 -2.2556133878991957 -0.28732292434774842 19.297712738697346 0.62072501044342487 7.7637960316584671 -3.3404539428388369 -6.9191499288265526 -2.8010211179841242 -19.922798710266751 6.5473162889480596 5.1279759434291297 -1.3168154648707615 18.472952795028686 -0.11416160774230957 7.2299589522679657 12.366275932353277 12.10738302377554 1.8695201605558396
leaf_weight=3798 28 23 21 253 64 59 26 32 403 1214 29 33 47 1463 26 69 65 85 52 53 30 40 35 92 23 25 60 39 26 114
leaf_count=3798 28 23 21 253 64 59 26 32 403 1214 29 33 47 1463 26 69 65 85 52 53 30 40 35 92 23 25 60 39 26 114
internal_value=8.95904e-09 -0.0385191 -0.0143062 -0.0414501 -0.521002 0.392193 -5.09261 -7.37529 0.300789 0.120411 -2.21345 -1.54756 -7.39856 0.460752 1.38473 5.41952 -0.289204 2.34639 -0.771914 -4.82309 -8.98962 -1.06416 4.59468 2.44267 10.4199 8.40256 10.8783 0.863361 0.409074 4.54516
internal_weight=8327 8299 8276 8255 3920 4335 122 96 4276 4023 512 483 80 3511 1573 180 1938 300 1638 175 83 92 215 157 58 111 86 1393 1240 153
internal_count=8327 8299 8276 8255 3920 4335 122 96 4276 4023 512 483 80 3511 1573 180 1938 300 1638 175 83 92 215 157 58 111 86 1393 1240 153
is_linear=0
shrinkage=0.05


Tree=144
num_leaves=31
num_cat=0
split_feature=14 7 12 7 2 16 21 7 14 14 10 15 13 1 0 10 10 13 11 7 1 14 13 12 0 9 8 5 4 13
split_gain=1.43605e+06 1.0528e+06 733035 1.32091e+06 1.0218e+06 839546 929274 812424 5.87535e+06 1.07937e+06 950718 1.0851e+06 1.25723e+06 2.0352e+06 1.91964e+06 2.6384e+06 2.48584e+06 1.97621e+06 1.65469e+06 1.36396e+06 1.19773e+06 868264 862018 791880 787189 905038 1.05255e+06 766402 732181 861546
threshold=33.500000000000007 18.500000000000004 2.5000000000000004 12.500000000000002 2.5000000000000004 1.0000000180025095e-35 3.5000000000000004 12.500000000000002 20.500000000000004 14.500000000000002 7.5000000000000009 5.5000000000000009 24.500000000000004 17.500000000000004 9.5000000000000018 4.5000000000000009 6.5000000000000009 27.500000000000004 15.500000000000002 3.5000000000000004 15.500000000000002 15.500000000000002 30.500000000000004 3.5000000000000004 13.500000000000002 10.500000000000002 9.5000000000000018 1.0000000180025095e-35 4.5000000000000009 37.500000000000007
decision_type=2 2 2 2 2 2 2 2 2 2 2 2 2 2 2 2 2 2 2 2 2 2 2 2 2 2 2 2 2 2
left_child=1 2 3 4 5 6 -1 10 9 -9 11 20 19 14 16 -16 18 -17 -14 -13 21 -4 -19 -22 25 26 -6 -21 29 -15
right_child=-2 -3 7 -5 24 -7 -8 8 -10 -11 -12 12 13 28 15 17 -18 22 -20 27 23 -23 -24 -25 -26 -27 -28 -29 -30 -31
leaf_value=0.042813516118520495 13.381898488998415 10.891129407015715 -1.4754606592878003 10.538682593068771 4.3020440148510453 -9.0866517639160147 7.8887806192824712 -3.9569007825851443 -28.69947839736939 12.273267409915016 0.39316087632547803 -3.5751046514511113 8.234444074919729 -9.4356004776778057 -10.745576320994985 22.018152327764604 -19.519639560154506 -3.3735867500305177 -7.1655021641705492 -18.757467051475281 1.2670601740116028 6.3029527400669307 7.9122530225664383 11.957027172346912 -4.9012395362854004 8.4351704886380361 -6.7981666288205567 -6.7112590043441109 -14.596244287490846 -0.54472943566062237
leaf_weight=5495 20 22 642 31 90 25 38 20 20 21 1158 90 33 54 22 21 21 23 37 31 41 38 64 30 25 85 28 23 24 55
leaf_count=5495 20 22 642 31 90 25 38 20 20 21 1158 90 33 54 22 21 21 23 37 31 41 38 64 30 25 85 28 23 24 55
internal_value=1.03409e-08 -0.0322184 -0.0612242 0.24512 0.189969 0.0553918 0.0966987 -0.783267 -6.48179 4.35611 -0.638851 -1.59567 -3.40546 -1.80317 1.13788 5.03669 -4.43186 8.2516 0.0944725 -7.34444 -0.39557 -1.04078 4.92864 5.78395 3.47059 4.5016 1.6681 -13.6267 -6.69017 -4.94938
internal_weight=8327 8307 8285 5817 5786 5558 5533 2468 61 41 2407 1249 498 354 221 130 91 108 70 144 751 680 87 71 228 203 118 54 133 109
internal_count=8327 8307 8285 5817 5786 5558 5533 2468 61 41 2407 1249 498 354 221 130 91 108 70 144 751 680 87 71 228 203 118 54 133 109
is_linear=0
shrinkage=0.05


Tree=145
num_leaves=31
num_cat=0
split_feature=8 1 14 9 9 13 12 17 10 8 4 0 20 0 9 7 5 15 14 8 3 0 2 9 14 14 1 2 13 1
split_gain=1.38393e+06 769302 981805 812680 1.10021e+06 681385 844789 869154 801094 1.39527e+06 1.47198e+06 1.02148e+06 795689 743380 713764 806826 747734 677414 2.17653e+06 1.75924e+06 1.99849e+06 1.52965e+06 1.45896e+06 1.39104e+06 1.36789e+06 1.26523e+06 1.62142e+06 1.00897e+06 993822 1.37594e+06
threshold=20.500000000000004 29.500000000000004 30.500000000000004 15.500000000000002 18.500000000000004 7.5000000000000009 1.0000000180025095e-35 1.0000000180025095e-35 14.500000000000002 8.5000000000000018 3.5000000000000004 14.500000000000002 1.0000000180025095e-35 6.5000000000000009 4.5000000000000009 4.5000000000000009 1.0000000180025095e-35 10.500000000000002 26.500000000000004 9.5000000000000018 1.0000000180025095e-35 9.5000000000000018 3.5000000000000004 17.500000000000004 17.500000000000004 24.500000000000004 19.500000000000004 1.5000000000000002 50.500000000000007 19.500000000000004
decision_type=2 2 2 2 2 2 2 2 2 2 2 2 2 2 2 2 2 2 2 2 2 2 2 2 2 2 2 2 2 2
left_child=1 2 5 -3 -5 -1 7 13 12 -10 11 -11 17 -7 15 -9 -16 22 19 20 21 -19 25 28 -23 -8 -27 -28 29 -21
right_child=-2 3 -4 4 -6 6 8 14 9 10 -12 -13 -14 -15 16 -17 -18 18 -20 23 -22 24 -24 -25 -26 26 27 -29 -30 -31
leaf_value=-3.5561846031181852 12.247904970334924 3.0379727590651742 9.7116008134988636 -15.808965894809138 -0.96324361140529313 2.1927762158945496 -0.27038774061500764 -0.66121698531445927 -3.779822644233704 8.5092246254285175 17.237666773796082 -1.8607521452802294 -7.5685056820109082 7.915212884177901 0.75689352397340226 -9.5545099292482654 6.0109898212552073 -1.873658287865775 -15.9731056354664 3.2957175500052318 1.3221223700363056 -24.531779106803565 6.6567867825302898 12.867167744269739 -8.4383734803045964 17.409493277289652 5.5554121836748998 -7.3278397968837199 9.4761425514221198 -7.1181518858876736
leaf_weight=134 23 21 26 26 24 255 6163 286 50 48 24 47 37 73 441 28 80 35 27 70 69 23 79 26 31 22 55 21 25 58
leaf_count=134 23 21 26 26 24 255 6163 286 50 48 24 47 37 73 441 28 80 35 27 70 69 23 79 26 31 22 55 21 25 58
internal_value=-9.29405e-09 -0.0339236 0.0107678 -5.21625 -8.68302 -0.0199647 0.0387314 1.28547 -0.171103 3.229 6.17388 3.37882 -0.256345 3.46637 0.428784 -1.45425 1.56366 -0.215989 -2.3136 -1.21921 -5.06438 -10.0157 -0.0955586 2.17485 -15.293 -0.180758 5.45584 1.99557 0.35785 -1.42307
internal_weight=8327 8304 8233 71 50 8207 8073 1163 6910 169 119 95 6741 328 835 314 521 6704 364 337 158 89 6340 179 54 6261 98 76 153 128
internal_count=8327 8304 8233 71 50 8207 8073 1163 6910 169 119 95 6741 328 835 314 521 6704 364 337 158 89 6340 179 54 6261 98 76 153 128
is_linear=0
shrinkage=0.05


Tree=146
num_leaves=31
num_cat=0
split_feature=1 13 11 12 21 4 0 2 9 13 14 8 15 14 15 15 7 13 4 15 5 9 21 13 20 9 8 4 2 15
split_gain=1.38403e+06 616928 802410 765304 682665 688387 1.21133e+06 1.0108e+06 789876 711448 675201 668811 1.06323e+06 741399 922669 647126 754572 1.00471e+06 888686 898947 707776 702054 635393 1.86592e+06 1.51203e+06 949843 1.44213e+06 1.69499e+06 1.0334e+06 878443
threshold=32.500000000000007 6.5000000000000009 4.5000000000000009 1.0000000180025095e-35 1.0000000180025095e-35 1.0000000180025095e-35 5.5000000000000009 1.0000000180025095e-35 8.5000000000000018 18.500000000000004 1.5000000000000002 5.5000000000000009 3.5000000000000004 14.500000000000002 5.5000000000000009 1.5000000000000002 1.5000000000000002 9.5000000000000018 1.0000000180025095e-35 4.5000000000000009 1.0000000180025095e-35 1.5000000000000002 1.5000000000000002 59.500000000000007 1.0000000180025095e-35 17.500000000000004 9.5000000000000018 1.5000000000000002 1.5000000000000002 8.5000000000000018
decision_type=2 2 2 2 2 2 2 2 2 2 2 2 2 2 2 2 2 2 2 2 2 2 2 2 2 2 2 2 2 2
left_child=1 2 -1 4 11 -6 7 -7 9 -8 -5 -3 -13 14 -14 21 18 -18 19 20 -17 -12 24 25 -19 -24 29 28 -28 -27
right_child=-2 3 -4 10 5 6 8 -9 -10 -11 15 12 13 -15 -16 16 17 22 -20 -21 -22 -23 23 -25 -26 26 27 -29 -30 -31
leaf_value=-9.3079625193774707 12.248379894443181 1.6148404497211264 1.8476536070858991 -6.3683382803743536 -0.18551576891541482 4.6104350266548302 6.3260717391967773 -7.3796924576163292 1.5206070701281229 19.662563934326172 -3.8924005238515029 14.185784121482605 5.7963868805340368 10.970941890989032 -7.886814689636231 -1.941689151711762 -7.0289826149550763 1.1968315274591916 3.0661942469922803 -6.1575466424668281 7.4664170015425917 2.1853917923887831 -0.38082211098318974 -14.854860448837281 -9.9805036052580807 4.6256487933072181 -2.7609135660631905 20.426754724411737 10.966861655161932 -8.9496466334049511
leaf_weight=40 23 236 27 44 725 39 20 32 24 20 53 31 28 21 22 416 52 1262 79 135 21 459 4341 22 31 22 29 21 26 26
leaf_count=40 23 236 27 44 725 39 20 32 24 20 53 31 28 21 22 416 52 1262 79 135 21 459 4341 22 31 22 29 21 26 26
internal_value=-1.07183e-08 -0.033925 -4.81242 0.00494343 1.17318 0.424913 3.70314 -0.793566 8.69168 12.9943 -0.193884 3.07704 6.46018 3.08702 -0.224222 -0.155045 -0.290195 -0.109971 -1.90474 -2.59129 -1.48958 1.55625 -0.0477237 -0.329139 0.928852 -0.257568 4.05732 8.34255 3.72858 -2.72764
internal_weight=8327 8304 67 8237 1198 860 135 71 64 40 7039 338 102 71 50 6995 6483 5832 651 572 437 512 5780 4487 1293 4465 124 76 55 48
internal_count=8327 8304 67 8237 1198 860 135 71 64 40 7039 338 102 71 50 6995 6483 5832 651 572 437 512 5780 4487 1293 4465 124 76 55 48
is_linear=0
shrinkage=0.05


Tree=147
num_leaves=31
num_cat=0
split_feature=0 12 0 4 0 4 13 11 14 12 10 13 7 8 2 1 11 14 1 2 12 7 15 10 10 10 2 5 5 5
split_gain=1.36175e+06 585065 1.50072e+06 2.70342e+06 1.35628e+06 1.43408e+06 1.20298e+06 1.65811e+06 1.50786e+06 1.49689e+06 1.27161e+06 946568 908442 883036 979044 873799 720261 1.16178e+06 907600 1.14284e+06 726743 1.27375e+06 1.78669e+06 1.38717e+06 1.54698e+06 1.79708e+06 1.23936e+06 1.2141e+06 1.15777e+06 1.08411e+06
threshold=22.500000000000004 4.5000000000000009 15.500000000000002 10.500000000000002 17.500000000000004 3.5000000000000004 29.500000000000004 27.500000000000004 24.500000000000004 2.5000000000000004 8.5000000000000018 40.500000000000007 7.5000000000000009 6.5000000000000009 1.5000000000000002 27.500000000000004 32.500000000000007 25.500000000000004 19.500000000000004 1.5000000000000002 2.5000000000000004 8.5000000000000018 4.5000000000000009 15.500000000000002 13.500000000000002 12.500000000000002 2.5000000000000004 2.5000000000000004 1.0000000180025095e-35 4.5000000000000009
decision_type=2 2 2 2 2 2 2 2 2 2 2 2 2 2 2 2 2 2 2 2 2 2 2 2 2 2 2 2 2 2
left_child=1 2 16 6 5 15 -4 9 -9 -8 -11 -12 -6 -7 -15 -3 17 20 -19 -20 26 23 -23 24 25 29 -1 -28 -24 -22
right_child=-2 4 3 -5 12 13 7 8 -10 10 11 -13 -14 14 -16 -17 -18 18 19 -21 21 22 28 -25 -26 -27 27 -29 -30 -31
leaf_value=0.053522852375297941 12.716292426699685 -2.8755727685500529 13.712182074501403 21.6785546875 -1.3134160500709657 13.40499675584876 -10.528213452070188 13.442147051244973 -2.2111924438476565 -7.5996169291734708 13.95694397796284 -0.014804243158411097 -13.244404781781711 -3.5585071172979141 8.5635555698025616 6.1871392102077092 -6.3500470860799156 13.571838754653932 7.3417528877655673 -5.2298067684831295 -0.95263532281325181 2.7187738146100724 -4.7593293009972086 11.343240277469159 -10.236446178527107 12.275177582105002 2.6791553249776037 15.111034298484975 -16.388568014847603 7.4919472926702255
leaf_weight=5476 21 321 21 20 27 23 39 40 25 25 22 27 39 36 31 29 45 25 48 29 1492 42 49 24 42 27 183 22 38 39
leaf_count=5476 21 321 21 20 27 23 39 40 25 25 22 27 39 36 31 29 45 25 48 29 1492 42 49 24 42 27 183 22 38 39
internal_value=4.82933e-09 -0.0321505 0.0747314 4.15523 -1.67974 -0.677166 2.39409 1.05881 7.42163 -2.60122 1.57652 6.25823 -8.36355 4.95199 2.05021 -2.12466 -0.0431461 -0.00548545 5.29447 2.60701 -0.0782047 -0.968165 -5.75027 -0.588306 -0.767279 -0.512013 0.196412 4.01331 -9.83877 -0.737522
internal_weight=8327 8306 7800 219 506 440 199 178 65 113 74 49 66 90 67 350 7581 7536 102 77 7434 1753 129 1624 1600 1558 5681 205 87 1531
internal_count=8327 8306 7800 219 506 440 199 178 65 113 74 49 66 90 67 350 7581 7536 102 77 7434 1753 129 1624 1600 1558 5681 205 87 1531
is_linear=0
shrinkage=0.05


Tree=148
num_leaves=31
num_cat=0
split_feature=11 7 0 13 13 7 15 14 7 5 15 12 7 9 13 11 15 13 8 2 5 15 10 9 11 14 3 7 11 13
split_gain=1.32696e+06 946287 1.26989e+06 771157 568420 1.45809e+06 934803 900553 808308 1.00141e+06 848558 695621 1.09869e+06 929206 1.31478e+06 1.29617e+06 1.633e+06 1.00452e+06 1.74677e+06 1.25189e+06 1.04487e+06 1.11262e+06 1.02167e+06 2.74271e+06 977905 972895 897637 1.16183e+06 952655 901178
threshold=38.500000000000007 18.500000000000004 20.500000000000004 53.500000000000007 9.5000000000000018 1.5000000000000002 1.5000000000000002 1.5000000000000002 1.5000000000000002 1.0000000180025095e-35 3.5000000000000004 2.5000000000000004 12.500000000000002 13.500000000000002 45.500000000000007 26.500000000000004 7.5000000000000009 35.500000000000007 10.500000000000002 3.5000000000000004 1.0000000180025095e-35 7.5000000000000009 12.500000000000002 7.5000000000000009 19.500000000000004 21.500000000000004 1.0000000180025095e-35 5.5000000000000009 20.500000000000004 31.500000000000004
decision_type=2 2 2 2 2 2 2 2 2 2 2 2 2 2 2 2 2 2 2 2 2 2 2 2 2 2 2 2 2 2
left_child=1 2 4 -4 5 -1 7 -6 9 -8 -11 12 13 14 15 17 -17 19 20 22 21 -19 24 -24 25 -10 29 28 -28 -26
right_child=-2 -3 3 -5 6 -7 8 -9 11 10 -12 -13 -14 -15 -16 16 -18 18 -20 -21 -22 -23 23 -25 26 -27 27 -29 -30 -31
leaf_value=0.39070369696842056 10.676829129251942 10.318725655295633 -2.0097411090135573 -15.894594879150389 -7.4514580731590589 -5.8048965195143545 -2.2539953191290425 2.4453204627258374 0.30166038870240203 10.245193547587242 -1.4537063675542032 -0.61711341764723238 10.340507377896991 3.2537373518321058 -11.455158964792888 17.692298948764801 0.55124942895137907 12.853814117431639 -9.9662252663878306 10.172983273863792 -7.6066575527191169 -2.3842833145805029 -5.2366262655991775 16.626495343446731 -2.8540927416748474 10.850287706201726 -11.40975097509531 -15.131717187386972 -0.085349306693443885 5.2103971607544848
leaf_weight=265 29 22 20 20 24 148 652 544 3391 31 31 2249 28 268 24 24 33 25 65 32 22 23 26 32 108 22 26 27 65 51
leaf_count=265 29 22 20 20 24 148 652 544 3391 31 31 2249 28 268 24 24 33 25 65 32 22 23 26 32 108 22 26 27 65 51
internal_value=2.58086e-09 -0.0373136 -0.0648429 -8.95217 -0.0216796 -1.82951 0.0737613 2.02715 -0.0791708 -1.67657 4.39574 0.0951971 0.468447 0.403621 0.212472 0.282971 7.76853 0.173986 -4.06403 0.325343 1.41658 5.55223 0.241265 6.82579 0.137769 0.369656 -2.71938 -6.02337 -3.32089 -0.26737
internal_weight=8327 8298 8276 40 8236 413 7823 568 7255 714 62 6541 4292 4264 3996 3972 57 3915 135 3780 70 48 3748 58 3690 3413 277 118 91 159
internal_count=8327 8298 8276 40 8236 413 7823 568 7255 714 62 6541 4292 4264 3996 3972 57 3915 135 3780 70 48 3748 58 3690 3413 277 118 91 159
is_linear=0
shrinkage=0.05


Tree=149
num_leaves=31
num_cat=0
split_feature=0 15 8 14 7 7 1 1 4 11 14 8 4 10 14 12 7 9 0 14 10 8 21 8 11 2 14 11 3 13
split_gain=1.28052e+06 555541 1.47709e+06 1.79124e+06 924930 890217 1.29268e+06 1.02675e+06 1.43689e+06 858542 1.74086e+06 960368 1.12792e+06 1.07355e+06 1.5257e+06 939677 1.78042e+06 881133 866716 1.28125e+06 1.41972e+06 843710 1.37349e+06 1.99272e+06 906169 842398 1.7353e+06 798029 789666 905016
threshold=22.500000000000004 3.5000000000000004 10.500000000000002 13.500000000000002 10.500000000000002 4.5000000000000009 3.5000000000000004 12.500000000000002 1.0000000180025095e-35 10.500000000000002 4.5000000000000009 3.5000000000000004 1.5000000000000002 8.5000000000000018 7.5000000000000009 1.5000000000000002 10.500000000000002 2.5000000000000004 9.5000000000000018 13.500000000000002 8.5000000000000018 10.500000000000002 1.5000000000000002 5.5000000000000009 16.500000000000004 1.0000000180025095e-35 12.500000000000002 20.500000000000004 1.0000000180025095e-35 25.500000000000004
decision_type=2 2 2 2 2 2 2 2 2 2 2 2 2 2 2 2 2 2 2 2 2 2 2 2 2 2 2 2 2 2
left_child=1 2 4 -4 5 6 -1 -8 -9 11 -11 -3 25 14 -14 16 18 -17 -12 20 28 22 -21 -24 -25 26 -13 -26 29 -20
right_child=-2 9 3 -5 -6 -7 7 8 -10 10 15 12 13 -15 -16 17 -18 -19 19 21 -22 -23 23 24 27 -27 -28 -29 -30 -31
leaf_value=-4.2663599007002269 12.331172616141183 -3.7642925684708497 0.3992676999833849 16.941996440092723 9.563281138737997 -2.3103553571204345 0.50569672604544313 2.1848349342743556 12.661580147743226 -11.114651927947998 1.6279372526897682 -1.9360374195686241 9.5020293058418641 13.506884926015681 -2.1972036657662226 -7.1387402427693205 13.894476636250815 -0.30770020071772941 -5.8584538471131102 -10.858215358339507 -13.913116645812989 5.8606346036567061 15.620723133087161 -10.94213369460333 8.7042848066850151 0.48954327816255527 -13.273119188609877 -3.2617945595791471 -9.3413424367490023 7.981266152417219
leaf_weight=131 21 344 36 30 27 300 2180 180 40 35 999 302 41 22 87 48 27 2858 21 29 36 61 20 21 22 283 38 38 23 27
leaf_count=131 21 344 36 30 27 300 2180 180 40 35 999 302 41 22 87 48 27 2858 21 29 36 61 20 21 22 283 38 38 23 27
internal_value=1.07493e-09 -0.0311768 0.523596 7.91869 0.352821 0.264978 0.570233 0.83423 4.0897 -0.332581 -0.00939966 -1.56657 -0.588542 3.30385 1.55021 0.0824878 1.18655 -0.420532 0.922004 -1.44453 -5.82483 1.00935 -1.26702 1.48689 -2.00295 -1.52572 -3.20312 1.12577 -1.72372 1.92639
internal_weight=8327 8306 2924 66 2858 2831 2531 2400 220 5382 4265 1117 773 150 128 4230 1324 2906 1297 298 107 191 130 101 81 623 340 60 71 48
internal_count=8327 8306 2924 66 2858 2831 2531 2400 220 5382 4265 1117 773 150 128 4230 1324 2906 1297 298 107 191 130 101 81 623 340 60 71 48
is_linear=0
shrinkage=0.05


Tree=150
num_leaves=31
num_cat=0
split_feature=9 2 12 5 7 10 7 15 11 15 15 14 1 4 9 7 7 0 0 9 3 7 0 8 2 12 7 7 8 7
split_gain=1.24284e+06 3.66189e+06 744968 812773 814996 787979 928075 1.03762e+06 1.62088e+06 985943 795485 855569 797466 753066 703796 1.04243e+06 1.18572e+06 769186 737520 726841 1.95515e+06 1.50441e+06 763400 1.42744e+06 986175 1.11434e+06 1.61187e+06 990204 663746 660730
threshold=20.500000000000004 1.5000000000000002 7.5000000000000009 10.500000000000002 15.500000000000002 14.500000000000002 7.5000000000000009 11.500000000000002 25.500000000000004 10.500000000000002 12.500000000000002 21.500000000000004 23.500000000000004 1.0000000180025095e-35 16.500000000000004 7.5000000000000009 5.5000000000000009 12.500000000000002 9.5000000000000018 15.500000000000002 1.0000000180025095e-35 6.5000000000000009 15.500000000000002 6.5000000000000009 1.5000000000000002 4.5000000000000009 7.5000000000000009 5.5000000000000009 12.500000000000002 13.500000000000002
decision_type=2 2 2 2 2 2 2 2 2 2 2 2 2 2 2 2 2 2 2 2 2 2 2 2 2 2 2 2 2 2
left_child=2 -2 3 4 5 10 7 8 -7 -8 14 13 -13 -12 19 16 18 -18 -16 22 21 -21 29 -24 25 26 27 -25 -26 -1
right_child=1 -3 -4 -5 -6 6 9 -9 -10 -11 11 12 -14 -15 15 -17 17 -19 -20 20 -22 -23 23 24 28 -27 -28 -29 -30 -31
leaf_value=-0.15493097565333183 -5.1777396883283346 20.629574754503039 -9.2384078589352701 9.7987659227280393 -7.3558922039835082 2.8644104656420257 13.097448978926005 8.1166567385196693 -10.805585752214704 1.9178603497947133 -3.6218315954809883 -12.786860460848423 -2.007954501360655 6.2462626331839068 7.5672477874755861 -3.9359326362609863 5.2826980802747947 17.331814179053676 -3.6116940567890801 -1.6275413417816162 6.1570536511018874 -20.377878703241763 14.524327967067562 3.0979001839955647 1.5368265060278086 -9.3029361355689257 13.334347087839113 -10.867776627974077 12.947182937622072 6.8312222761266375
leaf_weight=7400 28 27 22 21 38 57 38 32 35 41 58 37 32 29 25 37 27 26 36 20 24 23 24 30 26 31 22 22 25 34
leaf_count=7400 28 27 22 21 38 57 38 32 35 41 58 37 32 29 25 37 27 26 36 20 24 23 24 30 26 31 22 22 25 34
internal_value=4.71711e-09 7.49131 -0.0498092 -0.0253063 -0.0503768 -0.0164848 3.05982 0.361362 -2.33613 7.29538 -0.0946634 -3.63008 -7.78795 -0.332467 -0.0242439 3.35623 5.72298 11.1936 0.969839 -0.0907003 -5.27571 -11.6568 -0.0450744 3.1724 1.42595 -1.34466 1.98921 -2.81066 7.13014 -0.122979
internal_weight=8327 55 8272 8250 8229 8191 203 124 92 79 7988 156 69 87 7832 151 114 53 61 7681 67 43 7614 180 156 105 74 52 51 7434
internal_count=8327 55 8272 8250 8229 8191 203 124 92 79 7988 156 69 87 7832 151 114 53 61 7681 67 43 7614 180 156 105 74 52 51 7434
is_linear=0
shrinkage=0.05


Tree=151
num_leaves=31
num_cat=0
split_feature=14 7 4 4 21 15 4 10 10 9 0 10 3 15 7 10 10 9 7 11 11 16 13 15 10 7 7 2 3 15
split_gain=1.24266e+06 865835 629659 680301 586453 1.21788e+06 925360 1.08077e+06 914196 798068 804805 1.2626e+06 776721 1.38034e+06 1.84904e+06 1.17544e+06 1.47023e+06 1.23076e+06 1.36325e+06 1.1498e+06 1.62153e+06 1.03662e+06 863844 962402 1.18307e+06 1.06822e+06 869764 832805 804334 727114
threshold=33.500000000000007 18.500000000000004 20.500000000000004 15.500000000000002 1.5000000000000002 16.500000000000004 10.500000000000002 10.500000000000002 5.5000000000000009 2.5000000000000004 8.5000000000000018 6.5000000000000009 1.0000000180025095e-35 9.5000000000000018 12.500000000000002 10.500000000000002 9.5000000000000018 15.500000000000002 7.5000000000000009 25.500000000000004 30.500000000000004 1.0000000180025095e-35 45.500000000000007 6.5000000000000009 12.500000000000002 2.5000000000000004 7.5000000000000009 1.5000000000000002 11.000000000000002 10.500000000000002
decision_type=2 2 2 2 2 2 2 2 2 2 2 2 2 2 2 2 2 2 2 2 2 2 2 2 2 2 2 2 2 2
left_child=1 2 3 4 -1 6 9 8 -8 10 11 -6 13 14 21 16 -15 18 -17 22 -21 -11 23 25 26 -14 28 -22 29 -25
right_child=-2 -3 -4 -5 5 -7 7 -9 -10 12 -12 -13 19 15 -16 17 -18 -19 -20 20 27 -23 -24 24 -26 -27 -28 -29 -30 -31
leaf_value=0.60928097552218474 12.448247346878052 9.8760767156427569 -7.825067886939415 7.6128340819786331 -2.5383681654309234 -11.33772783279419 -0.70180803934733083 4.042392133629841 -12.88292948700661 -0.20706774935680705 -9.4753915664127888 6.1437750437158227 -1.4639558070959087 -4.5288392876661741 12.859969806671144 -0.44935457631945613 -17.553504449874165 -7.3127505514356832 15.087978467941284 7.9893488819400478 -8.3649477277483264 -11.351617649623327 7.6557658380270004 -3.1108299936034851 -8.983860861525244 2.112063757441887 5.4862250323806494 3.3589089744921887 7.9369110130128409 2.864254047440701
leaf_weight=2348 20 22 26 29 384 25 24 23 43 3264 35 47 293 130 27 48 26 36 20 120 28 21 40 308 49 727 49 33 21 61
leaf_count=2348 20 22 26 29 384 25 24 23 43 3264 35 47 293 130 27 48 26 36 20 120 28 21 40 308 49 727 49 33 21 61
internal_value=9.41646e-09 -0.0299705 -0.056275 -0.0318182 -0.0587556 -0.325425 -0.27842 -5.30927 -8.51954 -0.199909 -2.18372 -1.59159 -0.0255157 -0.446596 -0.171206 -3.95465 -6.69962 0.162803 4.12045 0.84441 4.61518 -0.278311 0.403512 0.211145 -1.61501 1.08483 -0.792519 -2.02253 -1.58139 -2.12308
internal_weight=8327 8307 8285 8259 8230 5882 5857 90 67 5767 466 431 5301 3572 3312 260 156 104 68 1729 181 3285 1548 1508 488 1020 439 61 390 369
internal_count=8327 8307 8285 8259 8230 5882 5857 90 67 5767 466 431 5301 3572 3312 260 156 104 68 1729 181 3285 1548 1508 488 1020 439 61 390 369
is_linear=0
shrinkage=0.05


Tree=152
num_leaves=31
num_cat=0
split_feature=13 12 5 21 10 17 13 12 21 4 0 2 9 13 11 2 14 7 15 10 4 1 8 15 14 15 11 10 11 13
split_gain=1.17527e+06 534973 740312 620175 1.35372e+06 996236 621718 707367 623237 657982 1.12093e+06 909266 640575 598827 576543 1.60141e+06 756044 751529 753435 948934 1.11548e+06 653756 576456 950318 655156 847785 569158 531358 2.27523e+06 1.26214e+06
threshold=61.500000000000007 7.5000000000000009 10.500000000000002 2.5000000000000004 11.500000000000002 1.5000000000000002 6.5000000000000009 1.0000000180025095e-35 1.0000000180025095e-35 1.0000000180025095e-35 5.5000000000000009 1.0000000180025095e-35 8.5000000000000018 18.500000000000004 34.500000000000007 1.5000000000000002 30.500000000000004 15.500000000000002 16.500000000000004 14.500000000000002 2.5000000000000004 22.500000000000004 5.5000000000000009 3.5000000000000004 14.500000000000002 5.5000000000000009 4.5000000000000009 13.500000000000002 22.500000000000004 37.500000000000007
decision_type=2 2 2 2 2 2 2 2 2 2 2 2 2 2 2 2 2 2 2 2 2 2 2 2 2 2 2 2 2 2
left_child=1 2 3 6 5 -5 26 8 22 -10 11 -11 13 -12 16 -16 17 18 19 27 -21 -22 -8 -24 25 -25 -1 -9 29 -29
right_child=-2 -3 -4 4 -6 -7 7 14 9 10 12 -13 -14 -15 15 -17 -18 -19 -20 20 21 -23 23 24 -26 -27 -28 28 -30 -31
leaf_value=-8.6722239583730705 10.226532486506871 -7.6494928546573808 9.3626253854660764 5.3363691036517809 14.039786263306937 -3.6374923554012337 1.5367879974892587 -0.21253448314462289 -0.24957422044889818 4.3843451267633684 6.1267909312248232 -6.9876682717353109 1.7724848705789318 18.362259407043457 -15.8556378364563 1.1790794050371325 7.0178946468565204 -7.5549893242972237 -8.5448321448432072 0.95215776122619067 4.4406680604685915 16.496819036657161 13.338741674730855 5.5349269959543435 10.471387076377869 -7.5812586264176804 0.83036329448223123 -3.8578053254347582 4.3542651464772781 -19.937249320486316
leaf_weight=40 28 23 21 65 24 59 236 6450 719 39 20 32 23 20 22 37 36 35 27 107 23 22 31 28 20 22 26 26 43 23
leaf_count=40 28 23 21 65 24 59 236 6450 719 39 20 32 23 20 22 37 36 35 27 107 23 22 31 28 20 22 26 26 43 23
internal_value=-7.27722e-09 -0.0345033 -0.0133403 -0.037192 3.17032 1.06655 -0.0957477 -0.0560785 1.06915 0.349928 3.56666 -0.741069 8.4214 12.2445 -0.251528 -5.17285 -0.208778 -0.247286 -0.20923 -0.175609 3.72991 10.3348 2.88962 6.05068 2.82311 -0.236195 -4.92878 -0.266352 -4.03942 -11.4053
internal_weight=8327 8299 8276 8255 148 124 8107 8041 1190 853 134 71 63 40 6851 59 6792 6756 6721 6694 152 45 337 101 70 50 66 6542 92 49
internal_count=8327 8299 8276 8255 148 124 8107 8041 1190 853 134 71 63 40 6851 59 6792 6756 6721 6694 152 45 337 101 70 50 66 6542 92 49
is_linear=0
shrinkage=0.05


Tree=153
num_leaves=31
num_cat=0
split_feature=0 0 7 1 13 15 15 13 15 13 14 7 12 11 2 13 11 13 15 15 9 10 14 15 13 7 21 7 1 4
split_gain=1.15298e+06 554360 701435 641092 1.56466e+06 857510 837393 916112 802269 1.19998e+06 1.00919e+06 1.2246e+06 600072 1.24942e+06 528194 1.28825e+06 859949 1.3048e+06 666536 641959 1.93755e+06 926446 1.26631e+06 1.18831e+06 961914 1.36871e+06 860698 1.14525e+06 812029 1.18418e+06
threshold=22.500000000000004 20.500000000000004 17.500000000000004 29.500000000000004 55.500000000000007 11.500000000000002 13.500000000000002 52.500000000000007 13.500000000000002 43.500000000000007 28.500000000000004 7.5000000000000009 6.5000000000000009 21.500000000000004 2.5000000000000004 45.500000000000007 26.500000000000004 41.500000000000007 10.500000000000002 5.5000000000000009 11.500000000000002 4.5000000000000009 14.500000000000002 2.5000000000000004 30.500000000000004 4.5000000000000009 3.5000000000000004 4.5000000000000009 26.500000000000004 17.500000000000004
decision_type=2 2 2 2 2 2 2 2 2 2 2 2 2 2 2 2 2 2 2 2 2 2 2 2 2 2 2 2 2 2
left_child=1 2 3 4 8 -6 7 -5 10 -10 12 -12 14 -14 19 16 17 18 -16 20 26 22 -22 -23 25 -25 -1 -28 29 -21
right_child=-2 -3 -4 6 5 -7 -8 -9 9 -11 11 -13 13 -15 15 -17 -18 -19 -20 28 21 23 -24 24 -26 -27 27 -29 -30 -31
leaf_value=-0.031382382285437105 11.70098751613072 -6.9305086579816093 8.9106864755803894 -0.60571507930755619 3.2562369790570487 16.523026204109193 3.6040639019012453 -14.839534589877497 1.3635727061165703 -9.8385690689086918 13.289849960106999 -2.1347428451884878 -15.107507338523867 1.6590973997116087 1.8238278327418156 10.094093221142179 9.1565247195107613 -10.082875090631946 -7.4594227518354153 -0.94075123746131861 4.7054383595784506 -7.0418230795860302 20.155022103445873 7.0351180911064155 8.2044232252240175 -10.279959701356434 -0.24590553733018727 15.45313960484096 5.7883229915131915 10.981216040111725
leaf_weight=4704 21 29 22 20 29 21 20 26 45 51 31 22 20 25 244 42 28 29 21 2554 36 25 21 25 80 21 26 21 47 21
leaf_count=4704 21 29 22 20 29 21 20 26 45 51 31 22 20 25 244 42 28 29 21 2554 36 25 21 25 80 21 26 21 47 21
internal_value=2.28115e-09 -0.0295835 -0.00540485 -0.0291667 0.0103908 8.82829 -4.93729 -8.65092 -0.0437799 -4.58757 0.010454 6.88719 -0.0351614 -5.79273 -0.00255086 1.85796 0.783681 -0.0137322 1.08817 -0.0918829 0.242682 4.96615 10.3974 2.91594 4.89169 -0.869591 0.0358871 6.76856 -0.724646 -0.843524
internal_weight=8327 8306 8277 8255 8189 50 66 46 8139 96 8043 53 7990 45 7945 364 322 294 265 7581 4959 208 57 151 126 46 4751 47 2622 2575
internal_count=8327 8306 8277 8255 8189 50 66 46 8139 96 8043 53 7990 45 7945 364 322 294 265 7581 4959 208 57 151 126 46 4751 47 2622 2575
is_linear=0
shrinkage=0.05


Tree=154
num_leaves=31
num_cat=0
split_feature=1 13 14 12 7 15 9 8 7 2 13 0 10 15 14 4 4 8 9 2 14 11 7 9 14 7 1 12 7 21
split_gain=1.15061e+06 627407 834100 563270 1.18113e+06 774146 893325 1.62993e+06 1.59502e+06 886322 1.84957e+06 1.04901e+06 818756 1.62209e+06 1.94988e+06 1.39205e+06 1.75271e+06 1.38241e+06 1.18027e+06 1.28289e+06 1.13237e+06 1.12406e+06 1.1628e+06 1.03892e+06 1.62701e+06 1.03697e+06 1.97656e+06 1.03911e+06 956969 866962
threshold=32.500000000000007 59.500000000000007 30.500000000000004 1.5000000000000002 10.500000000000002 16.500000000000004 16.500000000000004 9.5000000000000018 15.500000000000002 1.5000000000000002 43.500000000000007 14.500000000000002 6.5000000000000009 3.5000000000000004 6.5000000000000009 10.500000000000002 7.5000000000000009 13.500000000000002 12.500000000000002 1.0000000180025095e-35 19.500000000000004 18.500000000000004 5.5000000000000009 4.5000000000000009 8.5000000000000018 9.5000000000000018 10.500000000000002 4.5000000000000009 3.5000000000000004 3.5000000000000004
decision_type=2 2 2 2 2 2 2 2 2 2 2 2 2 2 2 2 2 2 2 2 2 2 2 2 2 2 2 2 2 2
left_child=1 2 3 4 -1 6 8 -8 12 10 -9 -11 15 21 -15 16 17 18 20 -20 25 22 23 -14 -25 27 -27 29 -29 -5
right_child=-2 -3 -4 5 -6 -7 7 9 -10 11 -12 -13 13 14 -16 -17 -18 -19 19 -21 -22 -23 -24 24 -26 26 -28 28 -30 -31
leaf_value=0.33126667495246082 11.167835256327754 -6.8091333613676186 7.1108360569651543 -1.0162719955022543 9.6933371599982774 -8.8553627720585588 -2.91827480689519 14.483427031143854 -12.406298657826015 5.1660635665610988 -2.9462708918253582 19.874451836672698 -2.2474750796953837 -11.581999546772726 0.016615429713455546 -10.987132779530118 11.493263394066267 -9.76910400390625 -3.3282443196432929 8.5451460886001591 8.3077716927374574 -3.8495958186484671 14.373657032847404 -5.5436740949466508 9.2189283472118966 -18.503257858276367 0.26038917303085329 0.80675644874572761 -10.620566029818555 8.0091724148503065
leaf_weight=3687 23 34 41 1830 34 27 72 23 28 27 45 22 48 37 1754 35 28 45 35 65 31 37 32 23 99 25 32 28 53 27
leaf_count=3687 23 34 41 1830 34 27 72 23 28 27 45 22 48 37 1754 35 28 45 35 65 31 37 32 23 99 25 32 28 53 27
internal_value=7.0363e-09 -0.0309321 -0.00306525 -0.0385094 0.416811 -0.414341 -0.36348 3.00075 -0.511625 6.64323 2.94907 11.7698 -0.433518 0.293311 -0.222999 -1.09398 -0.936513 -1.09682 -0.913261 4.38946 -1.17499 4.1624 5.62994 3.98406 6.43581 -1.32235 -7.96928 -1.12685 -6.67038 -0.885046
internal_weight=8327 8304 8270 8229 3721 4508 4481 189 4292 117 68 49 4264 2030 1791 2234 2199 2171 2126 100 2026 239 202 170 122 1995 57 1938 81 1857
internal_count=8327 8304 8270 8229 3721 4508 4481 189 4292 117 68 49 4264 2030 1791 2234 2199 2171 2126 100 2026 239 202 170 122 1995 57 1938 81 1857
is_linear=0
shrinkage=0.05


Tree=155
num_leaves=31
num_cat=0
split_feature=11 0 13 5 11 7 4 7 11 13 0 17 8 10 13 13 0 9 0 7 10 12 7 4 11 1 13 7 13 15
split_gain=1.11529e+06 825351 678587 676864 564633 546518 542787 1.04063e+06 1.10928e+06 1.35894e+06 1.66484e+06 1.5137e+06 1.56973e+06 1.33733e+06 1.27501e+06 1.51385e+06 1.84703e+06 1.79567e+06 1.46459e+06 1.32958e+06 1.32435e+06 1.19947e+06 1.12186e+06 1.17413e+06 1.1691e+06 1.12954e+06 1.02661e+06 1.00462e+06 1.86825e+06 1.58049e+06
threshold=38.500000000000007 20.500000000000004 60.500000000000007 10.500000000000002 26.500000000000004 15.500000000000002 1.0000000180025095e-35 3.5000000000000004 15.500000000000002 17.500000000000004 13.500000000000002 1.0000000180025095e-35 2.5000000000000004 3.5000000000000004 23.500000000000004 21.500000000000004 9.5000000000000018 8.5000000000000018 8.5000000000000018 5.5000000000000009 6.5000000000000009 1.5000000000000002 6.5000000000000009 4.5000000000000009 13.500000000000002 11.500000000000002 13.500000000000002 5.5000000000000009 25.500000000000004 6.5000000000000009
decision_type=2 2 2 2 2 2 2 2 2 2 2 2 2 2 2 2 2 2 2 2 2 2 2 2 2 2 2 2 2 2
left_child=1 2 3 5 -3 6 -1 -8 9 11 13 12 -9 -11 15 16 19 18 -17 -15 -21 26 23 24 -16 -24 -13 28 29 -10
right_child=-2 4 -4 -5 -6 -7 7 8 27 10 -12 21 -14 14 22 17 -18 -19 -20 20 -22 -23 25 -25 -26 -27 -28 -29 -30 -31
leaf_value=-0.26082504434256398 9.7882990265714724 -12.822920101029533 8.3966348210970576 8.9420102868761333 -1.2282500494094124 -6.3720842698041134 2.3421165952234078 3.6557021737098694 3.9253369013468422 -10.018303814355065 10.85980754125686 1.9781464338302612 -15.31084181467692 -6.2411016904390779 -4.1091069612503048 7.2094137251377113 -16.953937554359438 16.881918682098387 -10.03863302230835 -1.1368876265154946 14.434318785233931 -1.0478952343081251 -18.970405435562135 -9.7566639114070597 7.6147341454351283 -5.9702586364746102 11.558244815366022 0.057000598705261654 6.1081496607570749 -15.714306516647339
leaf_weight=6056 29 21 24 21 21 34 646 20 21 68 21 54 24 52 50 32 20 25 20 36 22 81 24 37 37 55 58 507 191 20
leaf_count=6056 29 21 24 21 21 34 646 20 21 68 21 54 24 52 50 32 20 25 20 36 22 81 24 37 37 55 58 507 191 20
internal_value=-4.46529e-09 -0.0342083 0.00135827 -0.0231178 -7.02559 -0.0460465 -0.0197428 0.668609 -0.0643306 -1.4383 -2.91896 1.67921 -6.68969 -3.52431 -2.44725 0.31395 -2.97684 5.86983 0.57555 -0.435548 4.76943 3.58714 -5.26286 -2.29602 0.876894 -9.91967 6.93927 1.30406 4.02932 -5.65498
internal_weight=8327 8298 8256 8232 42 8211 8177 2121 1475 736 499 237 44 478 410 207 130 77 52 110 58 193 203 124 87 79 112 739 232 41
internal_count=8327 8298 8256 8232 42 8211 8177 2121 1475 736 499 237 44 478 410 207 130 77 52 110 58 193 203 124 87 79 112 739 232 41
is_linear=0
shrinkage=0.05


Tree=156
num_leaves=31
num_cat=0
split_feature=7 15 1 9 9 10 12 4 1 11 20 14 21 0 4 0 3 15 1 11 4 2 1 12 2 0 4 14 12 7
split_gain=1.16257e+06 2.15676e+06 658776 1.12086e+06 896613 617010 897879 1.4552e+06 1.12097e+06 1.13535e+06 608215 736255 686181 1.31545e+06 1.1041e+06 928833 790650 970743 1.2067e+06 1.05156e+06 1.28618e+06 1.4636e+06 980272 1.02971e+06 933668 820955 1.39973e+06 1.14878e+06 1.1402e+06 1.28503e+06
threshold=14.500000000000002 8.5000000000000018 29.500000000000004 15.500000000000002 18.500000000000004 14.500000000000002 4.5000000000000009 1.0000000180025095e-35 22.500000000000004 25.500000000000004 1.0000000180025095e-35 14.500000000000002 1.5000000000000002 14.500000000000002 5.5000000000000009 13.500000000000002 4.5000000000000009 9.5000000000000018 14.500000000000002 32.500000000000007 5.5000000000000009 1.0000000180025095e-35 14.500000000000002 4.5000000000000009 2.5000000000000004 12.500000000000002 1.0000000180025095e-35 12.500000000000002 1.0000000180025095e-35 3.5000000000000004
decision_type=2 2 2 2 2 2 2 2 2 2 2 2 2 2 2 2 2 2 2 2 2 2 2 2 2 2 2 2 2 2
left_child=2 -2 5 -4 -5 10 8 -8 -7 -10 12 -12 13 15 -15 -1 17 22 -19 20 21 -20 23 25 -18 27 -27 -14 29 -29
right_child=1 -3 3 4 -6 6 7 -9 9 -11 11 -13 16 14 -16 -17 24 18 19 -21 -22 -23 -24 -25 -26 26 -28 28 -30 -31
leaf_value=0.56374879721334636 -0.77576811252496192 17.815474711014673 4.4736230103865919 -15.347845833118146 -2.2167526483535767 0.37260857197775771 -12.010900074502697 5.9762266820127321 2.5048482464205835 15.558766063054405 0.86745821952819824 -12.387627024095591 -0.31746683003538179 3.6711088209240526 16.789396858215333 -7.6478149104118351 1.174908846012644 3.038971288063947 -9.9990150668251694 6.1849270517175849 -14.600322161614896 -1.4876137597901482 0.97786065468405159 -7.1420098707324176 10.977170229875126 -0.69518380236269828 11.124797363281251 -2.471544539711692 -3.5946066518387192 9.4846882619355863
leaf_weight=2141 39 26 23 26 26 67 23 22 31 36 20 22 3008 81 20 35 370 68 71 22 32 175 1133 61 26 67 40 55 523 38
leaf_count=2141 39 26 23 26 26 67 23 22 31 36 20 22 3008 81 20 35 370 68 71 22 32 175 1133 61 26 67 40 55 523 38
internal_value=2.12614e-09 6.66073 -0.0524022 -4.71715 -8.7823 -0.00966913 2.89361 -3.21719 4.94575 9.51889 -0.0745652 -6.07568 -0.0429249 0.690584 6.26879 0.431669 -0.336509 -0.497737 -2.97488 -4.33801 -5.17077 -3.94416 -0.312643 -0.698229 1.81849 -0.592876 3.7235 -0.720319 -2.68749 2.4138
internal_weight=8327 65 8262 75 52 8187 179 45 134 67 8008 42 7966 2277 101 2176 5689 5293 368 300 278 246 4925 3792 396 3731 107 3624 616 93
internal_count=8327 65 8262 75 52 8187 179 45 134 67 8008 42 7966 2277 101 2176 5689 5293 368 300 278 246 4925 3792 396 3731 107 3624 616 93
is_linear=0
shrinkage=0.05


Tree=157
num_leaves=31
num_cat=0
split_feature=7 8 1 9 9 10 7 12 11 15 10 0 13 20 12 11 21 0 0 4 10 15 8 7 11 8 4 0 3 1
split_gain=1.04922e+06 2.0739e+06 594546 1.01157e+06 809193 556852 839312 1.5116e+06 1.24734e+06 721704 637182 558152 838706 813996 563801 938784 589725 1.30782e+06 1.29067e+06 1.07806e+06 765611 701502 1.03683e+06 1.66686e+06 971291 904610 1.44264e+06 987558 1.33387e+06 1.19862e+06
threshold=14.500000000000002 9.5000000000000018 29.500000000000004 15.500000000000002 18.500000000000004 14.500000000000002 7.5000000000000009 4.5000000000000009 25.500000000000004 10.500000000000002 15.500000000000002 20.500000000000004 55.500000000000007 1.0000000180025095e-35 6.5000000000000009 21.500000000000004 1.5000000000000002 14.500000000000002 13.500000000000002 3.5000000000000004 1.5000000000000002 3.5000000000000004 10.500000000000002 3.5000000000000004 9.5000000000000018 10.500000000000002 13.500000000000002 6.5000000000000009 7.0000000000000009 26.500000000000004
decision_type=2 2 2 2 2 2 2 2 2 2 2 2 2 2 2 2 2 2 2 2 2 2 2 2 2 2 2 2 2 2
left_child=2 -2 5 -4 -5 11 7 9 -8 10 -7 12 13 14 16 -16 17 18 -1 -19 -18 22 -22 -24 -23 26 -26 -27 29 -29
right_child=1 -3 3 4 -6 6 8 -9 -10 -11 -12 -13 -14 -15 15 -17 20 19 -20 -21 21 24 23 -25 25 27 -28 28 -30 -31
leaf_value=0.59264015809343928 -0.9645643099760397 17.266077657846306 4.2499419668446414 -14.580453405930445 -2.1059148916831383 -6.0752929306030277 0.95407693253623127 -10.446125848476704 14.758634819984437 9.2640098005533229 4.7328851826985678 -8.4131875705718997 7.564572683804565 -7.1991147136688234 -13.386574211007073 0.59841437169483735 -2.8866082570329308 3.111956273957535 -9.371794853788435 15.848059010505677 0.42584547626660457 -2.6293774077320489 -2.3958076248168947 14.835247539728881 0.077277860192908457 -8.4320117496781872 13.238968808310373 -3.1063469835619131 3.9371809219219247 8.8662041902542121
leaf_weight=2134 39 26 23 26 26 25 36 26 30 32 30 20 36 40 21 28 270 54 33 24 1759 492 25 32 2425 54 21 420 98 22
leaf_count=2134 39 26 23 26 26 25 36 26 30 32 30 20 36 40 21 28 270 54 33 24 1759 492 25 32 2425 54 21 420 98 22
internal_value=-5.80831e-09 6.32769 -0.0497821 -4.48129 -8.34318 -0.00918568 2.74893 0.13233 7.22888 3.29371 -0.179923 -0.0708369 -0.0499497 -0.0844219 -0.0484528 -5.39515 -0.0151337 0.669855 0.440897 7.03076 -0.288861 -0.15771 0.640911 7.27777 -0.568327 -0.234762 0.190277 -1.98501 -1.34031 -2.51043
internal_weight=8327 65 8262 75 52 8187 179 113 66 87 55 8008 7988 7952 7912 49 7863 2245 2167 78 5618 5348 1816 57 3532 3040 2446 594 540 442
internal_count=8327 65 8262 75 52 8187 179 113 66 87 55 8008 7988 7952 7912 49 7863 2245 2167 78 5618 5348 1816 57 3532 3040 2446 594 540 442
is_linear=0
shrinkage=0.05


Tree=158
num_leaves=31
num_cat=0
split_feature=0 11 0 13 14 5 7 11 15 8 7 13 9 7 15 4 14 11 10 4 0 0 8 1 2 0 1 13 12 10
split_gain=1.06659e+06 524752 628396 926787 925500 677558 577428 483481 750749 828187 803621 600170 567242 1.20717e+06 978791 1.66969e+06 837568 731931 930525 870065 850153 773378 736549 908496 875648 788693 932191 913266 792934 829630
threshold=22.500000000000004 37.500000000000007 20.500000000000004 60.500000000000007 31.500000000000004 10.500000000000002 15.500000000000002 3.5000000000000004 1.5000000000000002 4.5000000000000009 2.5000000000000004 6.5000000000000009 4.5000000000000009 1.5000000000000002 3.5000000000000004 5.5000000000000009 10.500000000000002 19.500000000000004 6.5000000000000009 1.5000000000000002 11.500000000000002 5.5000000000000009 9.5000000000000018 8.5000000000000018 1.0000000180025095e-35 7.5000000000000009 10.500000000000002 16.500000000000004 2.5000000000000004 4.5000000000000009
decision_type=2 2 2 2 2 2 2 2 2 2 2 2 2 2 2 2 2 2 2 2 2 2 2 2 2 2 2 2 2 2
left_child=1 2 3 4 5 6 7 11 9 10 -9 -1 -10 -14 15 17 -17 18 22 20 21 -20 23 -15 -24 26 -25 -28 29 -27
right_child=-2 -3 -4 -5 -6 -7 -8 8 12 -11 -12 -13 13 14 -16 16 -18 -19 19 -21 -22 -23 24 25 -26 28 27 -29 -30 -31
leaf_value=-9.5375412777066231 11.254124014718194 -6.3209896419987537 -7.7643344640731815 10.511623700459799 8.9107929755901463 9.1545271909236909 -6.5621117984547341 1.5161668848096526 -0.89523103755871825 4.3520126199359224 -3.7014698931704397 -1.3764243039138178 -2.8141358739855451 3.6784709623629421 -0.025613205748359243 -15.381547966003419 -1.5272066454092661 -2.7930472244535176 7.9637207595201644 13.464891394253435 13.865618700981139 0.5638260524923151 0.85877487182617185 -2.0288954354347069 14.092427440643313 -13.807292858485519 12.500017266472181 1.9902534577670516 1.5022058072843052 -2.0418570441584434
leaf_weight=27 21 33 26 21 29 20 34 373 1796 197 92 136 328 232 4175 20 24 70 52 29 20 110 25 141 25 29 24 149 38 31
leaf_count=27 21 33 26 21 29 20 34 373 1796 197 92 136 328 232 4175 20 24 70 52 29 20 110 25 141 25 29 24 149 38 31
internal_value=-2.92232e-09 -0.0284537 -0.00335356 0.0211142 -0.00566683 -0.0372122 -0.0596941 -0.0325442 0.0225188 1.63496 0.48386 -2.72827 -0.123345 0.127706 0.313483 1.70281 -7.82463 2.13277 2.51377 5.42146 4.13982 2.9391 1.62973 1.17586 7.4756 -0.233377 0.98877 3.44826 -4.14924 -7.72848
internal_weight=8327 8306 8273 8247 8226 8197 8177 8143 7980 662 465 163 7318 5522 5194 1019 44 975 905 211 182 162 694 644 50 412 314 173 98 60
internal_count=8327 8306 8273 8247 8226 8197 8177 8143 7980 662 465 163 7318 5522 5194 1019 44 975 905 211 182 162 694 644 50 412 314 173 98 60
is_linear=0
shrinkage=0.05


Tree=159
num_leaves=31
num_cat=0
split_feature=14 7 4 4 12 7 4 10 4 1 7 14 16 5 8 8 10 21 20 3 8 9 15 0 11 5 10 7 0 9
split_gain=1.01783e+06 726067 603729 576075 532017 917666 862325 2.03841e+06 1.1672e+06 1.06099e+06 747589 2.97789e+06 729186 753522 1.4085e+06 3.16753e+06 1.06218e+06 829405 794596 730426 840916 965906 875140 1.04144e+06 925013 1.32404e+06 890672 1.00012e+06 999468 903784
threshold=33.500000000000007 18.500000000000004 20.500000000000004 15.500000000000002 2.5000000000000004 12.500000000000002 10.500000000000002 9.5000000000000018 7.5000000000000009 16.500000000000004 12.500000000000002 17.500000000000004 1.0000000180025095e-35 4.5000000000000009 5.5000000000000009 3.5000000000000004 6.5000000000000009 3.5000000000000004 1.0000000180025095e-35 1.0000000180025095e-35 12.500000000000002 8.5000000000000018 7.5000000000000009 9.5000000000000018 11.500000000000002 1.5000000000000002 5.5000000000000009 6.5000000000000009 6.5000000000000009 4.5000000000000009
decision_type=2 2 2 2 2 2 2 2 2 2 2 2 2 2 2 2 2 2 2 2 2 2 2 2 2 2 2 2 2 2
left_child=1 2 3 4 5 12 8 -8 10 -10 -6 -12 13 17 15 -15 -16 18 19 -1 22 -22 24 -24 25 -21 -26 28 29 -28
right_child=-2 -3 -4 -5 6 -7 7 -9 9 -11 11 -13 -14 14 16 -17 -18 -19 -20 20 21 -23 23 -25 26 -27 27 -29 -30 -31
leaf_value=-0.25148732052021167 11.265994653701782 9.0442103299227625 -7.658358163100023 7.0074519584918846 -0.53733967865815202 9.2389152629034861 -14.67269184793745 2.3919450323922296 -0.87322271195324985 14.046085768479569 3.8952830250774113 -21.012402507237027 -8.35551243209839 0.013743384679158531 -7.7979252292263901 23.180971615791321 4.5327718698978421 8.2701715455901237 -9.2053262047145683 -0.71881750515989351 -1.5480893188052709 8.394243279883737 0.47068743079136582 -6.2598848007537509 0.31532202805002851 10.065484263102213 -7.5957550483671099 -3.1762754162092035 7.3028984611034389 3.5684365149551227
leaf_weight=3988 20 22 26 29 2275 28 35 35 22 26 28 21 25 36 31 25 40 31 23 555 36 76 156 91 251 30 22 41 200 103
leaf_count=3988 20 22 26 29 2275 28 35 35 22 26 28 21 25 36 31 25 40 31 23 555 36 76 156 91 251 30 22 41 200 103
internal_value=4.8106e-09 -0.0271241 -0.0512121 -0.0272642 -0.0520524 0.209068 -0.670958 -6.14037 -0.50955 7.20807 -0.66895 -6.77944 0.165173 0.202317 3.93632 9.50851 -0.851054 0.114348 0.0689728 0.107414 1.02432 5.19849 0.701683 -2.009 1.2587 -0.165776 2.6093 4.1825 5.11084 1.60354
internal_weight=8327 8307 8285 8259 8230 5788 2442 70 2372 48 2324 49 5760 5735 132 61 71 5603 5572 5549 1561 112 1449 247 1202 585 617 366 325 125
internal_count=8327 8307 8285 8259 8230 5788 2442 70 2372 48 2324 49 5760 5735 132 61 71 5603 5572 5549 1561 112 1449 247 1202 585 617 366 325 125
is_linear=0
shrinkage=0.05


Tree=160
num_leaves=31
num_cat=0
split_feature=11 0 7 8 0 13 11 2 4 15 4 0 10 9 14 15 14 10 15 5 7 7 0 3 13 9 13 13 0 0
split_gain=976513 745151 564964 526104 929854 578488 519425 471144 829053 767710 826275 2.10181e+06 844304 853580 751821 1.70355e+06 723281 1.24314e+06 673244 759234 1.64445e+06 1.72574e+06 1.41256e+06 687184 669562 662939 1.13806e+06 665329 1.80971e+06 1.03088e+06
threshold=38.500000000000007 20.500000000000004 17.500000000000004 17.500000000000004 12.500000000000002 48.500000000000007 26.500000000000004 1.0000000180025095e-35 14.500000000000002 10.500000000000002 7.5000000000000009 11.500000000000002 7.5000000000000009 5.5000000000000009 4.5000000000000009 4.5000000000000009 15.500000000000002 7.5000000000000009 1.5000000000000002 4.5000000000000009 6.5000000000000009 4.5000000000000009 12.500000000000002 11.000000000000002 8.5000000000000018 13.500000000000002 43.500000000000007 37.500000000000007 11.500000000000002 8.5000000000000018
decision_type=2 2 2 2 2 2 2 2 2 2 2 2 2 2 2 2 2 2 2 2 2 2 2 2 2 2 2 2 2 2
left_child=1 2 3 7 -5 -6 -3 9 14 10 25 12 13 -12 15 -9 -11 -18 -16 23 21 -21 -22 24 -20 26 -1 28 29 -27
right_child=-2 6 -4 4 5 -7 -8 8 -10 16 11 -13 -14 -15 18 -17 17 -19 19 20 22 -23 -24 -25 -26 27 -28 -29 -30 -31
leaf_value=-0.43925616740879997 9.1590926441653036 -12.235442870003837 8.003617460077459 3.5738655166625977 -14.541937528337753 -3.4770732985602488 -1.1146215529668899 -0.84025426622198407 -7.3947047009187585 1.9537989287637174 -4.2386492602019148 16.144397544860841 -8.3584284978834074 8.639033914381459 3.6301494771477865 -14.560649535179138 -17.401968093145463 -3.297301973378072 -8.4474306475032463 7.3381007260005733 1.8748529653549195 -7.2861791991217189 17.848948397174961 5.6003767502112467 0.302194600767 8.5183437037467957 -12.113500147774106 -0.79688446804628532 16.57811019508927 -6.8519027372201284
leaf_weight=3534 29 21 22 25 21 27 21 238 34 32 22 27 22 31 177 25 21 61 22 38 25 43 31 61 3566 20 21 59 27 24
leaf_count=3534 29 21 22 25 21 27 21 238 34 32 22 27 22 31 177 25 21 61 22 38 25 43 31 61 3566 20 21 59 27 24
internal_value=2.87798e-09 -0.0320094 0.00178509 -0.0195946 -4.24541 -8.31795 -6.67503 0.0182053 0.38175 -0.378796 -0.257097 4.18209 -0.124342 3.29358 0.444315 -2.14447 -4.42154 -6.90947 0.616117 0.475208 4.12942 -0.425406 10.7177 0.338012 0.248546 -0.379973 -0.508218 3.12703 6.38775 0.134573
internal_weight=8327 8298 8256 8234 73 48 42 8161 4260 3901 3787 102 75 53 4226 263 114 82 3963 3786 137 81 56 3649 3588 3685 3555 130 71 44
internal_count=8327 8298 8256 8234 73 48 42 8161 4260 3901 3787 102 75 53 4226 263 114 82 3963 3786 137 81 56 3649 3588 3685 3555 130 71 44
is_linear=0
shrinkage=0.05


Tree=161
num_leaves=31
num_cat=0
split_feature=8 1 9 9 14 0 13 15 12 4 4 2 4 7 2 7 15 13 8 0 9 21 10 15 9 10 2 14 12 4
split_gain=996702 711955 676810 780779 512766 450184 1.29174e+06 777699 546408 888084 1.10204e+06 1.90588e+06 1.49522e+06 1.62639e+06 837376 912002 1.14101e+06 666462 1.01127e+06 735511 619970 617867 582586 871212 989270 1.53846e+06 1.66614e+06 935872 942896 847170
threshold=20.500000000000004 29.500000000000004 15.500000000000002 18.500000000000004 30.500000000000004 20.500000000000004 55.500000000000007 11.500000000000002 2.5000000000000004 15.500000000000002 10.500000000000002 1.0000000180025095e-35 8.5000000000000018 14.500000000000002 2.5000000000000004 7.5000000000000009 10.500000000000002 21.500000000000004 8.5000000000000018 10.500000000000002 7.5000000000000009 3.5000000000000004 7.5000000000000009 3.5000000000000004 11.500000000000002 4.5000000000000009 1.0000000180025095e-35 19.500000000000004 3.5000000000000004 1.5000000000000002
decision_type=2 2 2 2 2 2 2 2 2 2 2 2 2 2 2 2 2 2 2 2 2 2 2 2 2 2 2 2 2 2
left_child=1 4 -3 -4 5 6 8 -8 14 10 12 -12 13 22 21 16 17 -16 20 -20 -19 -1 23 -10 29 -26 -27 28 -28 -25
right_child=-2 2 3 -5 -6 -7 7 -9 9 -11 11 -13 -14 -15 15 -17 -18 18 19 -21 -22 -23 -24 24 25 26 27 -29 -30 -31
leaf_value=0.065038940241794227 10.394131735096808 2.5184654054187594 -14.180940312605637 -1.6746973137060803 7.0248193190648012 -5.7494897134163807 2.6690315741759081 15.783566322326662 0.6605599101218913 9.0985242304594625 4.1712575466736501 -13.891932692527773 10.138472748920321 -12.943937803197791 -2.2827314829826357 10.639804660252162 -8.333297046025594 15.969091307598612 4.383529311732242 -7.4624732112884518 5.8392499165101484 6.5478495694495535 0.31203323138007499 -4.0091865139348171 13.021884302298227 -9.0896835420189834 13.01727151632309 -3.8779845722260013 0.13783722806859899 0.20826638503508135
leaf_weight=5535 23 21 26 24 26 34 26 20 378 23 23 40 32 27 40 35 24 23 38 20 44 37 976 525 24 41 30 31 27 154
leaf_count=5535 23 21 26 24 26 34 26 20 378 23 23 40 32 27 40 35 24 23 38 20 44 37 976 525 24 41 30 31 27 154
internal_value=-1.29851e-10 -0.0287891 -5.01422 -8.17794 0.0142043 -0.00800547 0.0158793 8.371 -0.0314119 -0.677894 -0.775319 -7.29743 -0.592293 -0.74746 0.228586 3.22601 1.85308 3.33474 5.13233 0.298701 9.31666 0.108087 -0.596818 -1.32991 -2.23423 1.39785 -0.764766 3.11389 6.91649 -3.05265
internal_weight=8327 8304 71 50 8233 8207 8173 46 8127 2331 2308 63 2245 2213 5796 224 189 165 125 58 67 5572 2186 1210 832 153 129 88 57 679
internal_count=8327 8304 71 50 8233 8207 8173 46 8127 2331 2308 63 2245 2213 5796 224 189 165 125 58 67 5572 2186 1210 832 153 129 88 57 679
is_linear=0
shrinkage=0.05


Tree=162
num_leaves=31
num_cat=0
split_feature=0 11 1 10 10 8 13 11 13 0 14 12 9 2 9 7 15 9 7 3 0 12 13 3 4 12 14 10 15 7
split_gain=1.00368e+06 536477 554701 1.25979e+06 706784 652203 1.4725e+06 975290 968748 845976 600979 507190 916853 1.14727e+06 1.51343e+06 794517 705039 1.9836e+06 2.64964e+06 1.02256e+06 1.14876e+06 786804 693521 2.05518e+06 1.85905e+06 1.55175e+06 1.16867e+06 1.08645e+06 961832 905460
threshold=22.500000000000004 37.500000000000007 30.500000000000004 14.500000000000002 18.500000000000004 16.500000000000004 55.500000000000007 27.500000000000004 46.500000000000007 12.500000000000002 30.500000000000004 2.5000000000000004 18.500000000000004 2.5000000000000004 14.500000000000002 12.500000000000002 10.500000000000002 18.500000000000004 9.5000000000000018 1.0000000180025095e-35 10.500000000000002 3.5000000000000004 33.500000000000007 1.0000000180025095e-35 4.5000000000000009 4.5000000000000009 12.500000000000002 12.500000000000002 2.5000000000000004 11.500000000000002
decision_type=2 2 2 2 2 2 2 2 2 2 2 2 2 2 2 2 2 2 2 2 2 2 2 2 2 2 2 2 2 2
left_child=1 2 4 -4 5 6 10 8 9 -7 11 12 13 15 -15 -1 22 18 19 20 -18 -22 28 26 25 27 -24 -25 -13 -28
right_child=-2 -3 3 -5 -6 7 -8 -9 -10 -11 -12 16 -14 14 -16 -17 17 -19 -20 -21 21 -23 23 24 -26 -27 29 -29 -30 -31
leaf_value=0.089579033443483114 10.917135601951962 -6.3900507002165829 14.057263432849538 -2.8635897289622916 -8.4264256515502947 0.71610578997381813 10.276683917726791 -12.800360381603241 7.077552700042725 -11.974499925225974 8.6553674149513249 2.0000508270862345 -8.6406120497604899 2.4123959695139239 16.00817696944527 8.1167580235388979 2.9392451922098797 11.301989307290032 -20.081179351806639 1.1735065563656819 -16.606110844245325 -5.433402481079102 -1.8893419077763192 0.47398733731726522 -11.485568252669442 -6.4599950660171137 4.2424617251524559 11.415883595855149 -1.5512617423004409 15.282791905403139
leaf_weight=5492 21 33 22 22 25 29 35 24 24 24 20 227 29 186 23 31 24 21 25 87 26 40 78 142 45 74 260 27 1191 20
leaf_count=5492 21 33 22 22 25 29 35 24 24 24 20 227 29 186 23 31 24 21 25 87 26 40 78 142 45 74 260 27 1191 20
internal_value=-1.70477e-09 -0.0276017 -0.00222267 5.59684 -0.0321605 -0.00658074 0.0431914 -3.99969 -1.25662 -5.03058 -0.00120278 -0.0227151 0.227374 0.27224 3.90858 0.134635 -0.652696 -3.32352 -4.844 -2.69185 -6.42837 -9.83477 -0.364132 0.993765 -2.15054 -0.42183 3.52326 2.2221 -0.982751 5.03106
internal_weight=8327 8306 8273 44 8229 8204 8103 101 77 53 8068 8048 5761 5732 209 5523 2287 223 202 177 90 66 2064 646 288 243 358 169 1418 280
internal_count=8327 8306 8273 44 8229 8204 8103 101 77 53 8068 8048 5761 5732 209 5523 2287 223 202 177 90 66 2064 646 288 243 358 169 1418 280
is_linear=0
shrinkage=0.05


Tree=163
num_leaves=31
num_cat=0
split_feature=7 15 1 9 9 10 7 12 11 15 10 8 21 0 3 15 1 14 13 8 11 4 2 13 13 10 4 9 7 4
split_gain=939843 2.01738e+06 563993 888789 638519 511682 775784 1.34495e+06 1.10517e+06 678078 568626 560364 507117 838942 812984 909351 1.13192e+06 1.10686e+06 1.08169e+06 1.08367e+06 940975 1.10312e+06 1.17002e+06 807360 1.28695e+06 1.1992e+06 1.07085e+06 906532 862136 1.72761e+06
threshold=14.500000000000002 8.5000000000000018 29.500000000000004 15.500000000000002 18.500000000000004 14.500000000000002 7.5000000000000009 4.5000000000000009 25.500000000000004 10.500000000000002 15.500000000000002 19.500000000000004 1.5000000000000002 14.500000000000002 4.5000000000000009 9.5000000000000018 14.500000000000002 23.500000000000004 37.500000000000007 10.500000000000002 32.500000000000007 5.5000000000000009 1.0000000180025095e-35 37.500000000000007 33.500000000000007 9.5000000000000018 6.5000000000000009 11.500000000000002 3.5000000000000004 3.5000000000000004
decision_type=2 2 2 2 2 2 2 2 2 2 2 2 2 2 2 2 2 2 2 2 2 2 2 2 2 2 2 2 2 2
left_child=2 -2 5 -4 -5 11 7 9 -8 10 -7 12 13 23 15 17 -17 -14 19 -19 21 22 -18 24 28 27 -25 -26 -1 -30
right_child=1 -3 3 4 -6 6 8 -9 -10 -11 -12 -13 14 -15 -16 16 20 18 -20 -21 -22 -23 -24 26 25 -27 -28 -29 29 -31
leaf_value=0.96394094440518607 -1.2034073083064496 16.777091921292818 3.8209439319113025 -13.523776972293854 -2.442616067139002 -5.8334994163513194 1.0369854370752971 -9.857610884079568 14.031043440500895 8.8897460490465168 4.3766968091328939 -8.0355359814383771 -0.37899792805114152 4.9919030874678239 1.8929154595842368 2.9550270795822144 -9.2472878590436061 18.307477441041367 -0.87699285745620736 2.5976438363393148 5.7574666598981077 -13.716070866584779 -1.624582347635589 -1.1802878225843112 -1.3191916868421769 15.466107669243446 -12.201260140427838 10.713818303743999 -3.1937790034572937 3.5943472370978387
leaf_weight=1464 39 26 23 26 26 25 36 26 30 32 30 22 4845 103 394 68 71 23 36 21 22 32 173 120 45 26 27 24 366 126
leaf_count=1464 39 26 23 26 26 25 36 26 30 32 30 22 4845 103 394 68 71 23 36 21 22 32 173 120 45 26 27 24 366 126
internal_value=-1.77427e-09 5.98879 -0.0471159 -4.36326 -7.9832 -0.00757628 2.63631 0.120685 6.94338 3.1027 -0.264301 -0.0666742 -0.0447214 0.581555 -0.298206 -0.461371 -2.8659 -0.282679 5.55063 10.8096 -4.19416 -4.98741 -3.84266 0.374883 0.631429 6.3146 -3.20455 2.8662 0.355406 -1.45536
internal_weight=8327 65 8262 75 52 8187 179 113 66 87 55 8008 7986 2301 5685 5291 366 4925 80 44 298 276 244 2198 2051 95 147 69 1956 492
internal_count=8327 65 8262 75 52 8187 179 113 66 87 55 8008 7986 2301 5685 5291 366 4925 80 44 298 276 244 2198 2051 95 147 69 1956 492
is_linear=0
shrinkage=0.05


Tree=164
num_leaves=31
num_cat=0
split_feature=8 1 15 13 13 7 15 10 7 5 15 14 4 9 14 22 11 9 7 14 9 3 7 15 14 2 0 8 10 7
split_gain=924620 607969 575678 770294 449405 1.04747e+06 885745 711770 661601 1.25817e+06 679006 628435 609511 586798 544282 538315 1.0925e+06 2.23765e+06 708111 968938 575193 757296 729558 709353 1.1728e+06 919408 866114 824777 1.10036e+06 826526
threshold=20.500000000000004 29.500000000000004 13.500000000000002 52.500000000000007 10.500000000000002 2.5000000000000004 1.5000000000000002 2.5000000000000004 1.5000000000000002 1.0000000180025095e-35 3.5000000000000004 1.5000000000000002 1.0000000180025095e-35 4.5000000000000009 3.5000000000000004 1.0000000180025095e-35 20.500000000000004 9.5000000000000018 4.5000000000000009 7.5000000000000009 3.5000000000000004 7.0000000000000009 7.5000000000000009 3.5000000000000004 4.5000000000000009 1.0000000180025095e-35 5.5000000000000009 9.5000000000000018 4.5000000000000009 4.5000000000000009
decision_type=2 2 2 2 2 2 2 2 2 2 2 2 2 2 2 2 2 2 2 2 2 2 2 2 2 2 2 2 2 2
left_child=1 4 3 -3 5 14 11 -7 9 13 -11 -6 -9 -8 -1 20 17 18 19 -17 21 22 -10 26 25 -25 -22 29 -29 -28
right_child=-2 2 -4 -5 6 7 8 12 15 10 -12 -13 -14 -15 -16 16 -18 -19 -20 -21 23 -23 -24 24 -26 -27 27 28 -30 -31
leaf_value=-3.6621637857527958 10.011224350721941 -0.56919249580020004 1.8693882320238195 -13.337320857136341 -6.1339708918874916 -12.12855585271662 -0.75061124599631579 -9.1195374862007466 -2.0363252018981557 11.109728855746134 0.098319835747991302 2.5054197429386744 1.48359200593197 -3.9179787502772569 0.35976420740286508 7.6860874748229975 13.231246834215909 -13.805667183846237 11.873660267114639 -5.7926329592863723 2.8141842813877167 7.344936347007752 7.4478083110990987 -1.3964610894521079 0.031412770196551074 -13.35920037236707 0.56933662391997675 13.637102691650391 0.60492083637610738 -3.7452246618019793
leaf_weight=105 23 21 23 27 22 33 311 23 589 28 28 487 33 276 423 30 23 20 25 24 529 24 21 36 4451 29 444 25 46 148
leaf_count=105 23 21 23 27 22 33 311 23 589 28 28 487 33 276 423 30 23 20 25 24 529 24 21 36 4451 29 444 25 46 148
internal_value=1.09392e-08 -0.0277286 -4.63472 -7.75126 0.0120013 -1.28587 0.117146 -6.30374 -0.0271571 -1.55673 5.60402 2.13201 -2.87126 -2.23987 -0.440051 0.124996 3.41481 1.13422 4.91647 1.69555 0.0617101 -1.36706 -1.70982 0.220406 -0.0659591 -6.73368 1.30533 0.101427 5.19372 -0.509304
internal_weight=8327 8304 71 48 8233 617 7616 89 7107 643 56 509 56 587 528 6464 122 99 79 54 6342 634 610 5708 4516 65 1192 663 71 592
internal_count=8327 8304 71 48 8233 617 7616 89 7107 643 56 509 56 587 528 6464 122 99 79 54 6342 634 610 5708 4516 65 1192 663 71 592
is_linear=0
shrinkage=0.05


Tree=165
num_leaves=31
num_cat=0
split_feature=1 13 14 12 13 14 9 2 8 1 13 14 5 7 1 0 15 9 8 2 13 7 4 7 0 10 4 0 9 13
split_gain=957938 669414 615066 445429 677102 503228 470198 1.0883e+06 774687 907940 654391 528307 477805 458197 435891 538685 428614 563403 1.57614e+06 1.05645e+06 1.24246e+06 929109 835018 840451 820784 484594 1.37262e+06 921535 731391 612344
threshold=32.500000000000007 59.500000000000007 30.500000000000004 1.0000000180025095e-35 5.5000000000000009 1.5000000000000002 4.5000000000000009 1.5000000000000002 5.5000000000000009 6.5000000000000009 16.500000000000004 6.5000000000000009 1.5000000000000002 2.5000000000000004 8.5000000000000018 2.5000000000000004 16.500000000000004 16.500000000000004 9.5000000000000018 1.5000000000000002 43.500000000000007 15.500000000000002 1.0000000180025095e-35 5.5000000000000009 14.500000000000002 14.500000000000002 2.5000000000000004 14.500000000000002 10.500000000000002 41.500000000000007
decision_type=2 2 2 2 2 2 2 2 2 2 2 2 2 2 2 2 2 2 2 2 2 2 2 2 2 2 2 2 2 2
left_child=1 2 3 4 -1 -5 7 8 9 12 14 -10 13 -6 15 -11 17 21 22 20 -20 25 23 -19 -21 29 27 28 -27 -7
right_child=-2 -3 -4 5 6 16 -8 -9 11 10 -12 -13 -14 -15 -16 -17 -18 18 19 24 -22 -23 -24 -25 -26 26 -28 -29 -30 -31
leaf_value=-8.2819187483191481 10.189997657744781 -7.0296573067412655 6.1094134220262859 -5.5151595744219692 1.4218949209710565 -0.11348958331566797 1.8334258419392757 -8.9383731755343359 9.7504436030983932 -9.4289507494522979 -9.8808017211801875 1.817856833973869 7.7634009361267093 -4.7840431118011475 4.5550118855067661 -0.58571656355086499 -6.0171707460957187 -4.5548353296337707 10.453693628311157 5.9463754341006281 -2.7495374747685024 -8.7063446223735816 -9.3930376396544517 7.4652783063741843 18.329403263589612 -1.9770675081195255 10.710881976286572 -6.887144720894951 8.7183304232935761 -2.2750456061666413
leaf_weight=20 23 34 41 44 198 6176 704 33 32 26 34 61 25 35 21 51 31 33 28 32 49 32 31 26 23 33 39 35 31 346
leaf_count=20 23 34 41 44 198 6176 704 33 32 26 34 61 25 35 21 51 31 33 28 32 49 32 31 26 23 33 39 35 31 346
internal_value=-1.80623e-09 -0.0282237 0.000560869 -0.0298758 0.843462 -0.184825 0.993059 -0.153489 0.44672 -0.531122 -3.90391 4.54735 1.19449 0.489672 -1.8303 -3.57174 -0.151055 -0.124753 2.35333 5.83209 2.05164 -0.206961 -2.74885 0.742164 11.1247 -0.166123 2.76594 -0.363889 3.20352 -0.228163
internal_weight=8327 8304 8270 8229 1240 6989 1220 516 483 390 132 93 258 233 98 77 6945 6914 222 132 77 6692 90 59 55 6660 138 99 64 6522
internal_count=8327 8304 8270 8229 1240 6989 1220 516 483 390 132 93 258 233 98 77 6945 6914 222 132 77 6692 90 59 55 6660 138 99 64 6522
is_linear=0
shrinkage=0.05


Tree=166
num_leaves=31
num_cat=0
split_feature=11 0 13 5 7 4 7 14 9 9 0 8 14 5 10 14 13 14 8 7 4 11 14 13 7 1 0 4 0 13
split_gain=894479 665378 523731 497302 549704 476033 963553 874528 770927 1.25483e+06 1.06488e+06 949694 999648 1.04482e+06 782558 751851 819303 1.6936e+06 1.89221e+06 1.6473e+06 1.37641e+06 1.2651e+06 1.36066e+06 1.06385e+06 2.04332e+06 1.79299e+06 1.6953e+06 1.6921e+06 1.39197e+06 1.44863e+06
threshold=38.500000000000007 20.500000000000004 60.500000000000007 10.500000000000002 15.500000000000002 1.0000000180025095e-35 3.5000000000000004 3.5000000000000004 5.5000000000000009 10.500000000000002 8.5000000000000018 6.5000000000000009 10.500000000000002 1.0000000180025095e-35 2.5000000000000004 28.500000000000004 17.500000000000004 8.5000000000000018 4.5000000000000009 6.5000000000000009 2.5000000000000004 11.500000000000002 11.500000000000002 21.500000000000004 5.5000000000000009 8.5000000000000018 8.5000000000000018 4.5000000000000009 6.5000000000000009 27.500000000000004
decision_type=2 2 2 2 2 2 2 2 2 2 2 2 2 2 2 2 2 2 2 2 2 2 2 2 2 2 2 2 2 2
left_child=1 2 3 4 5 -1 8 -8 11 10 -10 12 13 -7 -15 16 21 18 20 -20 -18 22 -9 25 27 -19 -27 -25 -26 -30
right_child=-2 -3 -4 -5 -6 6 7 15 9 -11 -12 -13 -14 14 -16 -17 17 23 19 -21 -22 -23 -24 24 28 26 -28 -29 29 -31
leaf_value=-0.23924827859686326 8.765941682355157 -6.3080053261348183 7.3767116069793701 7.6643029644375762 -6.3843058305628162 -1.3700520596973638 -8.2497037619352351 2.6888418390080822 3.4813313957303764 -3.9747928584494243 10.803778709383572 7.5405519138682982 -8.6779664486646659 -1.5145146922341415 8.7230088118995948 7.9399184767405195 -6.3578570556640628 9.5058179044723516 -5.5837682847053784 -20.195520084244865 8.6655360437208611 10.79823057293892 -10.11616124312083 6.3374903817882462 -9.4021368463171857 -2.6811412097656566 -16.63733897055349 -1.9889681757915589 4.6915488742610334 -1.5507231830973673
leaf_weight=6056 29 42 24 21 34 193 32 153 184 41 68 44 32 28 56 30 30 20 62 28 31 40 24 223 45 73 31 84 117 452
leaf_count=6056 29 42 24 21 34 193 32 153 184 41 68 44 32 28 56 30 30 20 62 28 31 40 24 223 45 73 31 84 117 452
internal_value=1.95902e-09 -0.0306354 0.00129893 -0.0202037 -0.0398572 -0.013477 0.631158 -0.0741155 2.2415 4.13739 5.45723 0.667851 -0.310786 0.65582 5.3105 0.107187 -0.0591135 -0.571958 -5.52167 -10.1296 1.27698 2.76744 0.95257 0.143264 0.728638 -4.20455 -6.84116 4.05924 -0.936664 -0.267163
internal_weight=8327 8298 8256 8232 8211 8177 2121 1475 646 293 252 353 309 277 84 1443 1413 1196 151 90 61 217 177 1045 921 124 104 307 614 569
internal_count=8327 8298 8256 8232 8211 8177 2121 1475 646 293 252 353 309 277 84 1443 1413 1196 151 90 61 217 177 1045 921 124 104 307 614 569
is_linear=0
shrinkage=0.05


Tree=167
num_leaves=31
num_cat=0
split_feature=7 3 5 1 9 9 8 4 16 13 13 1 9 4 7 0 3 8 11 4 4 9 9 4 11 10 8 8 14 9
split_gain=949450 1.88757e+06 5.10356e+06 523735 816812 564442 452236 428359 1.05844e+06 891015 1.55876e+06 1.20362e+06 1.15473e+06 1.19823e+06 1.10902e+06 1.16453e+06 1.03598e+06 1.01332e+06 1.26628e+06 1.01002e+06 877425 1.15807e+06 1.29871e+06 1.27591e+06 1.87556e+06 1.12482e+06 949060 1.69553e+06 1.73566e+06 1.53454e+06
threshold=14.500000000000002 1.0000000180025095e-35 1.5000000000000002 29.500000000000004 15.500000000000002 18.500000000000004 19.500000000000004 1.5000000000000002 1.0000000180025095e-35 17.500000000000004 14.500000000000002 8.5000000000000018 5.5000000000000009 4.5000000000000009 5.5000000000000009 11.500000000000002 1.0000000180025095e-35 4.5000000000000009 11.500000000000002 6.5000000000000009 10.500000000000002 14.500000000000002 15.500000000000002 7.5000000000000009 18.500000000000004 9.5000000000000018 9.5000000000000018 4.5000000000000009 9.5000000000000018 11.500000000000002
decision_type=2 2 2 2 2 2 2 2 2 2 2 2 2 2 2 2 2 2 2 2 2 2 2 2 2 2 2 2 2 2
left_child=3 2 -2 6 -5 -6 7 8 -1 10 11 16 13 -11 15 -14 -9 -12 -19 -15 21 23 -23 26 -25 -22 27 -16 -29 -28
right_child=1 -3 -4 4 5 -7 -8 9 -10 12 17 -13 14 19 20 -17 -18 18 -20 -21 25 22 -24 24 -26 -27 29 28 -30 -31
leaf_value=-0.12021447321529868 30.604696531295776 -5.4946642917135486 -4.2936654220927846 3.6392098634139352 -12.886151220936043 -2.4675885640657866 -6.7238278884887697 0.22478267984875178 -9.5331877549489334 -0.43807283763885502 2.8912637285244323 -9.0843739064534503 1.378760639043128 -14.144712287501285 3.7261015978015837 7.966464910699532 10.575185064758573 6.6888198964736034 21.040425473993476 -2.3721590546199254 -11.42530350446701 16.28349135138772 1.2873162598836991 15.928890054157149 -4.1614731870946429 0.15967047431252221 6.8812529121384474 -16.892783794403076 -3.7740265719121013 -5.1734736876054246
leaf_weight=6600 20 23 22 23 26 26 25 177 30 125 81 30 305 38 61 86 28 51 22 35 40 22 42 26 21 44 66 30 158 44
leaf_count=6600 20 23 22 23 26 26 25 177 30 125 81 30 305 38 61 86 28 51 22 35 40 22 42 26 21 44 66 30 158 44
internal_value=2.38133e-09 6.01932 12.3246 -0.0473561 -4.20661 -7.67687 -0.00925377 0.0113128 -0.162807 0.764847 2.8318 0.269619 0.0613948 -3.41052 0.788844 2.82772 1.6385 6.74163 11.014 -8.50034 -0.650144 0.191078 6.44225 -0.794329 6.95234 -5.35698 -1.80852 -3.51722 -5.86745 2.05936
internal_weight=8327 65 42 8262 75 52 8187 8162 6630 1532 389 235 1143 198 945 391 205 154 73 73 554 470 64 406 47 84 359 249 188 110
internal_count=8327 65 42 8262 75 52 8187 8162 6630 1532 389 235 1143 198 945 391 205 154 73 73 554 470 64 406 47 84 359 249 188 110
is_linear=0
shrinkage=0.05


Tree=168
num_leaves=31
num_cat=0
split_feature=0 11 1 10 10 8 13 14 14 1 2 14 13 14 14 10 4 4 13 0 15 3 8 0 14 13 0 8 8 3
split_gain=907718 506817 519382 1.05999e+06 644042 565493 1.1923e+06 864637 412933 462526 1.50354e+06 1.45254e+06 1.92144e+06 1.18422e+06 2.14748e+06 1.29739e+06 880284 662778 659322 765628 708751 1.17793e+06 1.40046e+06 1.65792e+06 1.16363e+06 2.33374e+06 1.8013e+06 986918 1.98335e+06 1.91288e+06
threshold=22.500000000000004 37.500000000000007 30.500000000000004 14.500000000000002 18.500000000000004 17.500000000000004 55.500000000000007 18.500000000000004 30.500000000000004 23.500000000000004 1.5000000000000002 24.500000000000004 50.500000000000007 23.500000000000004 20.500000000000004 11.500000000000002 18.500000000000004 1.0000000180025095e-35 47.500000000000007 13.500000000000002 10.500000000000002 1.0000000180025095e-35 9.5000000000000018 9.5000000000000018 20.500000000000004 28.500000000000004 11.500000000000002 9.5000000000000018 13.500000000000002 1.0000000180025095e-35
decision_type=2 2 2 2 2 2 2 2 2 2 2 2 2 2 2 2 2 2 2 2 2 2 2 2 2 2 2 2 2 2
left_child=1 2 4 -4 5 6 8 -7 9 16 13 12 -12 14 -11 17 18 -15 20 -20 24 22 23 -22 -1 26 -26 29 -29 -27
right_child=-2 -3 3 -5 -6 7 -8 -9 -10 10 11 -13 -14 15 -16 -17 -18 -19 19 -21 21 -23 -24 -25 25 27 -28 28 -30 -31
leaf_value=-0.074605725913326038 10.382153483799527 -6.2103187907825825 13.176899719238282 -2.3443051511591135 -8.043574943542481 3.8257028852190289 8.9866841934822705 -8.4186463812123176 6.9928633689880373 2.6203658842649618 7.7600320529937754 -19.5617665608724 -13.653189724141903 4.4911859273910526 -11.969542454170107 11.382681204143324 8.3156917914748192 -7.9542252349853513 11.042615671815545 0.57819884040138936 -1.4298537962777276 0.69897137874029058 0.52077195467772308 -15.618540175914767 5.323660463756986 3.2188220807484225 20.965971605594344 6.4995960238003976 -7.3478627477373397 -12.263723340787386
leaf_weight=7142 21 33 22 22 25 21 37 46 21 61 20 21 22 23 43 38 32 20 29 44 35 142 54 50 63 42 26 99 35 38
leaf_count=7142 21 33 22 22 25 21 37 46 21 61 20 21 22 23 43 38 32 20 29 44 35 142 54 50 63 42 26 99 35 38
internal_value=7.87156e-11 -0.0262491 -0.00158162 5.4163 -0.0305507 -0.00613267 0.0315356 -4.58087 -0.00937059 -0.0275717 -2.15347 -8.82487 -3.45642 0.118414 -3.412 4.65129 0.0397533 -1.29738 0.00579638 4.7353 -0.0388908 -2.5039 -5.7759 -9.77614 0.0541472 3.08898 9.89332 0.25913 2.88272 -4.13539
internal_weight=8327 8306 8273 44 8229 8204 8137 67 8100 8079 248 63 42 185 104 81 7831 43 7799 73 7726 281 139 85 7445 303 89 214 134 80
internal_count=8327 8306 8273 44 8229 8204 8137 67 8100 8079 248 63 42 185 104 81 7831 43 7799 73 7726 281 139 85 7445 303 89 214 134 80
is_linear=0
shrinkage=0.05


Tree=169
num_leaves=31
num_cat=0
split_feature=7 8 1 9 9 10 7 12 11 15 10 8 21 0 5 7 8 13 13 10 9 4 1 4 7 5 4 3 12 10
split_gain=876709 1.77056e+06 502973 727310 504990 431418 682441 1.2335e+06 949588 575510 522547 491842 471827 777429 754020 930358 760297 720185 1.18084e+06 1.09879e+06 1.42457e+06 933144 817028 1.12433e+06 838221 1.80875e+06 1.54409e+06 1.07158e+06 1.99792e+06 3.30753e+06
threshold=14.500000000000002 9.5000000000000018 29.500000000000004 15.500000000000002 18.500000000000004 14.500000000000002 7.5000000000000009 4.5000000000000009 25.500000000000004 10.500000000000002 15.500000000000002 19.500000000000004 1.5000000000000002 14.500000000000002 2.5000000000000004 5.5000000000000009 10.500000000000002 37.500000000000007 33.500000000000007 8.5000000000000018 11.500000000000002 6.5000000000000009 16.500000000000004 1.5000000000000002 3.5000000000000004 3.5000000000000004 3.5000000000000004 1.0000000180025095e-35 1.5000000000000002 5.5000000000000009
decision_type=2 2 2 2 2 2 2 2 2 2 2 2 2 2 2 2 2 2 2 2 2 2 2 2 2 2 2 2 2 2
left_child=2 -2 5 -4 -5 11 7 9 -8 10 -7 12 13 17 15 -15 -17 18 22 20 -20 -19 24 -24 25 -1 -26 28 -28 -30
right_child=1 -3 3 4 -6 6 8 -9 -10 -11 -12 -13 -14 14 -16 16 -18 21 19 -21 -22 -23 23 -25 26 -27 27 -29 29 -31
leaf_value=0.86999493226225799 -0.95373618663885651 15.890974308894233 3.2820166712221894 -12.32341415331914 -2.4687961761768049 -5.5248232650756837 0.98427806761529713 -9.4958521586198081 13.029025737444559 8.2472970575094227 4.2629381942749021 -7.5281956797296345 -0.28637096523373612 9.5745742929392854 12.569403388102849 -8.3627554852029551 4.0081295260676635 -1.1277585153530043 -4.608027708871024 12.635271217948514 11.628901169516825 -11.415749588719121 -7.6572561876208924 4.5927020705663244 -3.0772297263145449 12.071893162340732 -1.970189564568656 -5.9970393149749093 -0.037524165749549865 25.682237373352052
leaf_weight=1383 39 26 23 26 26 25 36 26 30 32 30 22 5685 29 24 23 27 120 35 38 22 27 67 26 328 37 42 23 25 25
leaf_count=1383 39 26 23 26 26 25 36 26 30 32 30 22 5685 29 24 23 27 120 35 38 22 27 67 26 328 37 42 23 25 25
internal_value=1.07722e-08 5.78415 -0.0455059 -4.12148 -7.39611 -0.00816642 2.41952 0.0600789 6.45916 2.91587 -0.186044 -0.0624316 -0.0418647 0.562228 4.80781 2.44986 -1.68248 0.363277 0.605577 6.04942 1.65886 -3.01739 0.341178 -4.23254 0.569495 1.16188 -1.32933 3.65598 6.06924 12.8224
internal_weight=8327 65 8262 75 52 8187 179 113 66 87 55 8008 7986 2301 103 79 50 2198 2051 95 57 147 1956 93 1863 1420 443 115 92 50
internal_count=8327 65 8262 75 52 8187 179 113 66 87 55 8008 7986 2301 103 79 50 2198 2051 95 57 147 1956 93 1863 1420 443 115 92 50
is_linear=0
shrinkage=0.05


Tree=170
num_leaves=31
num_cat=0
split_feature=14 7 4 4 9 0 0 13 7 15 14 7 5 22 1 11 8 0 17 4 10 7 14 0 0 14 4 13 1 2
split_gain=864890 554003 503553 521970 492844 771860 1.44482e+06 427699 1.38046e+06 629919 667182 607196 819981 563142 949855 1.23277e+06 1.01932e+06 828255 608881 876628 1.30285e+06 1.11026e+06 1.12973e+06 973897 1.32942e+06 849565 898946 1.44992e+06 814757 1.01181e+06
threshold=33.500000000000007 18.500000000000004 20.500000000000004 15.500000000000002 19.500000000000004 14.500000000000002 17.500000000000004 9.5000000000000018 1.5000000000000002 1.5000000000000002 1.5000000000000002 1.5000000000000002 1.5000000000000002 1.0000000180025095e-35 10.500000000000002 20.500000000000004 7.5000000000000009 6.5000000000000009 1.0000000180025095e-35 5.5000000000000009 16.500000000000004 6.5000000000000009 21.500000000000004 13.500000000000002 9.5000000000000018 3.5000000000000004 1.5000000000000002 25.500000000000004 16.500000000000004 1.0000000180025095e-35
decision_type=2 2 2 2 2 2 2 2 2 2 2 2 2 2 2 2 2 2 2 2 2 2 2 2 2 2 2 2 2 2
left_child=1 2 3 4 7 -6 -7 8 -1 10 -9 12 -11 18 17 16 -16 -15 19 20 21 25 23 24 -23 -13 28 -28 -27 -30
right_child=-2 -3 -4 -5 5 6 -8 9 -10 11 -12 13 -14 14 15 -17 -18 -19 -20 -21 -22 22 -24 -25 -26 26 27 -29 29 -31
leaf_value=0.57466608856084223 10.385164232254029 7.8988930442116487 -6.9934602480668291 6.6720512127054157 1.6818040132522585 -18.297859412133693 0.47993341953981494 -6.4833136777083089 -5.4668853977023542 -1.8007626003831563 2.0351468987708148 -8.1814419133322573 6.513882074817535 2.9336561264530308 2.0093631009260817 9.5036829199109771 -12.890668762813915 15.305857745806376 -0.20633144081206856 -3.5270622018686275 13.763773745582217 2.084473198495413 -11.487324542383995 6.6220909357070923 -12.273795163631441 2.2552200158669131 2.4317176356460113 15.688714383443196 -6.4527764717737846 1.3648024135881718
leaf_weight=265 20 22 26 29 32 20 21 24 147 682 544 21 31 31 24 21 22 24 5116 97 21 38 31 32 28 685 66 30 66 111
leaf_count=265 20 22 26 29 32 20 21 24 147 682 544 21 31 31 24 21 22 24 5116 97 21 38 31 32 28 685 66 30 66 111
internal_value=4.02595e-09 -0.0250034 -0.0460445 -0.0241735 -0.0477689 -4.13782 -8.67997 -0.0111656 -1.58094 0.0723393 1.67521 -0.0545147 -1.43926 0.0982267 3.46304 -0.534219 -5.11674 8.33244 0.0334983 1.03429 1.42618 1.19235 -3.16788 -0.536218 -4.00691 1.76688 1.98496 6.57453 1.47382 -1.55023
internal_weight=8327 8307 8285 8259 8230 73 41 8157 412 7745 568 7177 713 6464 122 67 46 55 6342 1226 1129 1108 129 98 66 979 958 96 862 177
internal_count=8327 8307 8285 8259 8230 73 41 8157 412 7745 568 7177 713 6464 122 67 46 55 6342 1226 1129 1108 129 98 66 979 958 96 862 177
is_linear=0
shrinkage=0.05


Tree=171
num_leaves=31
num_cat=0
split_feature=9 2 0 9 11 1 8 13 14 13 4 7 4 7 7 21 4 0 14 0 9 10 1 7 11 7 13 2 12 3
split_gain=903404 2.66153e+06 586960 3.08768e+06 582501 904228 878929 801943 790700 859298 575320 774984 540424 1.95447e+06 1.04192e+06 1.04296e+06 749893 1.2286e+06 1.30338e+06 721923 594130 1.26723e+06 1.01669e+06 1.47421e+06 1.2613e+06 1.11678e+06 974001 939966 838546 1.16664e+06
threshold=20.500000000000004 1.5000000000000002 19.500000000000004 14.500000000000002 34.500000000000007 29.500000000000004 10.500000000000002 57.500000000000007 28.500000000000004 39.500000000000007 18.500000000000004 15.500000000000002 10.500000000000002 8.5000000000000018 3.5000000000000004 1.5000000000000002 7.5000000000000009 13.500000000000002 9.5000000000000018 10.500000000000002 13.500000000000002 4.5000000000000009 24.500000000000004 13.500000000000002 29.500000000000004 10.500000000000002 47.500000000000007 1.5000000000000002 2.5000000000000004 4.5000000000000009
decision_type=2 2 2 2 2 2 2 2 2 2 2 2 2 2 2 2 2 2 2 2 2 2 2 2 2 2 2 2 2 2
left_child=2 -2 4 -4 7 6 -6 8 10 -10 11 12 16 14 -14 -16 20 18 -18 -17 22 -22 23 24 25 -1 -24 -27 -23 -30
right_child=1 -3 3 -5 5 -7 -8 -9 9 -11 -12 -13 13 -15 15 19 17 -19 -20 -21 21 28 26 -25 -26 27 -28 -29 29 -31
leaf_value=-0.11217921080820784 -4.4139297505840664 17.587779094554758 6.879379819234213 -15.128372416075539 -8.1454816909063421 -13.571916046142579 6.0026681112206504 9.1583754221598319 13.329719045887822 0.88864540645054424 6.2699346913231748 -7.9553779048304412 1.5857246344430107 9.9555089950561531 -0.96810417175292973 -18.748281581585225 -1.7639693622787793 -6.3701790499687192 12.609785422034886 -7.3651415832837435 10.307081467066055 3.3317096852894985 -0.50858255369322636 11.791365410731389 8.6086597884573592 -8.5193655766231924 -13.948013607355264 2.2983479670115883 -2.5463338909517743 6.7813120049983269
leaf_weight=7057 28 27 30 34 21 20 23 24 23 35 36 31 35 24 29 26 24 20 46 30 39 198 28 26 41 71 26 28 207 40
leaf_count=7057 28 27 30 34 21 20 23 24 23 35 36 31 35 24 29 26 24 20 46 30 39 198 28 26 41 71 26 28 207 40
internal_value=6.17263e-09 6.38691 -0.0424661 -4.81224 -0.00527494 -4.75675 -0.749858 0.0320648 0.00509044 5.82217 -0.0367591 -0.0650473 -0.0344531 -3.06981 -5.67487 -8.66452 0.0212201 4.55901 7.68164 -12.6502 -0.0314021 1.66491 -0.144225 -0.0931247 -0.136059 -0.186161 -6.97942 -5.45981 0.907505 -1.03578
internal_weight=8327 55 8272 64 8208 64 44 8144 8120 58 8062 8026 7995 144 120 85 7851 90 70 56 7761 484 7277 7223 7197 7156 54 99 445 247
internal_count=8327 55 8272 64 8208 64 44 8144 8120 58 8062 8026 7995 144 120 85 7851 90 70 56 7761 484 7277 7223 7197 7156 54 99 445 247
is_linear=0
shrinkage=0.05


Tree=172
num_leaves=31
num_cat=0
split_feature=11 0 7 11 8 0 13 13 14 14 21 10 15 3 14 14 8 10 0 14 7 4 5 14 2 13 1 11 7 15
split_gain=874813 599542 467844 430674 419759 718399 450934 391659 499348 583725 473715 670074 615652 590591 1.00072e+06 2.11537e+06 841742 855821 966329 1.35744e+06 1.05614e+06 1.74152e+06 1.44595e+06 1.40119e+06 1.14779e+06 965295 1.40034e+06 788830 715270 668293
threshold=38.500000000000007 20.500000000000004 17.500000000000004 26.500000000000004 17.500000000000004 12.500000000000002 48.500000000000007 7.5000000000000009 3.5000000000000004 7.5000000000000009 1.5000000000000002 1.5000000000000002 16.500000000000004 7.0000000000000009 20.500000000000004 15.500000000000002 11.500000000000002 13.500000000000002 13.500000000000002 17.500000000000004 3.5000000000000004 1.5000000000000002 3.5000000000000004 7.5000000000000009 1.0000000180025095e-35 20.500000000000004 10.500000000000002 14.500000000000002 1.0000000180025095e-35 4.5000000000000009
decision_type=2 2 2 2 2 2 2 2 2 2 2 2 2 2 2 2 2 2 2 2 2 2 2 2 2 2 2 2 2 2
left_child=1 2 4 -3 7 -6 -7 8 -1 -10 13 -12 -13 16 15 27 17 18 20 -20 22 23 28 24 -22 -25 -27 -15 -9 -28
right_child=-2 3 -4 -5 5 6 -8 10 9 -11 11 12 -14 14 -16 -17 -18 -19 19 -21 21 -23 -24 25 -26 26 29 -29 -30 -31
leaf_value=-8.4743955340878721 8.6690432096349781 -11.052156230381557 7.2816664522344414 -0.92588544573102682 3.0788591461181642 -12.868857574462892 -3.0997302373250326 -1.6122096160602142 1.4614080379406611 -6.5691445545716718 -2.7085866497569828 -0.035018937124704691 -8.8234772300720206 -5.5497992292046554 5.4288639068603519 -17.795482971191408 4.6747344483269586 -7.0432402723365364 12.626145806312563 -0.48320993643540605 -4.3434692573547364 1.5500111883878709 10.993099563186234 -9.3536271875554871 -21.282957937717441 10.726973906430331 2.8519217473704641 6.3039031661078333 1.4891061474097649 -4.4971837762802371
leaf_weight=29 29 21 22 21 25 21 27 223 72 33 251 5486 20 32 27 25 135 36 40 39 20 260 37 44 20 22 41 25 1118 126
leaf_count=29 29 21 22 21 25 21 27 223 72 33 251 5486 20 32 27 25 135 36 40 39 20 260 37 44 20 22 41 25 1118 126
internal_value=1.09922e-08 -0.0302967 1.65593e-05 -5.98902 -0.0194389 -3.79407 -7.37372 0.0143251 -2.66655 -1.06248 0.0590788 -0.182115 -0.0669421 0.670777 -2.92022 -5.66931 0.851905 0.597176 0.735395 6.15444 0.511373 -1.37863 1.24241 -4.16781 -12.8132 -2.68362 -1.13081 -0.350807 0.973377 -2.69291
internal_weight=8327 8298 8256 42 8234 73 48 8161 134 105 8027 5757 5506 2270 109 82 2161 2026 1990 79 1911 533 1378 273 40 233 189 57 1341 167
internal_count=8327 8298 8256 42 8234 73 48 8161 134 105 8027 5757 5506 2270 109 82 2161 2026 1990 79 1911 533 1378 273 40 233 189 57 1341 167
is_linear=0
shrinkage=0.05


Tree=173
num_leaves=31
num_cat=0
split_feature=8 1 15 13 11 15 8 7 10 14 13 14 17 21 7 5 9 7 11 8 12 7 17 15 8 1 0 14 15 5
split_gain=841890 516875 523338 591295 369074 537675 665450 681146 573739 529514 513830 413203 411252 644380 731472 611347 1.16991e+06 1.1335e+06 1.4522e+06 1.92347e+06 540986 1.69833e+06 1.01641e+06 881207 712185 1.09381e+06 1.07534e+06 602835 1.04605e+06 832061
threshold=20.500000000000004 29.500000000000004 13.500000000000002 52.500000000000007 3.5000000000000004 1.5000000000000002 4.5000000000000009 2.5000000000000004 4.5000000000000009 4.5000000000000009 6.5000000000000009 1.5000000000000002 2.5000000000000004 3.5000000000000004 4.5000000000000009 5.5000000000000009 12.500000000000002 4.5000000000000009 14.500000000000002 7.5000000000000009 1.5000000000000002 10.500000000000002 1.5000000000000002 6.5000000000000009 13.500000000000002 16.500000000000004 14.500000000000002 17.500000000000004 7.5000000000000009 1.5000000000000002
decision_type=2 2 2 2 2 2 2 2 2 2 2 2 2 2 2 2 2 2 2 2 2 2 2 2 2 2 2 2 2 2
left_child=1 4 3 -3 10 6 7 11 -9 -8 -1 -6 13 15 -15 20 17 -17 -19 -20 21 24 -22 -24 26 -26 27 29 -29 -7
right_child=-2 2 -4 -5 5 12 9 8 -10 -11 -12 -13 -14 14 -16 16 -18 18 19 -21 22 -23 23 -25 25 -27 -28 28 -30 -31
leaf_value=-8.6458473788367378 9.5528512208358105 -0.95329467228480758 1.9270734786987305 -12.139978377024335 -5.4668536822001137 -0.24828941588346043 -3.101554358005524 -0.98994232807586435 -9.7406800398459819 4.8237008986445531 -1.0945368001566214 1.7529442362571981 -4.9399240621300633 -1.7824587668142013 7.8867233105425569 8.0396698616646436 12.331164026260376 8.8307071447372447 -14.765747684612871 4.4396536415273493 -0.61446434046469156 12.606033025469099 0.39718496799468994 14.422088350568499 14.19385502079259 0.075795851034276635 -9.4507419454640367 6.5219623597300789 -1.0818179261116754 2.5980549860276749
leaf_weight=27 23 21 23 27 21 2511 24 67 26 173 136 352 43 31 53 37 28 20 32 22 4003 28 24 21 23 34 29 98 84 286
leaf_count=27 23 21 23 27 21 2511 24 67 26 173 136 352 43 31 53 37 28 20 32 22 4003 28 24 21 23 34 29 98 84 286
internal_value=-9.88307e-10 -0.026459 -4.27431 -7.2458 0.0101737 0.0577516 1.42189 0.39195 -3.43639 3.85819 -2.34537 1.34647 -0.0643521 -0.0358826 4.31833 -0.0861236 3.19801 0.894148 -2.67861 -6.94132 -0.150049 0.347818 -0.530461 6.94214 0.235835 5.77256 0.130917 0.224192 3.01253 0.0427562
internal_weight=8327 8304 71 48 8233 8070 663 466 93 197 163 373 7407 7364 84 7280 139 111 74 54 7141 3093 4048 45 3065 57 3008 2979 182 2797
internal_count=8327 8304 71 48 8233 8070 663 466 93 197 163 373 7407 7364 84 7280 139 111 74 54 7141 3093 4048 45 3065 57 3008 2979 182 2797
is_linear=0
shrinkage=0.05


Tree=174
num_leaves=31
num_cat=0
split_feature=0 11 1 10 10 7 10 7 12 8 14 13 20 8 12 21 4 7 17 4 12 4 10 13 14 14 14 13 12 7
split_gain=835168 450335 495309 941993 608267 509760 773626 1.60043e+06 702875 443823 819125 567390 545037 421350 733184 368646 676162 1.748e+06 1.21217e+06 1.51988e+06 1.27133e+06 889851 1.0612e+06 752922 712680 998713 874189 872779 656308 626528
threshold=22.500000000000004 37.500000000000007 30.500000000000004 14.500000000000002 18.500000000000004 15.500000000000002 14.500000000000002 9.5000000000000018 4.5000000000000009 17.500000000000004 20.500000000000004 55.500000000000007 1.0000000180025095e-35 10.500000000000002 2.5000000000000004 1.5000000000000002 3.5000000000000004 6.5000000000000009 1.0000000180025095e-35 5.5000000000000009 3.5000000000000004 7.5000000000000009 7.5000000000000009 14.500000000000002 8.5000000000000018 15.500000000000002 20.500000000000004 28.500000000000004 2.5000000000000004 1.0000000180025095e-35
decision_type=2 2 2 2 2 2 2 2 2 2 2 2 2 2 2 2 2 2 2 2 2 2 2 2 2 2 2 2 2 2
left_child=1 2 4 -4 5 6 9 8 13 11 -11 12 15 -8 -15 16 17 29 19 -18 21 22 23 -20 -19 27 -27 -26 -21 -1
right_child=-2 -3 3 -5 -6 -7 7 -9 -10 10 -12 -13 -14 14 -16 -17 18 24 20 28 -22 -23 -24 -25 25 26 -28 -29 -30 -31
leaf_value=-1.6619287846652608 9.9586147671654128 -5.8544779141743986 12.604802175001666 -2.0269915797493674 -7.8175080718994145 -5.7841595599525855 -0.048946817398071295 16.011263704299928 -5.7492778928191584 3.2407729739234563 -9.3188685178756714 7.088684262548175 -6.0152075792613786 0.74560562002247777 12.195187392058196 -0.22927941914621677 8.0726255335458905 -13.782362520127069 -1.0548871449061803 -0.14870255466050178 17.776910327729723 12.201422218176035 -6.4513783428404068 11.674206116852853 -5.8380100641250614 -13.663434889822296 -1.1219913641611734 6.8114730278650928 -8.1208443085352595 0.97631563557212631
leaf_weight=262 21 33 22 22 25 38 50 22 27 21 34 28 38 29 27 5629 41 21 21 67 21 26 27 26 25 33 24 30 42 1595
leaf_count=262 21 33 22 22 25 38 50 22 27 21 34 28 38 29 27 5629 41 21 21 67 21 26 27 26 25 33 24 30 42 1595
internal_value=-1.04159e-08 -0.0251783 -0.00192593 5.28891 -0.0302157 -0.00648554 0.0204005 3.51911 1.45274 -0.047294 -4.52337 -0.0163508 -0.0414442 3.28722 6.26594 -0.0126732 0.526591 0.207508 2.86967 -0.133739 6.59291 4.24426 1.44851 5.98674 -5.32975 -3.74489 -8.38283 1.06171 -3.22054 0.604092
internal_weight=8327 8306 8273 44 8229 8204 8166 155 133 8011 55 7956 7928 106 56 7890 2261 1990 271 150 121 100 74 47 133 112 57 55 109 1857
internal_count=8327 8306 8273 44 8229 8204 8166 155 133 8011 55 7956 7928 106 56 7890 2261 1990 271 150 121 100 74 47 133 112 57 55 109 1857
is_linear=0
shrinkage=0.05


Tree=175
num_leaves=31
num_cat=0
split_feature=11 0 7 12 12 3 1 9 0 14 13 13 15 15 9 20 10 14 15 3 2 7 4 9 7 12 12 4 7 10
split_gain=827780 586669 438923 390772 389096 1.04642e+06 2.08829e+06 431695 725730 461624 991496 765736 532620 463994 1.16142e+06 987184 818668 1.13025e+06 842828 1.13837e+06 952345 700636 698575 704310 1.06453e+06 872610 718658 1.82541e+06 1.33031e+06 1.89267e+06
threshold=38.500000000000007 20.500000000000004 17.500000000000004 4.5000000000000009 6.5000000000000009 1.0000000180025095e-35 24.500000000000004 19.500000000000004 14.500000000000002 28.500000000000004 41.500000000000007 54.500000000000007 11.500000000000002 5.5000000000000009 11.500000000000002 1.0000000180025095e-35 4.5000000000000009 14.500000000000002 3.5000000000000004 1.0000000180025095e-35 1.5000000000000002 14.500000000000002 18.500000000000004 16.500000000000004 5.5000000000000009 3.5000000000000004 1.5000000000000002 12.500000000000002 7.5000000000000009 6.5000000000000009
decision_type=2 2 2 2 2 2 2 2 2 2 2 2 2 2 2 2 2 2 2 2 2 2 2 2 2 2 2 2 2 2
left_child=1 2 4 -3 7 6 -6 9 -9 11 -11 13 -13 14 -1 21 17 -16 19 -18 -20 22 23 26 -25 -26 28 -28 -15 -30
right_child=-2 3 -4 -5 5 -7 -8 8 -10 10 -12 12 -14 15 16 -17 18 -19 20 -21 -22 -23 -24 24 25 -27 27 -29 29 -31
leaf_value=0.099575983523915876 8.4327819355602927 -0.86559232711792 7.0535107439214535 -10.522320019115101 2.6010731953382495 2.9997541066372033 -19.97416504110609 1.1889485113082394 -9.719949611028035 11.299509157453265 -1.4926649122527154 1.6071218150002615 12.003289487145164 0.032809956500567804 3.7290658535101482 -10.226500753255991 -10.167167257198265 18.116721434820267 7.3619021555781359 5.0315514385700233 -2.2513727338690508 -8.6110494283529437 8.5094259955666285 -2.5340419867038726 11.475504801490091 0.89678375244140618 -0.99768759525215822 -14.879340469837189 18.243917449951173 0.23121744019644602
leaf_weight=4837 29 20 22 22 20 33 21 31 30 28 33 28 22 849 39 26 28 21 80 22 38 26 22 50 44 35 1787 24 25 35
leaf_count=4837 29 20 22 22 20 33 21 31 30 28 33 28 22 849 39 26 28 21 80 22 38 26 22 50 44 35 1787 24 25 35
internal_value=3.88704e-09 -0.029471 0.000515049 -5.92388 -0.0183295 -3.62762 -8.96185 0.0144019 -4.17608 0.0459637 4.37915 0.0130794 6.18144 -0.0255308 0.263958 -0.527159 3.75131 8.76475 1.96079 -3.47973 4.2661 -0.44011 -0.366113 -0.43465 3.17525 6.78873 -0.605855 -1.18165 0.541305 7.73651
internal_weight=8327 8298 8256 42 8234 74 41 8160 61 8099 61 8038 50 7988 5065 2923 228 60 168 50 118 2897 2871 2849 129 79 2720 1811 909 60
internal_count=8327 8298 8256 42 8234 74 41 8160 61 8099 61 8038 50 7988 5065 2923 228 60 168 50 118 2897 2871 2849 129 79 2720 1811 909 60
is_linear=0
shrinkage=0.05


Tree=176
num_leaves=31
num_cat=0
split_feature=9 14 13 12 9 8 0 7 4 7 11 11 11 12 4 7 7 8 4 0 0 10 13 7 1 1 1 15 2 5
split_gain=854970 2.39661e+06 560236 459958 507164 1.26869e+06 833858 810019 750070 605972 598488 518079 444270 524113 399084 1.56434e+06 858320 1.6279e+06 1.70446e+06 1.46961e+06 1.38997e+06 1.09615e+06 1.61143e+06 1.05284e+06 1.08792e+06 1.0965e+06 1.09001e+06 1.37338e+06 1.05093e+06 959663
threshold=20.500000000000004 27.500000000000004 61.500000000000007 7.5000000000000009 16.500000000000004 9.5000000000000018 15.500000000000002 15.500000000000002 1.0000000180025095e-35 5.5000000000000009 19.500000000000004 24.500000000000004 34.500000000000007 3.5000000000000004 1.0000000180025095e-35 9.5000000000000018 5.5000000000000009 5.5000000000000009 5.5000000000000009 11.500000000000002 4.5000000000000009 7.5000000000000009 27.500000000000004 3.5000000000000004 11.500000000000002 14.500000000000002 8.5000000000000018 4.5000000000000009 1.5000000000000002 1.0000000180025095e-35
decision_type=2 2 2 2 2 2 2 2 2 2 2 2 2 2 2 2 2 2 2 2 2 2 2 2 2 2 2 2 2 2
left_child=2 -2 3 4 7 8 10 12 9 -6 -7 -12 14 -14 15 -1 17 23 28 21 -18 22 -20 -16 26 29 -25 -28 -19 -26
right_child=1 -3 -4 -5 5 6 -8 -9 -10 -11 11 -13 13 -15 16 -17 20 18 19 -21 -22 -23 -24 24 25 -27 27 -29 -30 -31
leaf_value=-0.27730177095222625 -2.308658234278361 18.996338987350466 -8.39955382347107 -7.2410677437077871 -3.6605801633426118 8.7685533055663125 11.746610290125798 -7.7682320875280046 -7.7903369499577426 6.8376676996548973 -5.5918186167875925 3.7450301586053309 1.0941824776785714 -9.4378368112776023 1.3556129788761482 10.324922845023019 6.628034762671736 3.8175058566265223 -9.7080879705923593 7.5087616622447975 -1.2120645746164063 -14.715785602728525 8.7592756453014555 -1.4181163716529097 0.68913492759068806 -6.2413026419552899 -15.102343878635139 -1.762716034480504 10.253086744984493 15.518927907943727
leaf_weight=5849 33 22 20 22 28 30 38 34 36 27 24 39 21 27 452 35 61 322 27 28 772 24 21 112 24 22 43 35 79 20
leaf_count=5849 33 22 20 22 28 30 38 34 36 27 24 39 21 27 452 35 61 322 27 28 772 24 21 112 24 22 43 35 79 20
internal_value=-6.43139e-09 6.21334 -0.0413121 -0.0210546 -0.00175446 2.35563 5.50596 -0.0671064 -2.17947 1.49311 2.95601 0.188135 -0.0342699 -4.83008 -0.00522641 -0.214236 0.597033 1.44793 3.62899 -2.21107 -0.63794 -5.99101 -1.62862 -0.0954501 -2.65748 2.87287 -4.57855 -9.11661 5.08536 7.42995
internal_weight=8327 55 8272 8252 8230 222 131 8008 91 55 93 63 7974 48 7926 5884 2042 1209 501 100 833 72 48 708 256 66 190 78 401 44
internal_count=8327 55 8272 8252 8230 222 131 8008 91 55 93 63 7974 48 7926 5884 2042 1209 501 100 833 72 48 708 256 66 190 78 401 44
is_linear=0
shrinkage=0.05


Tree=177
num_leaves=31
num_cat=0
split_feature=7 15 8 1 9 9 10 9 0 12 21 14 20 12 13 2 8 15 11 8 13 9 13 13 0 7 4 0 7 14
split_gain=817541 1.65189e+06 459505 497710 445983 476308 371466 518704 694271 1.18886e+06 1.13967e+06 757316 424532 383156 557799 484757 1.32927e+06 976088 550594 589161 1.27015e+06 494857 627044 390973 991638 1.19301e+06 980289 1.5611e+06 1.02008e+06 1.77575e+06
threshold=14.500000000000002 8.5000000000000018 20.500000000000004 29.500000000000004 15.500000000000002 18.500000000000004 14.500000000000002 8.5000000000000018 14.500000000000002 4.5000000000000009 1.0000000180025095e-35 18.500000000000004 1.0000000180025095e-35 1.0000000180025095e-35 5.5000000000000009 1.5000000000000002 7.5000000000000009 6.5000000000000009 19.500000000000004 9.5000000000000018 24.500000000000004 4.5000000000000009 17.500000000000004 15.500000000000002 4.5000000000000009 5.5000000000000009 3.5000000000000004 5.5000000000000009 2.5000000000000004 8.5000000000000018
decision_type=2 2 2 2 2 2 2 2 2 2 2 2 2 2 2 2 2 2 2 2 2 2 2 2 2 2 2 2 2 2
left_child=2 -2 3 6 -5 -6 12 -8 10 -10 -9 -12 13 14 -1 18 21 -18 19 20 -16 -17 -23 26 25 -25 28 -28 -15 -30
right_child=1 -3 -4 4 5 -7 7 8 9 -11 11 -13 -14 23 15 16 17 -19 -20 -21 -22 22 -24 24 -26 -27 27 -29 29 -31
leaf_value=-7.4815730082988736 -0.92259915302961293 15.34778634584867 -7.4306808698745002 1.9213690076555527 -11.450160195277288 -1.6821424901485444 -3.8279990804606472 -3.2364625522068575 4.6285320218404129 -9.1514071901639298 17.658563700589266 5.8199549745661869 -5.113697814941407 -0.56570782454801372 1.3061632255818738 -10.741269426686424 11.102989132915226 -2.6384254535039267 -4.5924265510157536 -4.1216594977812333 8.4903486251831062 4.3582790510995046 -5.937368000030518 1.2229242310317514 -0.22385192590864192 9.1115121362301021 -0.48883425685721388 12.540193368406857 -0.38698231502360592 -8.5907297020198925
leaf_weight=20 39 26 21 21 26 24 29 21 45 24 22 35 41 1003 907 28 28 24 38 44 66 21 50 612 4688 52 71 34 148 119
leaf_count=20 39 26 21 21 26 24 29 21 45 24 22 35 41 1003 907 28 28 24 38 44 66 21 50 612 4688 52 71 34 148 119
internal_value=2.21146e-09 5.58556 -0.0439435 -0.0251203 -4.19334 -6.76151 0.0111028 2.28329 3.48892 -0.16449 6.72078 10.3892 -0.0389228 -0.0127609 0.800178 0.93752 -1.71218 4.7608 1.31677 1.53756 1.79348 -5.11212 -2.89218 -0.160919 0.0322889 1.84071 -0.912957 3.73009 -1.29683 -4.04333
internal_weight=8327 65 8262 8241 71 50 8170 176 147 69 78 57 7994 7953 1226 1206 151 52 1055 1017 973 99 71 6727 5352 664 1375 105 1270 267
internal_count=8327 65 8262 8241 71 50 8170 176 147 69 78 57 7994 7953 1226 1206 151 52 1055 1017 973 99 71 6727 5352 664 1375 105 1270 267
is_linear=0
shrinkage=0.05


Tree=178
num_leaves=31
num_cat=0
split_feature=14 7 9 10 10 4 4 2 10 13 15 8 14 13 7 7 15 14 7 14 3 0 0 12 4 4 0 7 12 1
split_gain=792700 461905 453571 639040 1.03763e+06 413006 425915 386044 789371 1.93129e+06 858249 690927 557445 1.38358e+06 1.12676e+06 1.04155e+06 809631 873157 906229 826033 977760 1.09524e+06 946709 867322 826613 1.12075e+06 903806 808973 764958 1.82227e+06
threshold=33.500000000000007 17.500000000000004 19.500000000000004 8.5000000000000018 12.500000000000002 20.500000000000004 15.500000000000002 1.0000000180025095e-35 16.500000000000004 48.500000000000007 11.500000000000002 14.500000000000002 6.5000000000000009 27.500000000000004 3.5000000000000004 4.5000000000000009 5.5000000000000009 16.500000000000004 7.5000000000000009 15.500000000000002 5.5000000000000009 6.5000000000000009 12.500000000000002 2.5000000000000004 5.5000000000000009 1.0000000180025095e-35 7.5000000000000009 13.500000000000002 3.5000000000000004 16.500000000000004
decision_type=2 2 2 2 2 2 2 2 2 2 2 2 2 2 2 2 2 2 2 2 2 2 2 2 2 2 2 2 2 2
left_child=1 2 5 -4 -5 6 7 8 9 10 11 -1 13 14 -9 -16 17 19 -19 20 22 -22 24 -21 25 -14 -27 28 -18 -30
right_child=-2 -3 3 4 -6 -7 -8 12 -10 -11 -12 -13 16 -15 15 -17 27 18 -20 23 21 -23 -24 -25 -26 26 -28 -29 29 -31
leaf_value=-0.29223171878101262 9.9423067665100096 6.7621880111694344 3.3932314429964339 -13.737520317788478 0.39894765281677247 -6.4262880249023446 6.0587669536985205 0.36061993996684372 9.071933813528581 -11.642510145588925 -6.6329985483637408 6.6679161840014984 0.2720742638891151 -11.715068313993257 -11.987678107776141 -1.1408900809737872 0.56518935874449105 6.0558962737457662 -3.7038377387183057 -7.6960007071495058 1.1318574636271508 14.450666324023544 8.8320250820469219 4.3435518225034082 -5.4560525490687448 6.8806714555850395 0.67600753563586802 -8.4302707524135201 -6.2464965276468813 0.36144008936315047
leaf_weight=3734 20 25 21 27 25 25 29 520 22 38 53 36 1048 29 38 53 1427 158 28 52 33 29 37 21 52 130 107 29 153 328
leaf_count=3734 20 25 21 27 25 25 29 520 22 38 53 36 1048 29 38 53 1427 158 28 52 33 29 37 21 52 130 107 29 153 328
internal_value=-7.19558e-10 -0.0239372 -0.0444217 -3.96824 -6.94114 -0.00952849 0.0100731 -0.0114367 -0.372271 -0.426085 -0.314595 -0.225769 0.316541 -1.04408 -0.537605 -5.67032 0.556299 1.35433 4.58669 0.955909 1.21967 7.36162 0.942521 -4.23257 0.724188 0.974283 4.07941 -0.142031 -0.0160568 -1.74046
internal_weight=8327 8307 8282 73 52 8209 8184 8155 3883 3861 3823 3770 4272 640 611 91 3632 1695 186 1509 1436 62 1374 73 1337 1285 237 1937 1908 481
internal_count=8327 8307 8282 73 52 8209 8184 8155 3883 3861 3823 3770 4272 640 611 91 3632 1695 186 1509 1436 62 1374 73 1337 1285 237 1937 1908 481
is_linear=0
shrinkage=0.05


Tree=179
num_leaves=31
num_cat=0
split_feature=9 2 14 7 10 7 15 11 2 11 15 9 13 13 2 3 15 8 14 8 1 9 7 10 14 10 0 14 5 9
split_gain=792257 2.23476e+06 522608 468404 439080 628079 669761 1.05618e+06 611604 565319 464867 682441 1.0845e+06 984875 658680 401373 356414 799445 1.3306e+06 668928 595229 626358 563812 831078 2.25454e+06 1.43343e+06 1.14872e+06 1.15263e+06 1.04043e+06 727776
threshold=20.500000000000004 1.5000000000000002 32.500000000000007 15.500000000000002 14.500000000000002 7.5000000000000009 11.500000000000002 25.500000000000004 1.5000000000000002 25.500000000000004 12.500000000000002 11.500000000000002 41.500000000000007 49.500000000000007 1.5000000000000002 12.500000000000002 3.5000000000000004 10.500000000000002 13.500000000000002 1.0000000180025095e-35 3.5000000000000004 2.5000000000000004 4.5000000000000009 6.5000000000000009 10.500000000000002 5.5000000000000009 4.5000000000000009 8.5000000000000018 1.0000000180025095e-35 4.5000000000000009
decision_type=2 2 2 2 2 2 2 2 2 2 2 2 2 2 2 2 2 2 2 2 2 2 2 2 2 2 2 2 2 2
left_child=2 -2 3 4 10 6 7 8 -6 -7 15 12 -12 14 -13 16 17 20 -19 -18 21 -1 -22 25 -25 26 29 -28 -29 -24
right_child=1 -3 -4 -5 5 9 -8 -9 -10 -11 11 13 -14 -15 -16 -17 19 18 -20 -21 22 -23 23 24 -26 -27 27 28 -30 -31
leaf_value=-5.866263919610244 -3.9159604293959482 16.244760753490308 -7.1173947260929999 -5.5558652375873772 -1.746610228220622 1.4227470818493102 6.6142232378323875 -8.8256171703338619 8.9903580892653689 10.111628871086317 8.8052977756217672 -4.4924930617213255 -6.55630039215088 2.4089528262615207 -14.142207789421082 6.4605012396971393 -8.274090840266302 -0.51549406051635749 13.875804052681758 -0.23281360430493969 0.72267320237311539 0.8077692890539766 -0.23426848299363079 13.973905625836602 -3.7540185464189406 -11.256802940368653 -8.5858737319707874 5.5043200806129811 -7.1657940057607803 10.87840317946214
leaf_weight=78 28 27 26 38 36 36 30 35 21 39 27 48 20 32 28 24 26 36 29 4888 2399 64 34 29 47 43 64 43 26 26
leaf_count=78 28 27 26 38 36 36 30 35 21 39 27 48 20 32 28 24 26 36 29 4888 2399 64 34 29 47 43 64 43 26 26
internal_value=-5.93275e-10 5.98112 -0.0397681 -0.017452 0.00818878 2.34021 0.126636 -1.98888 2.20911 5.94097 -0.0491585 -2.76076 2.26845 -4.9494 -8.04765 0.00434183 -0.0154421 0.422268 5.90524 -0.27536 0.297349 -2.85825 0.462636 -1.53681 3.01058 -3.00123 -1.1619 -3.75279 0.730074 4.58122
internal_weight=8327 55 8272 8246 8208 197 122 92 57 75 8011 155 47 108 76 7856 7832 2918 65 4914 2853 142 2711 312 76 236 193 133 69 60
internal_count=8327 55 8272 8246 8208 197 122 92 57 75 8011 155 47 108 76 7856 7832 2918 65 4914 2853 142 2711 312 76 236 193 133 69 60
is_linear=0
shrinkage=0.05


Tree=180
num_leaves=31
num_cat=0
split_feature=8 1 15 13 4 3 11 0 4 8 14 4 7 9 5 12 1 10 0 14 14 15 4 5 16 8 14 7 1 4
split_gain=774667 444704 438768 472910 381248 1.53977e+06 1.6277e+06 1.98686e+06 840370 957016 1.49617e+06 937516 1.05778e+06 401372 758074 475074 704848 653739 785310 641563 507151 472971 844160 1.31255e+06 902451 741078 1.11509e+06 704036 688152 974151
threshold=20.500000000000004 29.500000000000004 13.500000000000002 52.500000000000007 11.500000000000002 1.0000000180025095e-35 23.500000000000004 7.5000000000000009 10.500000000000002 9.5000000000000018 12.500000000000002 9.5000000000000018 15.500000000000002 2.5000000000000004 2.5000000000000004 1.5000000000000002 5.5000000000000009 7.5000000000000009 5.5000000000000009 11.500000000000002 6.5000000000000009 3.5000000000000004 7.5000000000000009 1.0000000180025095e-35 1.0000000180025095e-35 10.500000000000002 13.500000000000002 4.5000000000000009 12.500000000000002 1.0000000180025095e-35
decision_type=2 2 2 2 2 2 2 2 2 2 2 2 2 2 2 2 2 2 2 2 2 2 2 2 2 2 2 2 2 2
left_child=1 4 3 -3 8 6 7 -6 11 10 -10 12 13 14 15 16 -1 18 20 -17 -18 25 24 -24 -23 27 -27 28 -15 -30
right_child=-2 2 -4 -5 5 -7 -8 -9 9 -11 -12 -13 -14 21 -16 19 17 -19 -20 -21 -22 22 23 -25 -26 26 -28 -29 29 -31
leaf_value=-2.3560780482426771 9.1635368347167976 -1.0589122590564546 1.7127346567485642 -11.063250160217287 -0.36650238037109378 -5.7032970296012033 -3.7751250915527343 19.307086239439069 -2.0847938884388317 2.9802136211395265 -18.918284208124334 8.8412562529246017 -9.3853248469034831 0.58643197130104052 6.4818683370947845 -2.3979796462109753 2.749705618283441 -6.6101297834645152 8.791544342041016 -11.726457951068879 -2.7887443705672221 -0.15172247446593179 -1.965506981809934 14.404569031715395 -8.3266137733178986 0.031096278919893153 13.505301993233818 -1.7345006557181479 1.9729815961292811 10.62173022568226
leaf_weight=248 23 21 23 27 21 36 25 33 33 25 22 30 30 1770 32 235 124 23 38 20 62 4778 24 25 34 34 28 288 175 40
leaf_count=248 23 21 23 27 21 36 25 33 33 25 22 30 30 1770 32 235 124 23 38 20 62 4778 24 25 34 34 28 288 175 40
internal_value=7.86102e-09 -0.0253807 -3.96552 -6.68635 0.00859841 2.86731 6.7729 11.6562 -0.0318982 -5.13119 -8.81819 0.0188536 -0.0141973 0.0210413 -1.05478 -1.37634 -0.473132 1.41744 2.2417 -3.12963 0.903556 0.137952 -0.142994 6.38657 -0.209484 0.722824 6.11622 0.57571 0.910894 3.58205
internal_weight=8327 8304 71 48 8233 115 79 54 8118 80 55 8038 8008 7978 782 750 495 247 224 255 186 7196 4861 49 4812 2335 62 2273 1985 215
internal_count=8327 8304 71 48 8233 115 79 54 8118 80 55 8038 8008 7978 782 750 495 247 224 255 186 7196 4861 49 4812 2335 62 2273 1985 215
is_linear=0
shrinkage=0.05


Tree=181
num_leaves=31
num_cat=0
split_feature=7 3 5 8 4 1 16 13 13 11 11 13 1 14 14 9 13 14 2 2 13 8 7 15 4 4 3 8 7 0
split_gain=819453 1.59468e+06 4.38829e+06 466498 447747 847292 836860 735615 1.34023e+06 1.17148e+06 1.52057e+06 2.12618e+06 1.07405e+06 1.0299e+06 1.29878e+06 1.45542e+06 1.3016e+06 1.17827e+06 1.32187e+06 1.36123e+06 1.38704e+06 966241 2.15492e+06 2.04483e+06 1.07134e+06 1.00018e+06 905027 894163 1.18755e+06 1.48276e+06
threshold=14.500000000000002 1.0000000180025095e-35 1.5000000000000002 20.500000000000004 1.5000000000000002 29.500000000000004 1.0000000180025095e-35 17.500000000000004 14.500000000000002 15.500000000000002 16.500000000000004 29.500000000000004 8.5000000000000018 12.500000000000002 16.500000000000004 8.5000000000000018 24.500000000000004 8.5000000000000018 1.5000000000000002 1.0000000180025095e-35 24.500000000000004 4.5000000000000009 6.5000000000000009 3.5000000000000004 2.5000000000000004 5.5000000000000009 1.0000000180025095e-35 9.5000000000000018 5.5000000000000009 11.500000000000002
decision_type=2 2 2 2 2 2 2 2 2 2 2 2 2 2 2 2 2 2 2 2 2 2 2 2 2 2 2 2 2 2
left_child=3 2 -2 4 5 6 -1 8 12 13 11 -11 26 17 15 -15 -17 21 19 20 -19 24 23 -23 -9 -26 -6 28 29 -12
right_child=1 -3 -4 -5 7 -7 -8 9 -10 10 27 -13 -14 14 -16 16 -18 18 -20 -21 -22 22 -24 -25 25 -27 -28 -29 -30 -31
leaf_value=-0.11235265095623732 28.338334049582485 -4.9909762382507328 -4.0222143655473541 -7.4867274261656265 0.21853654889737145 -6.2723845791398434 -8.4822432680924731 -6.9161021327972412 6.2480121712793002 17.068890478951591 -0.41351338950070471 -2.0226857910156251 -8.5893974622090656 -14.515523763497672 2.9167630089653862 5.2805512039749711 -9.7356760132697318 -3.678251506601061 -8.3676259651184086 8.8775454245604486 10.041852638244629 -12.049531450579245 -20.020697763691778 5.0591769409179692 10.510760402679445 -3.3383011384443808 9.8926719665527347 3.0386166319190733 -3.1685088715263618 11.880817517112284
leaf_weight=6605 20 23 22 21 177 57 30 30 154 35 88 25 30 48 36 27 31 70 25 77 25 31 23 40 32 22 28 247 214 34
leaf_count=6605 20 23 22 21 177 57 30 30 154 35 88 25 30 48 36 27 31 70 25 77 25 31 23 40 32 22 28 247 214 34
internal_value=6.15933e-09 5.59208 11.3876 -0.0439949 -0.025029 -0.202343 -0.150197 0.741006 2.62259 0.110026 1.53481 9.11407 0.246782 -1.66199 -5.28854 -8.07525 -2.74536 -0.288738 2.37538 3.93686 -0.0676978 -3.23722 -6.71962 -2.41082 0.659746 4.86855 1.53988 0.754779 -0.924114 3.01278
internal_weight=8327 65 42 8262 8241 6692 6635 1549 389 1160 643 60 235 517 142 106 58 375 197 172 95 178 94 71 84 54 205 583 336 122
internal_count=8327 65 42 8262 8241 6692 6635 1549 389 1160 643 60 235 517 142 106 58 375 197 172 95 178 94 71 84 54 205 583 336 122
is_linear=0
shrinkage=0.05


Tree=182
num_leaves=31
num_cat=0
split_feature=11 0 13 5 7 11 11 15 8 7 10 14 1 14 9 7 15 4 14 11 0 4 0 5 11 1 1 13 13 8
split_gain=798926 506256 414779 402480 459643 390741 308873 470571 579379 663344 474454 471387 441176 358272 349626 973460 690412 1.42339e+06 716828 682339 840027 766570 601898 827992 807654 741296 1.3521e+06 708950 1.19522e+06 709796
threshold=38.500000000000007 20.500000000000004 60.500000000000007 10.500000000000002 15.500000000000002 26.500000000000004 3.5000000000000004 1.5000000000000002 4.5000000000000009 2.5000000000000004 4.5000000000000009 4.5000000000000009 3.5000000000000004 1.5000000000000002 4.5000000000000009 1.5000000000000002 3.5000000000000004 5.5000000000000009 10.500000000000002 19.500000000000004 9.5000000000000018 3.5000000000000004 5.5000000000000009 1.0000000180025095e-35 11.500000000000002 8.5000000000000018 10.500000000000002 14.500000000000002 16.500000000000004 8.5000000000000018
decision_type=2 2 2 2 2 2 2 2 2 2 2 2 2 2 2 2 2 2 2 2 2 2 2 2 2 2 2 2 2 2
left_child=1 2 3 4 6 -3 12 8 9 13 -11 -10 -1 -8 -9 -16 17 19 -19 20 21 22 23 24 25 -17 -27 -24 -29 -30
right_child=-2 5 -4 -5 -6 -7 7 14 11 10 -12 -13 -14 -15 15 16 -18 18 -20 -21 -22 -23 27 -25 -26 26 -28 28 29 -31
leaf_value=-6.7299971628189086 8.2845062560048603 -10.327209527151926 6.5624764760335283 6.8929424576816105 -5.8394061032463531 -0.68182144165039071 -5.0623359745457064 -0.69116474922640692 -2.9872149864832562 -1.2048053812574258 -9.1792826670866745 4.4904015589397765 -0.68512275112353693 1.6604626659303905 -2.5310899660814692 5.0871837899661987 -0.0057986537671600169 -14.343041000366211 -1.5261387904485069 -2.9143049927268709 6.1629017087638891 9.3289681619213471 7.6330908625214198 -3.6441305573219838 7.1331918975830364 -5.1730295357638845 4.7420388368459845 -9.5335099182810108 -0.90660016860677173 5.4215171703585874
leaf_weight=40 29 21 24 21 34 21 21 1797 24 66 26 173 123 352 328 104 4208 20 24 70 117 31 27 46 106 73 65 35 247 54
leaf_count=40 29 21 24 21 34 21 21 1797 24 66 26 173 123 352 328 104 4208 20 24 70 117 31 27 46 106 73 65 35 247 54
internal_value=-1.22495e-08 -0.0289529 -0.00109752 -0.0202333 -0.0379141 -5.50452 -0.0137914 0.0300346 1.30686 0.344076 -3.45846 3.57942 -2.16853 1.28197 -0.0849353 0.111175 0.27698 1.44473 -7.352 1.84171 2.20958 1.6226 1.30701 2.6603 3.49364 1.89946 -0.502889 -0.161839 -0.788218 0.228677
internal_weight=8327 8298 8256 8232 8211 42 8177 8014 662 465 92 197 163 373 7352 5555 5227 1019 44 975 905 788 757 394 348 242 138 363 336 301
internal_count=8327 8298 8256 8232 8211 42 8177 8014 662 465 92 197 163 373 7352 5555 5227 1019 44 975 905 788 757 394 348 242 138 363 336 301
is_linear=0
shrinkage=0.05


Tree=183
num_leaves=31
num_cat=0
split_feature=7 15 11 0 2 4 15 15 11 8 0 8 14 13 9 2 4 13 7 9 15 8 7 10 4 0 8 14 13 13
split_gain=780577 1.47891e+06 441932 451358 337817 493561 509999 701038 542342 1.05245e+06 485089 613968 580125 1.74103e+06 1.29777e+06 1.04051e+06 1.55465e+06 1.13107e+06 905301 1.47938e+06 992690 1.11691e+06 831928 766078 758830 794210 744407 691843 608205 1.15084e+06
threshold=14.500000000000002 8.5000000000000018 39.500000000000007 20.500000000000004 1.0000000180025095e-35 16.500000000000004 11.500000000000002 13.500000000000002 30.500000000000004 14.500000000000002 18.500000000000004 16.500000000000004 17.500000000000004 19.500000000000004 8.5000000000000018 1.5000000000000002 4.5000000000000009 39.500000000000007 7.5000000000000009 9.5000000000000018 7.5000000000000009 8.5000000000000018 8.5000000000000018 11.500000000000002 14.500000000000002 11.500000000000002 13.500000000000002 15.500000000000002 23.500000000000004 27.500000000000004
decision_type=2 2 2 2 2 2 2 2 2 2 2 2 2 2 2 2 2 2 2 2 2 2 2 2 2 2 2 2 2 2
left_child=2 -2 3 4 5 6 8 -8 9 -1 11 12 24 -14 -15 16 18 -18 19 -16 21 -21 -20 -22 25 27 28 -6 -27 -30
right_child=1 -3 -4 -5 10 -7 7 -9 -10 -11 -12 -13 13 14 15 -17 17 -19 22 20 23 -23 -24 -25 -26 26 -28 -29 29 -31
leaf_value=-0.32882047602612829 -0.7001599562473787 14.694798572246846 -7.1200740413232282 -5.3902553656162366 0.092886534093079232 7.4985866355896 -7.8590062443614004 2.5369852503140766 -7.3574414147271057 8.1455671402248182 6.0071564171765308 -4.0816530287265778 14.545049720287324 -3.5914948312962647 16.813811347598122 0.13465136569979438 21.322229748680481 4.7079054832458498 -9.0084906305585601 -0.60660030223705164 -2.5489939702053865 12.256840515136719 3.5402945785522464 6.5421991243958475 -8.8027813792228695 -5.7296231842041019 10.404680464002823 -2.6475745903483903 10.497037275213945 1.1321479854732752
leaf_weight=3738 39 26 22 39 2793 20 50 24 27 37 37 80 25 122 21 340 21 20 28 27 84 45 25 32 24 25 27 251 38 240
leaf_count=3738 39 26 22 39 2793 20 50 24 27 37 37 80 25 122 21 340 21 20 28 27 84 45 25 32 24 25 27 251 38 240
internal_value=-6.49403e-09 5.45782 -0.0429386 -0.0240433 0.0014758 -0.335854 -0.376279 -4.48733 -0.296264 -0.24576 0.306757 0.25734 0.340224 1.56069 1.13636 2.03341 4.16402 13.2177 2.74723 4.22729 2.82135 7.43305 -3.08925 -0.0410786 0.0564782 0.119496 2.44936 -0.133084 1.74047 2.41224
internal_weight=8327 65 8262 8240 8201 3896 3876 74 3802 3775 4305 4268 4188 790 765 643 303 41 262 209 188 72 53 116 3398 3374 330 3044 303 278
internal_count=8327 65 8262 8240 8201 3896 3876 74 3802 3775 4305 4268 4188 790 765 643 303 41 262 209 188 72 53 116 3398 3374 330 3044 303 278
is_linear=0
shrinkage=0.05


Tree=184
num_leaves=31
num_cat=0
split_feature=0 11 12 13 2 8 15 11 14 8 13 1 8 11 17 1 9 5 9 7 11 8 16 5 7 3 1 1 4 5
split_gain=796690 386302 305147 463445 421183 1.14127e+06 1.11381e+06 582750 583370 539148 1.06407e+06 557910 485708 384538 491180 452802 608089 434464 766644 583517 695714 1.61633e+06 502467 4.39709e+06 532563 1.845e+06 2.03056e+06 3.81049e+06 1.96424e+06 1.54556e+06
threshold=22.500000000000004 39.500000000000007 1.0000000180025095e-35 5.5000000000000009 1.5000000000000002 7.5000000000000009 6.5000000000000009 19.500000000000004 17.500000000000004 8.5000000000000018 24.500000000000004 14.500000000000002 3.5000000000000004 3.5000000000000004 2.5000000000000004 4.5000000000000009 3.5000000000000004 5.5000000000000009 12.500000000000002 4.5000000000000009 14.500000000000002 7.5000000000000009 1.0000000180025095e-35 3.5000000000000004 9.5000000000000018 7.0000000000000009 25.500000000000004 23.500000000000004 11.500000000000002 1.0000000180025095e-35
decision_type=2 2 2 2 2 2 2 2 2 2 2 2 2 2 2 2 2 2 2 2 2 2 2 2 2 2 2 2 2 2
left_child=1 2 3 -1 7 12 -7 8 9 10 -5 -12 -6 15 17 -4 -17 22 19 -19 -21 -22 24 -24 -15 26 27 28 29 -26
right_child=-2 -3 13 4 5 6 -8 -9 -10 -11 11 -13 -14 14 -16 16 -18 18 -20 20 21 -23 23 -25 25 -27 -28 -29 -30 -31
leaf_value=-6.8337439918518079 9.7265051069713788 -6.9651628947257995 -7.506144482211063 1.1450703076073228 -0.23875119156307645 10.893634339858746 -3.2183652595237451 -4.7275560665130616 9.879800734519959 -3.0773092159584388 12.424762971473463 2.1454238328066739 -7.5404440446005712 -0.052752024022091774 -5.6149749159812927 4.2579796105623249 -5.4895314455032356 6.3622798612040867 9.6636124268654857 5.962542290687562 -12.64503696704733 5.831444765329362 19.131907978057864 -12.321949520111085 2.181487342903206 -14.430520238195147 13.611741976304486 -22.616121237618586 14.212263634091332 -6.4821693368256099
leaf_weight=20 21 20 38 883 36 29 27 40 20 67 33 22 62 6430 40 32 32 31 31 20 29 20 25 20 111 28 22 21 21 96
leaf_count=20 21 20 38 883 36 29 27 40 20 67 33 22 62 6430 40 32 32 31 31 20 29 20 25 20 111 28 22 21 21 96
internal_value=3.96715e-09 -0.0245914 -0.00783892 0.715795 0.839659 -1.60444 4.08963 1.19308 1.42413 1.25585 1.56537 8.31303 -4.85819 -0.135068 -0.0903067 -3.18278 -0.615776 -0.0583028 2.79371 0.664043 -1.89603 -5.10362 -0.113457 5.15242 -0.148672 -2.21144 -0.948951 -2.23544 -0.35827 -1.83644
internal_weight=8327 8306 8286 1239 1219 154 56 1065 1025 1005 938 55 98 7047 6945 102 64 6905 131 100 69 49 6774 45 6729 299 271 249 228 207
internal_count=8327 8306 8286 1239 1219 154 56 1065 1025 1005 938 55 98 7047 6945 102 64 6905 131 100 69 49 6774 45 6729 299 271 249 228 207
is_linear=0
shrinkage=0.05


Tree=185
num_leaves=31
num_cat=0
split_feature=11 0 7 11 8 0 13 3 21 3 4 4 8 10 13 9 13 12 15 13 17 7 9 14 14 11 7 8 0 13
split_gain=790210 466456 383386 368330 346420 568600 413654 361756 334729 606441 652185 807125 699664 593052 570807 575973 588187 516065 908059 1.45857e+06 887698 1.88261e+06 1.09776e+06 861234 774583 2.12853e+06 1.43695e+06 1.12876e+06 1.25559e+06 1.40738e+06
threshold=38.500000000000007 20.500000000000004 17.500000000000004 26.500000000000004 17.500000000000004 12.500000000000002 48.500000000000007 15.000000000000002 1.5000000000000002 8.5000000000000018 12.500000000000002 17.500000000000004 14.500000000000002 1.5000000000000002 17.500000000000004 6.5000000000000009 13.500000000000002 3.5000000000000004 5.5000000000000009 22.500000000000004 1.5000000000000002 4.5000000000000009 11.500000000000002 9.5000000000000018 20.500000000000004 25.500000000000004 9.5000000000000018 12.500000000000002 15.500000000000002 39.500000000000007
decision_type=2 2 2 2 2 2 2 2 2 2 2 2 2 2 2 2 2 2 2 2 2 2 2 2 2 2 2 2 2 2
left_child=1 2 4 -3 7 -6 -7 8 9 10 12 -12 -1 14 15 16 -10 20 -19 -20 -15 -22 -23 -21 25 27 -26 28 29 -25
right_child=-2 3 -4 -5 5 6 -8 -9 13 -11 11 -13 -14 17 -16 -17 -18 18 19 23 21 22 -24 24 26 -27 -28 -29 -30 -31
leaf_value=0.35201585770344235 8.2391959371237924 -9.9670669283185696 6.5896447961980646 -0.60236838204520093 2.6657831268310548 -11.896471432277135 -2.5398773758499713 6.565043568611145 -0.99964776063451977 -8.1702694773674018 14.017363443374634 0.13898554715243253 7.5787529328290155 0.00313708383739717 -8.010379415625648 4.4686112081303317 -7.3252075275596313 1.0583329190517263 -14.552798620859782 -10.444307061604093 13.110078126192093 -7.7687858729526909 7.0426950931549079 -3.7498726549766048 -2.262248304171592 10.922016991376879 -15.622756995325503 7.8928136621202745 -12.652073309251241 6.5106042043729264
leaf_weight=2243 29 21 22 21 25 21 27 21 147 20 20 22 34 4654 40 34 49 271 24 28 40 29 22 139 161 40 23 28 28 44
leaf_count=2243 29 21 22 21 25 21 27 21 147 20 20 22 34 4654 40 34 49 271 24 28 40 29 22 139 161 40 23 28 28 44
internal_value=-5.55164e-09 -0.0287945 -0.00205651 -5.28472 -0.0196685 -3.44874 -6.63339 0.0110044 -0.00590401 0.499038 0.573805 6.74774 0.459925 -0.2095 -2.49765 -1.53892 -2.58104 -0.0978018 -1.28446 -2.51728 0.0987666 4.98953 -1.37952 -1.92898 -1.41402 0.246795 -3.93231 -1.53985 -2.79158 -1.28287
internal_weight=8327 8298 8256 42 8234 73 48 8161 8140 2339 2319 42 2277 5801 270 230 196 5531 786 515 4745 91 51 491 463 279 184 239 211 183
internal_count=8327 8298 8256 42 8234 73 48 8161 8140 2339 2319 42 2277 5801 270 230 196 5531 786 515 4745 91 51 491 463 279 184 239 211 183
is_linear=0
shrinkage=0.05


Tree=186
num_leaves=31
num_cat=0
split_feature=8 13 12 9 8 2 4 7 0 14 4 7 7 4 7 13 14 0 7 13 17 13 8 9 8 2 14 1 13 9
split_gain=745823 372101 475463 553698 1.6875e+06 1.24536e+06 1.10432e+06 1.13729e+06 1.09643e+06 775084 972121 794925 714627 385927 1.30881e+06 1.07854e+06 1.12766e+06 715385 699986 792733 1.21792e+06 2.61312e+06 757239 2.72521e+06 1.88634e+06 1.24958e+06 887445 2.1877e+06 1.08276e+06 856449
threshold=20.500000000000004 59.500000000000007 7.5000000000000009 16.500000000000004 9.5000000000000018 1.5000000000000002 2.5000000000000004 6.5000000000000009 14.500000000000002 24.500000000000004 1.0000000180025095e-35 5.5000000000000009 15.500000000000002 1.0000000180025095e-35 10.500000000000002 47.500000000000007 24.500000000000004 16.500000000000004 3.5000000000000004 47.500000000000007 1.0000000180025095e-35 51.500000000000007 11.500000000000002 11.500000000000002 13.500000000000002 1.5000000000000002 20.500000000000004 21.500000000000004 33.500000000000007 7.5000000000000009
decision_type=2 2 2 2 2 2 2 2 2 2 2 2 2 2 2 2 2 2 2 2 2 2 2 2 2 2 2 2 2 2
left_child=1 2 3 12 9 6 7 -6 -7 10 11 -5 13 14 15 16 17 -1 -15 22 -21 -22 26 24 29 -25 -20 28 -28 -24
right_child=-2 -3 -4 4 5 8 -8 -9 -10 -11 -12 -13 -14 18 -16 -17 -18 -19 19 20 21 -23 23 25 -26 -27 27 -29 -30 -31
leaf_value=-0.22162770462638154 8.9913204835808802 -4.719242607979548 -7.7009782803058631 -1.3719086009722492 4.0641485387628729 5.1344819378208477 10.270729717841515 -9.9184639710646412 18.119200844600282 -9.7012960445302152 -7.1689182001968916 11.70742387317476 -7.2890057619880224 1.9333507836340098 11.674628183116084 -5.0495196697526969 5.436627466434782 -7.1968450623589595 -0.3047120533823216 -3.1187285105387375 23.572914695739748 -1.3987702217969029 -11.951956281661987 -5.5748300623893741 11.915549138387044 -20.710556518554689 4.7412574768066404 -6.4488551395280034 18.698847473661104 1.3192399865196598
leaf_weight=5645 23 42 20 26 33 37 26 26 29 28 29 21 34 643 23 116 88 37 1111 27 20 22 20 30 30 25 33 28 24 31
leaf_count=5645 23 42 20 26 33 37 26 26 29 28 29 21 34 643 23 116 88 37 1111 27 20 22 20 30 30 25 33 28 24 31
internal_value=-2.51661e-09 -0.0249037 -0.00103997 0.0176447 2.31122 5.68681 1.6856 -2.09768 10.8399 -2.58989 0.0301007 4.47205 -0.0555819 -0.0246582 -0.22951 -0.276027 -0.18006 -0.267049 0.567549 -0.0592966 5.16637 10.4925 -0.329996 -3.86533 1.96696 -12.4547 0.0720157 4.99607 10.6181 -3.88515
internal_weight=8327 8304 8262 8242 255 151 85 59 66 104 76 47 7987 7953 5909 5886 5770 5682 2044 1401 69 42 1332 136 81 55 1196 85 57 51
internal_count=8327 8304 8262 8242 255 151 85 59 66 104 76 47 7987 7953 5909 5886 5770 5682 2044 1401 69 42 1332 136 81 55 1196 85 57 51
is_linear=0
shrinkage=0.05


Tree=187
num_leaves=31
num_cat=0
split_feature=1 13 14 12 7 10 9 11 9 10 12 1 15 9 8 0 13 13 10 1 14 9 15 10 15 7 11 4 4 8
split_gain=763730 595326 446295 314531 797673 565430 1.04794e+06 1.04021e+06 643929 612482 1.15926e+06 1.06327e+06 994050 916966 764444 596704 834622 897038 838197 779774 552785 831641 511616 596588 1.18956e+06 1.29033e+06 1.08739e+06 954754 958797 1.01718e+06
threshold=32.500000000000007 59.500000000000007 30.500000000000004 1.5000000000000002 10.500000000000002 11.500000000000002 7.5000000000000009 15.500000000000002 10.500000000000002 8.5000000000000018 1.0000000180025095e-35 19.500000000000004 7.5000000000000009 8.5000000000000018 13.500000000000002 9.5000000000000018 30.500000000000004 25.500000000000004 6.5000000000000009 8.5000000000000018 9.5000000000000018 5.5000000000000009 16.500000000000004 6.5000000000000009 3.5000000000000004 6.5000000000000009 18.500000000000004 10.500000000000002 7.5000000000000009 13.500000000000002
decision_type=2 2 2 2 2 2 2 2 2 2 2 2 2 2 2 2 2 2 2 2 2 2 2 2 2 2 2 2 2 2
left_child=1 2 3 4 5 9 -7 -8 -9 11 12 14 13 -11 15 -1 17 19 -19 -17 -12 -22 23 27 25 26 -25 28 29 -5
right_child=-2 -3 -4 22 -6 6 7 8 -10 10 20 -13 -14 -15 -16 16 -18 18 -20 -21 21 -23 -24 24 -26 -27 -28 -29 -30 -31
leaf_value=0.35506464001945326 9.0986156069714088 -6.6278303454903993 5.2056159705650522 -0.65825160317541664 7.939677967744716 -4.3186751924712086 15.479965845743815 9.6305039676752955 -1.4128768942572856 1.7903877414356579 -8.8592917569478367 8.7754526524930387 -5.9928902626037601 13.679479209236476 8.6284543768123338 2.5975265483598453 -9.4907135763551516 -2.9172328758239749 10.587785028528286 -6.2345063420085163 5.0943580446572145 -4.1309753920185948 -7.1669059258920171 3.8589172684849959 -0.084683349035287361 13.936582159113001 -6.010092677492084 -8.9111094713211063 8.3291363157075029 -7.8721459617614746
leaf_weight=2986 23 34 41 2153 34 29 24 22 33 55 45 37 26 23 27 37 35 20 27 77 29 155 27 181 1972 27 33 36 29 50
leaf_count=2986 23 34 41 2153 34 29 24 22 33 55 45 37 26 23 27 37 35 20 27 77 29 155 27 181 1972 27 33 36 29 50
internal_value=1.65598e-09 -0.0252009 0.00194415 -0.0239825 0.316262 0.245962 3.81041 6.7945 3.00448 0.138401 -1.90375 0.347901 2.47389 5.29615 0.25073 0.179643 -2.49285 -0.971571 4.84097 -3.36797 -3.89185 -2.67698 -0.304827 -0.26348 0.320571 3.63659 2.33706 -0.833368 -0.703082 -0.82198
internal_weight=8327 8304 8270 8229 3721 3687 108 79 55 3579 333 3246 104 78 3209 3182 196 161 47 114 229 184 4508 4481 2213 241 214 2268 2232 2203
internal_count=8327 8304 8270 8229 3721 3687 108 79 55 3579 333 3246 104 78 3209 3182 196 161 47 114 229 184 4508 4481 2213 241 214 2268 2232 2203
is_linear=0
shrinkage=0.05


Tree=188
num_leaves=31
num_cat=0
split_feature=11 7 13 12 13 2 15 13 8 11 13 12 15 13 9 14 9 13 5 13 9 8 9 8 13 7 9 10 0 7
split_gain=742500 423676 580430 424745 416026 2.17157e+06 456708 864644 641701 546371 349219 912783 707172 639689 625134 708311 585077 766467 1.20398e+06 831554 518054 652964 898717 691549 648977 1.3445e+06 777654 766054 669215 1.94588e+06
threshold=38.500000000000007 17.500000000000004 59.500000000000007 7.5000000000000009 55.500000000000007 1.5000000000000002 13.500000000000002 43.500000000000007 12.500000000000002 23.500000000000004 46.500000000000007 6.5000000000000009 10.500000000000002 51.500000000000007 19.500000000000004 28.500000000000004 16.500000000000004 50.500000000000007 1.0000000180025095e-35 52.500000000000007 17.500000000000004 15.500000000000002 9.5000000000000018 14.500000000000002 41.500000000000007 4.5000000000000009 12.500000000000002 11.500000000000002 15.500000000000002 7.5000000000000009
decision_type=2 2 2 2 2 2 2 2 2 2 2 2 2 2 2 2 2 2 2 2 2 2 2 2 2 2 2 2 2 2
left_child=1 2 3 4 6 -6 10 9 -9 -8 11 14 16 -14 15 20 17 18 -12 -19 21 23 -23 24 28 -26 27 -27 -1 -30
right_child=-2 -3 -4 -5 5 -7 7 8 -10 -11 12 -13 13 -15 -16 -17 -18 19 -20 -21 -22 22 -24 -25 25 26 -28 -29 29 -31
leaf_value=-0.042058850024178078 7.9865959430563045 6.4713126449584966 -6.6654494632374153 -7.2987009501457214 -7.8001305750012397 13.937327751517296 -3.0527082019382057 -12.207046699523927 -1.1141040281815964 7.8507869529724124 -2.2050330145018444 -9.5846601715087889 9.9067689762559041 0.29756601267847521 -8.0725791136423748 6.5639864793637903 5.4699689623637084 -12.790319738388062 11.833496247586751 -0.018764991485155549 4.7238715011822547 1.4717149792295514 -9.5546044485909611 5.6767442100452925 -12.536809313681818 8.223941299228958 -4.8702809737487271 -2.3227464012801646 -0.87373105270275175 13.60020461491176
leaf_weight=7288 29 25 33 20 20 27 27 32 22 20 56 25 43 29 24 41 39 25 21 26 57 33 42 53 31 33 66 36 69 35
leaf_count=7288 29 25 33 20 20 27 27 32 22 20 56 25 43 29 24 41 39 25 21 26 57 33 42 53 31 33 66 36 69 35
internal_value=3.21393e-09 -0.0279117 -0.0475516 -0.0210478 -0.00334066 4.68735 -0.0303151 -3.37171 -7.6877 1.58708 0.0114938 -0.0459527 1.89425 6.0364 -0.0154112 0.00943103 0.10841 -1.52519 1.62366 -6.27933 -0.025276 -0.0604961 -4.70302 -0.0147479 -0.0546591 -3.14644 -0.990129 2.72132 0.014772 3.9973
internal_weight=8327 8298 8273 8240 8220 47 8173 101 54 47 8072 7833 239 72 7808 7784 167 128 77 51 7743 7686 75 7611 7558 166 135 69 7392 104
internal_count=8327 8298 8273 8240 8220 47 8173 101 54 47 8072 7833 239 72 7808 7784 167 128 77 51 7743 7686 75 7611 7558 166 135 69 7392 104
is_linear=0
shrinkage=0.05


Tree=189
num_leaves=31
num_cat=0
split_feature=0 11 2 1 8 11 0 13 5 4 16 7 15 14 13 7 8 2 9 4 4 12 15 10 3 7 4 4 11 7
split_gain=721869 406708 293697 563415 640051 1.0122e+06 681350 766462 512796 472771 542864 844018 467752 688718 1.10205e+06 897490 1.14002e+06 664706 1.51101e+06 1.33731e+06 990237 927494 1.47988e+06 1.16416e+06 1.0352e+06 847075 786425 1.51583e+06 764038 807004
threshold=22.500000000000004 39.500000000000007 1.0000000180025095e-35 30.500000000000004 16.500000000000004 27.500000000000004 19.500000000000004 55.500000000000007 9.5000000000000018 11.500000000000002 1.0000000180025095e-35 12.500000000000002 1.5000000000000002 6.5000000000000009 27.500000000000004 3.5000000000000004 2.5000000000000004 1.5000000000000002 12.500000000000002 4.5000000000000009 10.500000000000002 2.5000000000000004 8.5000000000000018 7.5000000000000009 1.0000000180025095e-35 6.5000000000000009 10.500000000000002 7.5000000000000009 23.500000000000004 7.5000000000000009
decision_type=2 2 2 2 2 2 2 2 2 2 2 2 2 2 2 2 2 2 2 2 2 2 2 2 2 2 2 2 2 2
left_child=1 2 9 4 6 -6 7 8 12 10 11 -1 -4 14 15 -14 -17 18 26 -19 28 22 25 -23 -25 -21 27 -15 29 -20
right_child=-2 -3 3 -5 5 -7 -8 -9 -10 -11 -12 -13 13 17 -16 16 -18 19 20 21 -22 23 -24 24 -26 -27 -28 -29 -30 -31
leaf_value=-0.3624651820065557 9.2585130419049957 -7.144927606582641 2.3394640661982211 6.6877239942550659 -0.88160413742065435 -13.289410333199934 -8.6707019170125328 7.8348108936758614 7.7424580200858744 4.9566972800663542 6.4386832401670269 -8.7818506097793581 -0.065463836515142079 0.38679901279470286 -11.056696737634725 2.2124583670071192 -10.344246166126402 0.035105383867469052 7.215802636676365 0.29442440032958989 15.117919368743896 -19.44376449584961 10.367374309301377 1.7064829216553616 -12.855806354854417 -13.327238151005336 -7.0119801998138431 13.037172770500185 -0.43889924672282776 -1.3040351104736327
leaf_weight=3828 21 20 253 34 65 22 21 34 23 42 29 30 403 1777 29 28 51 1152 135 25 20 20 20 26 23 21 35 24 81 35
leaf_count=3828 21 20 253 34 65 22 21 34 23 42 29 30 403 1777 29 28 51 1152 135 25 20 20 20 26 23 21 35 24 81 35
internal_value=-1.13521e-08 -0.0234082 -0.00621896 0.276461 0.226037 -4.01921 0.313227 0.357986 0.297185 -0.319692 -0.376705 -0.427935 0.256001 0.121016 -1.59028 -1.02073 -5.89377 0.378669 0.925541 -0.516638 4.4107 -5.22485 -0.987332 -9.27812 -5.12888 -5.92416 0.411119 0.555377 3.55754 5.46172
internal_weight=8327 8306 8286 4357 4323 87 4236 4215 4181 3929 3887 3858 4158 3905 511 482 79 3394 2107 1287 271 135 66 69 49 46 1836 1801 251 170
internal_count=8327 8306 8286 4357 4323 87 4236 4215 4181 3929 3887 3858 4158 3905 511 482 79 3394 2107 1287 271 135 66 69 49 46 1836 1801 251 170
is_linear=0
shrinkage=0.05


Tree=190
num_leaves=31
num_cat=0
split_feature=11 0 13 12 15 7 7 7 9 10 14 14 15 3 14 7 7 7 21 7 20 21 8 2 8 9 13 5 9 11
split_gain=695440 417594 392402 361587 345865 2.06884e+06 1.80303e+06 727724 784286 804672 893900 692094 669692 995512 767134 762252 1.64525e+06 647470 608096 963639 604151 606257 906220 1.06239e+06 751906 1.1615e+06 1.3384e+06 1.11663e+06 1.11151e+06 1.10698e+06
threshold=38.500000000000007 20.500000000000004 60.500000000000007 4.5000000000000009 5.5000000000000009 13.500000000000002 15.500000000000002 11.500000000000002 11.500000000000002 4.5000000000000009 14.500000000000002 21.500000000000004 3.5000000000000004 1.0000000180025095e-35 20.500000000000004 3.5000000000000004 4.5000000000000009 1.5000000000000002 3.5000000000000004 4.5000000000000009 1.0000000180025095e-35 1.5000000000000002 4.5000000000000009 1.5000000000000002 5.5000000000000009 8.5000000000000018 17.500000000000004 2.5000000000000004 9.5000000000000018 20.500000000000004
decision_type=2 2 2 2 2 2 2 2 2 2 2 2 2 2 2 2 2 2 2 2 2 2 2 2 2 2 2 2 2 2
left_child=1 2 4 -3 5 7 17 8 11 10 -10 18 13 -11 15 -14 -17 -6 -1 -20 21 22 23 -19 25 26 -23 28 -27 -30
right_child=-2 3 -4 -5 6 -7 -8 -9 9 12 -12 -13 14 -15 -16 16 -18 20 19 -21 -22 24 -24 -25 -26 27 -28 -29 29 -31
leaf_value=-0.022069109428783297 7.7293536547956796 -0.13431083679199218 6.3823623776435854 -9.4234291596846145 -4.1088713321117085 15.534135219725696 -13.544921156076285 -7.8703697204589851 3.5274538416611523 -9.7899882393223905 16.381477982657298 8.5461224019527435 -1.8941985643827 4.4230847250331529 -4.4418591198921211 20.236185576915744 3.2186424021818199 2.4264101016050894 -0.74090911975273732 13.659666890189762 -7.1301813740884104 0.64939688918541894 0.33696926811337474 13.219473581314089 -0.012047393631682734 6.7550293881718702 -6.4378616249905178 11.267410415952856 -4.4909537036602316 6.0238283224163522
leaf_weight=4737 29 20 24 22 109 22 26 28 38 28 21 24 26 22 25 20 49 95 26 21 31 98 600 30 1724 41 208 22 130 31
leaf_count=4737 29 20 24 22 109 22 26 28 38 28 21 24 26 22 25 20 49 95 26 21 31 98 600 30 1724 41 208 22 130 31
internal_value=-5.04603e-09 -0.0270127 -0.00171386 -5.00004 -0.0203263 0.234504 -0.432511 0.168049 0.212734 3.07155 8.10261 0.0765713 1.32547 -3.53624 3.35118 5.40198 8.15126 -0.323206 0.0340819 5.69339 -0.186117 -0.113855 1.14383 5.01675 -0.51839 -2.16543 -4.16809 0.57033 -0.594699 -2.46637
internal_weight=8327 8298 8256 42 8232 5087 3145 5065 5037 229 59 4808 170 50 120 95 69 3119 4784 47 3010 2979 725 125 2254 530 306 224 202 161
internal_count=8327 8298 8256 42 8232 5087 3145 5065 5037 229 59 4808 170 50 120 95 69 3119 4784 47 3010 2979 725 125 2254 530 306 224 202 161
is_linear=0
shrinkage=0.05


Tree=191
num_leaves=31
num_cat=0
split_feature=7 8 1 13 10 8 21 9 13 12 20 12 21 0 0 5 10 13 9 0 1 3 8 0 2 13 10 13 1 1
split_gain=703319 1.4032e+06 459323 480776 345349 553935 790208 1.06059e+06 687971 499703 363218 355121 342360 755221 606956 577319 516514 507921 515862 538028 488747 459760 554700 894201 1.25921e+06 643217 924266 806842 924520 879025
threshold=14.500000000000002 9.5000000000000018 32.500000000000007 59.500000000000007 14.500000000000002 10.500000000000002 1.0000000180025095e-35 11.500000000000002 50.500000000000007 2.5000000000000004 1.0000000180025095e-35 3.5000000000000004 1.5000000000000002 14.500000000000002 13.500000000000002 2.5000000000000004 1.5000000000000002 17.500000000000004 6.5000000000000009 2.5000000000000004 7.5000000000000009 8.5000000000000018 11.500000000000002 11.500000000000002 1.5000000000000002 36.500000000000007 7.5000000000000009 33.500000000000007 18.500000000000004 17.500000000000004
decision_type=2 2 2 2 2 2 2 2 2 2 2 2 2 2 2 2 2 2 2 2 2 2 2 2 2 2 2 2 2 2
left_child=2 -2 3 4 10 6 -6 -8 9 -7 12 -10 13 14 21 -15 17 18 19 -14 -21 22 25 24 -24 27 -27 28 -1 -29
right_child=1 -3 -4 -5 5 8 7 -9 11 -11 -12 -13 16 15 -16 -17 -18 -19 -20 20 -22 -23 23 -25 -26 26 -28 29 -30 -31
leaf_value=0.42432290276953899 -0.81759111392192352 14.178118133544922 -7.4260334696088526 -6.0449397115996391 -9.3853822374343885 3.1308543682098389 -4.3338532209396368 7.6422827394385084 5.4375347518920902 13.558298513624402 -4.7411718996559697 -3.5012738018035892 1.4049106809400744 2.4919899341222402 -6.2311726052420484 11.153137339078464 -0.12388754410011985 -7.5646719694137579 4.22532067158643 -2.7466383660281148 -10.382635636971548 -7.1386830425262451 6.5796419332193778 11.896714016243266 -7.0453143971306949 -12.283152734239897 -0.64521791450047905 1.0085353739121381 -9.885917067527771 13.359109359741211
leaf_weight=1861 39 26 21 33 20 20 36 38 20 27 41 25 62 74 35 26 5433 40 34 108 26 20 43 27 28 24 59 34 22 25
leaf_count=1861 39 26 21 33 20 20 36 38 20 27 41 25 62 74 35 26 5433 40 34 108 26 20 43 27 28 24 59 34 22 25
internal_value=-1.25384e-09 5.18069 -0.0407583 -0.0219389 0.0022764 2.13221 -0.56723 1.81605 4.89033 9.12109 -0.0471087 0.47153 -0.0229943 0.495158 0.300083 4.74389 -0.229965 -2.36447 -1.46009 -2.44633 -4.22825 0.406753 0.477836 4.1517 1.20642 0.300039 -4.0104 0.484265 0.303863 6.24183
internal_weight=8327 65 8262 8241 8208 186 94 74 92 47 8022 45 7981 2278 2178 100 5703 270 230 196 134 2143 2123 98 71 2025 83 1942 1883 59
internal_count=8327 65 8262 8241 8208 186 94 74 92 47 8022 45 7981 2278 2178 100 5703 270 230 196 134 2143 2123 98 71 2025 83 1942 1883 59
is_linear=0
shrinkage=0.05


Tree=192
num_leaves=31
num_cat=0
split_feature=13 11 7 11 11 13 7 15 10 4 7 5 15 9 10 14 2 8 14 8 7 10 8 17 10 11 11 10 11 9
split_gain=679292 511288 487677 330766 663562 283507 858387 606392 574547 536841 458597 908762 576662 522764 488014 491105 415025 391326 491786 380717 722612 486567 466941 725498 412267 411999 368055 345051 426207 986674
threshold=62.500000000000007 37.500000000000007 17.500000000000004 35.500000000000007 34.500000000000007 10.500000000000002 2.5000000000000004 1.5000000000000002 2.5000000000000004 1.0000000180025095e-35 1.5000000000000002 1.0000000180025095e-35 3.5000000000000004 4.5000000000000009 5.5000000000000009 4.5000000000000009 1.5000000000000002 3.5000000000000004 4.5000000000000009 4.5000000000000009 2.5000000000000004 3.5000000000000004 5.5000000000000009 1.0000000180025095e-35 4.5000000000000009 10.500000000000002 9.5000000000000018 1.5000000000000002 14.500000000000002 6.5000000000000009
decision_type=2 2 2 2 2 2 2 2 2 2 2 2 2 2 2 2 2 2 2 2 2 2 2 2 2 2 2 2 2 2
left_child=1 2 3 4 5 6 17 19 -8 -10 11 13 -13 14 15 -9 -15 -1 -19 20 -7 26 -23 -24 -22 -25 -21 28 29 -12
right_child=-2 -3 -4 -5 -6 7 8 10 9 -11 27 12 -14 16 -16 -17 -18 18 -20 21 24 22 23 25 -26 -27 -28 -29 -30 -31
leaf_value=-1.0775435066277177 8.5809183991473663 -6.6511811026211447 7.1165075143178305 6.4010215687751773 -9.1332017672061934 2.0319789459106894 -10.821174857110689 1.4365214304490523 -8.3679507525070864 1.5830296364697545 -4.0974436210183534 9.8356230676174174 -0.31205668023654393 -2.8500000313881895 3.2452596061369956 -3.2403240566676668 -9.3764995627933079 -5.1937067985534675 3.3012451824657472 -2.3153807474219281 -0.99182188196002308 10.18537036243238 -4.2104377053000714 12.23028877735138 -8.781126277923585 2.7620323746292681 4.7333713146948044 0.13132545873510934 -8.7585942073301837 5.8773515973772321
leaf_weight=393 23 29 24 20 20 247 33 88 23 33 85 28 28 249 68 155 27 20 115 46 53 38 22 20 25 27 31 6300 22 35
leaf_count=393 23 29 24 20 20 247 33 88 23 33 85 28 28 249 68 155 27 20 115 46 53 38 22 20 25 27 31 6300 22 35
internal_value=1.42654e-09 -0.023767 -0.00054101 -0.0212426 -0.0368477 -0.0146912 -1.04542 0.0690542 -5.58788 -2.50398 -0.0507027 -1.32397 4.76178 -1.90456 -0.498903 -1.54665 -3.48846 -0.279745 2.04273 1.736 0.707089 3.55338 5.73453 3.28335 -3.48839 6.79108 0.522429 0.0763871 -2.36102 -1.18813
internal_weight=8327 8304 8275 8251 8231 8211 617 7594 89 56 7085 643 56 587 311 243 276 528 135 509 325 184 107 69 78 47 77 6442 142 120
internal_count=8327 8304 8275 8251 8231 8211 617 7594 89 56 7085 643 56 587 311 243 276 528 135 509 325 184 107 69 78 47 77 6442 142 120
is_linear=0
shrinkage=0.05


Tree=193
num_leaves=31
num_cat=0
split_feature=11 0 13 13 12 11 4 11 8 11 4 0 7 11 10 1 1 11 4 15 14 2 3 13 21 8 7 14 1 14
split_gain=665778 398020 365233 337012 327590 1.22253e+06 866319 1.28426e+06 1.23089e+06 507161 1.18585e+06 848561 498210 648558 437420 418992 507167 1.29054e+06 636043 669389 944923 1.09978e+06 986901 1.51122e+06 821194 788101 847180 658276 795170 649286
threshold=38.500000000000007 20.500000000000004 60.500000000000007 53.500000000000007 5.5000000000000009 31.500000000000004 3.5000000000000004 26.500000000000004 9.5000000000000018 31.500000000000004 2.5000000000000004 15.500000000000002 5.5000000000000009 21.500000000000004 7.5000000000000009 28.500000000000004 26.500000000000004 26.500000000000004 18.500000000000004 10.500000000000002 21.500000000000004 1.0000000180025095e-35 1.0000000180025095e-35 34.500000000000007 1.0000000180025095e-35 8.5000000000000018 5.5000000000000009 25.500000000000004 19.500000000000004 15.500000000000002
decision_type=2 2 2 2 2 2 2 2 2 2 2 2 2 2 2 2 2 2 2 2 2 2 2 2 2 2 2 2 2 2
left_child=1 2 4 -3 9 6 7 12 -8 15 11 -11 14 -14 -6 16 18 -18 19 27 21 29 25 -24 -25 -23 -27 -1 -29 -21
right_child=-2 3 -4 -5 5 -7 8 -9 -10 10 -12 -13 13 -15 -16 -17 17 -19 -20 20 -22 22 23 24 -26 26 -28 28 -30 -31
leaf_value=-0.0035575673823780695 7.56272292137146 -0.40264053344726564 6.1573685983816784 -9.3603651864188055 3.4123593330383302 -12.8774163743724 14.194192931765603 5.4349552182587137 -2.7293955022638499 -3.4417146429723626 13.80563040971756 6.9303085760636769 -15.175050747394563 -3.2898524717851121 -6.5997335990269974 -6.6129747231801348 13.954169893264771 -2.9848178231197857 7.1210470599512909 -0.23360668708538188 -6.4919270581387467 -7.1947714198203316 17.311632847785951 -6.2706006310202866 5.4340139490492803 -4.109572792571524 9.9610470485687266 12.224169782797496 1.1156117317323782 -10.059757475256921
leaf_weight=7427 29 21 24 21 20 23 21 35 22 49 22 33 24 22 24 24 22 23 31 29 94 42 20 22 47 23 20 24 49 40
leaf_count=7427 29 21 24 21 20 23 21 35 22 49 22 33 24 22 24 24 22 23 31 29 94 42 20 22 47 23 20 24 49 40
internal_value=-4.88795e-09 -0.0264303 -0.00173158 -4.8815 -0.0196881 -2.06623 -0.586129 -2.69201 5.53561 0.0289239 3.49788 0.732392 -5.85249 -9.49083 -2.04878 -0.0165305 0.00347641 5.29647 -0.0267962 -0.0550701 -2.23504 -0.588339 1.52988 5.20987 1.70211 -2.32329 2.4349 0.0428831 4.76774 -5.92993
internal_weight=8327 8298 8256 42 8232 191 168 125 43 8041 104 82 90 46 44 7937 7913 45 7868 7837 337 243 174 89 69 85 43 7500 73 69
internal_count=8327 8298 8256 42 8232 191 168 125 43 8041 104 82 90 46 44 7937 7913 45 7868 7837 337 243 174 89 69 85 43 7500 73 69
is_linear=0
shrinkage=0.05


Tree=194
num_leaves=31
num_cat=0
split_feature=0 11 15 7 14 8 9 4 5 12 13 8 14 9 11 3 11 0 11 13 0 22 4 8 11 1 10 8 14 13
split_gain=687062 418189 267600 781215 721570 579971 494342 586039 567382 498489 923090 548927 492531 606403 508761 627303 731402 626233 1.12336e+06 1.29283e+06 650214 617698 603774 533756 542796 515814 765502 698647 580269 547488
threshold=22.500000000000004 39.500000000000007 3.5000000000000004 10.500000000000002 20.500000000000004 1.0000000180025095e-35 3.5000000000000004 8.5000000000000018 2.5000000000000004 1.0000000180025095e-35 12.500000000000002 6.5000000000000009 3.5000000000000004 4.5000000000000009 19.500000000000004 1.0000000180025095e-35 21.500000000000004 9.5000000000000018 9.5000000000000018 22.500000000000004 5.5000000000000009 1.0000000180025095e-35 3.5000000000000004 8.5000000000000018 13.500000000000002 10.500000000000002 3.5000000000000004 4.5000000000000009 5.5000000000000009 13.500000000000002
decision_type=2 2 2 2 2 2 2 2 2 2 2 2 2 2 2 2 2 2 2 2 2 2 2 2 2 2 2 2 2 2
left_child=1 2 3 4 6 -4 8 12 9 10 -1 -11 13 -8 17 16 -16 20 -19 -20 21 -14 23 25 -25 26 28 -27 -22 -30
right_child=-2 -3 5 -5 -6 -7 7 -9 -10 11 -12 -13 14 -15 15 -17 -18 18 19 -21 22 -23 -24 24 -26 27 -28 -29 29 -31
leaf_value=-0.79355021973556661 9.032543418520973 -7.2441750311851507 -7.6647997856140142 8.6910207475934715 9.5336405527024048 -0.17893738881112364 1.2566945015115942 -7.7972692012786871 5.5079743067423506 -1.1294731342229478 6.0044112387825468 -6.0146795590718591 1.9426932020756675 -6.8187087976414222 -6.2791674095392231 -8.8018982065135045 6.7946794079697659 14.460422565626061 -6.2085230092518033 5.5273593138564721 -10.991993372440339 -5.7333467377556699 5.4758407791940185 -0.84459221273660656 8.2408350667645855 -8.4483594604566985 1.813654849926631 -1.5578340036625213 4.152168444929452 -3.894257006278405
leaf_weight=188 21 20 26 28 21 5336 47 20 36 659 68 63 894 46 20 29 23 23 32 88 20 27 41 35 31 51 195 132 29 78
leaf_count=188 21 20 26 28 21 5336 47 20 36 659 68 63 894 46 20 29 23 23 32 88 20 27 41 35 31 51 195 132 29 78
internal_value=-5.24697e-09 -0.0228369 -0.0054067 0.379376 0.299015 -0.215236 0.231562 0.715523 -0.656655 -0.883574 1.01216 -1.55574 0.808003 -2.73759 0.996641 -3.1189 0.71382 1.17344 4.33793 2.39779 0.878255 1.71766 -0.384971 -0.8058 3.42281 -1.35845 -0.153777 -3.47814 -3.17464 -1.71345
internal_weight=8327 8306 8286 2924 2896 5362 2875 1861 1014 978 256 722 1841 93 1748 72 43 1676 143 120 1533 921 612 571 66 505 322 183 127 107
internal_count=8327 8306 8286 2924 2896 5362 2875 1861 1014 978 256 722 1841 93 1748 72 43 1676 143 120 1533 921 612 571 66 505 322 183 127 107
is_linear=0
shrinkage=0.05


Tree=195
num_leaves=31
num_cat=0
split_feature=9 14 14 7 10 7 15 11 2 11 8 15 7 7 14 15 12 17 2 14 14 10 8 7 5 8 4 13 22 0
split_gain=643418 1.84169e+06 529009 420508 374186 585712 561866 883254 553115 520354 444932 899477 1.1132e+06 866192 497666 1.27497e+06 576466 819868 667464 638645 1.25097e+06 636774 589520 946314 862768 1.05256e+06 843671 896706 668454 1.32193e+06
threshold=20.500000000000004 27.500000000000004 32.500000000000007 15.500000000000002 14.500000000000002 7.5000000000000009 11.500000000000002 25.500000000000004 1.5000000000000002 25.500000000000004 10.500000000000002 3.5000000000000004 3.5000000000000004 13.500000000000002 25.500000000000004 9.5000000000000018 3.5000000000000004 1.5000000000000002 3.5000000000000004 4.5000000000000009 8.5000000000000018 5.5000000000000009 6.5000000000000009 11.500000000000002 1.5000000000000002 5.5000000000000009 4.5000000000000009 28.500000000000004 1.0000000180025095e-35 6.5000000000000009
decision_type=2 2 2 2 2 2 2 2 2 2 2 2 2 2 2 2 2 2 2 2 2 2 2 2 2 2 2 2 2 2
left_child=2 -2 3 4 10 6 7 8 -6 -7 13 12 -12 14 16 -16 18 19 22 -18 21 -21 23 24 28 26 27 -26 -1 -30
right_child=1 -3 -4 -5 5 9 -8 -9 -10 -11 11 -13 -14 -15 15 -17 17 -19 -20 20 -22 -23 -24 -25 25 -27 -28 -29 29 -31
leaf_value=-0.45103794443095224 -2.0804237842559816 16.595871944860981 -7.1566808407123279 -5.2610034089339415 -1.8343897157245213 1.3060995830429925 5.9681970739364623 -8.1635859189714708 8.3762831165677039 9.6422666610815586 -2.6696922762640591 -1.4727514989279304 10.493556976318359 8.5727775502204899 13.449731393547163 -3.8116408866643909 7.3166200198910465 -10.871534249592912 6.380448533213416 -9.6040951152001668 -0.37160423704111367 -1.2436678558588028 0.90098169450268173 -10.518967801874334 1.6288482087448548 -3.0488172860627767 10.622545340205685 11.828952341494354 -0.38037412788556968 14.300630335023872
leaf_weight=3930 33 22 26 38 36 36 30 35 21 39 29 887 36 30 23 20 22 22 43 62 517 36 1777 22 341 89 33 23 46 23
leaf_count=3930 33 22 26 38 36 36 30 35 21 39 29 887 36 30 23 20 22 22 43 62 517 36 1777 22 341 89 33 23 46 23
internal_value=-1.40486e-09 5.39009 -0.0358384 -0.0133861 0.0109085 2.16372 0.026101 -1.91154 1.92744 5.64091 -0.0420317 -1.05671 4.62072 0.0948106 0.0586263 5.42119 0.0256189 -1.38172 0.172203 -1.05397 -1.35341 -6.53292 0.129721 -0.174368 -0.123625 1.86564 2.96737 2.27336 -0.365382 4.51329
internal_weight=8327 55 8272 8246 8208 197 122 92 57 75 8011 952 65 7059 7029 43 6986 659 6327 637 615 98 6284 4507 4485 486 397 364 3999 69
internal_count=8327 55 8272 8246 8208 197 122 92 57 75 8011 952 65 7059 7029 43 6986 659 6327 637 615 98 6284 4507 4485 486 397 364 3999 69
is_linear=0
shrinkage=0.05


Tree=196
num_leaves=31
num_cat=0
split_feature=8 1 9 7 3 4 3 11 0 4 8 14 4 7 0 1 11 7 10 2 12 8 15 13 7 5 4 9 7 15
split_gain=631621 420399 471923 469316 297199 283648 1.28101e+06 1.3989e+06 1.67789e+06 754196 788670 1.27627e+06 725037 949708 327372 877482 834457 1.16877e+06 1.05677e+06 910407 876200 695495 472405 452369 434011 429766 853148 795298 1.40175e+06 878288
threshold=20.500000000000004 29.500000000000004 15.500000000000002 8.5000000000000018 12.500000000000002 11.500000000000002 1.0000000180025095e-35 23.500000000000004 10.500000000000002 10.500000000000002 9.5000000000000018 12.500000000000002 9.5000000000000018 15.500000000000002 16.500000000000004 26.500000000000004 29.500000000000004 8.5000000000000018 11.500000000000002 1.0000000180025095e-35 2.5000000000000004 13.500000000000002 8.5000000000000018 53.500000000000007 8.5000000000000018 1.0000000180025095e-35 7.5000000000000009 13.500000000000002 9.5000000000000018 5.5000000000000009
decision_type=2 2 2 2 2 2 2 2 2 2 2 2 2 2 2 2 2 2 2 2 2 2 2 2 2 2 2 2 2 2
left_child=1 4 -3 -4 5 9 7 8 -7 12 11 -11 13 14 15 23 19 18 -18 -16 -21 -17 -22 25 -24 27 -27 29 -29 -1
right_child=-2 2 3 -5 -6 6 -8 -9 -10 10 -12 -13 -14 -15 16 21 17 -19 -20 20 22 -23 24 -25 -26 26 -28 28 -30 -31
leaf_value=0.1252029872598375 8.2743462064991835 2.4361468360537577 -2.3734877224626216 -12.188229470025925 5.1526265808514191 3.7880230623133047 -5.3590600497192815 -3.7579561004638671 22.039362115859987 -1.9135794937610626 2.6062469561894734 -17.557743072509766 7.7636037143071492 -8.9034718004862476 -10.785970451957303 2.168740536769231 4.9434164695739753 12.37548095612299 -10.476486644744874 -10.456230961192738 5.7560623836517344 12.743285126012305 1.9508528562692498 -6.8436693867047627 -7.8462461853027357 0.65393747505769184 9.7965229566280669 1.3950511204731928 14.746197332654681 -1.196324829926807
leaf_weight=4117 23 21 29 21 28 34 36 25 20 32 24 22 30 30 38 48 25 21 20 22 30 23 26 24 20 1373 26 308 21 1810
leaf_count=4117 23 21 29 21 28 34 36 25 20 32 24 22 30 30 38 48 25 21 20 22 30 23 26 24 20 1373 26 308 21 1810
internal_value=-4.86359e-09 -0.0229179 -3.85387 -6.49568 0.0101196 -0.00742945 2.4583 6.02065 10.5478 -0.0424801 -4.93532 -8.28713 0.00515369 -0.0240061 0.00949288 0.0612866 -1.97764 2.63547 -1.90987 -4.21636 -1.66896 5.5943 0.874725 0.0101284 -2.30876 0.0316165 0.82385 -0.145547 2.24725 -0.278368
internal_weight=8327 8304 71 50 8233 8205 115 79 54 8090 78 54 8012 7982 7952 7750 202 66 45 136 98 71 76 7679 46 7655 1399 6256 329 5927
internal_count=8327 8304 71 50 8233 8205 115 79 54 8090 78 54 8012 7982 7952 7750 202 66 45 136 98 71 76 7679 46 7655 1399 6256 329 5927
is_linear=0
shrinkage=0.05


Tree=197
num_leaves=31
num_cat=0
split_feature=7 10 8 8 1 9 7 3 12 7 5 1 13 7 4 11 1 17 2 9 15 7 10 13 7 3 0 8 7 14
split_gain=646990 1.39323e+06 1.60406e+06 482903 379847 425911 423557 267984 260075 835268 758313 586711 1.40354e+06 1.09421e+06 1.2926e+06 1.05921e+06 1.10595e+06 883399 786526 1.6124e+06 1.01296e+06 979685 1.97292e+06 1.43985e+06 1.43955e+06 1.07729e+06 1.62879e+06 840079 757293 651488
threshold=14.500000000000002 7.5000000000000009 8.5000000000000018 20.500000000000004 29.500000000000004 15.500000000000002 8.5000000000000018 12.500000000000002 1.5000000000000002 10.500000000000002 9.5000000000000018 11.500000000000002 25.500000000000004 4.5000000000000009 1.5000000000000002 11.500000000000002 10.500000000000002 1.5000000000000002 1.0000000180025095e-35 10.500000000000002 6.5000000000000009 4.5000000000000009 6.5000000000000009 13.500000000000002 2.5000000000000004 1.0000000180025095e-35 6.5000000000000009 5.5000000000000009 1.5000000000000002 11.500000000000002
decision_type=2 2 2 2 2 2 2 2 2 2 2 2 2 2 2 2 2 2 2 2 2 2 2 2 2 2 2 2 2 2
left_child=3 -2 -3 4 7 -6 -7 8 9 -1 11 12 17 15 -15 -14 -17 18 21 20 28 24 23 -23 -10 26 -25 -22 -20 -26
right_child=1 2 -4 -5 5 6 -8 -9 10 -11 -12 -13 13 14 -16 16 -18 -19 19 -21 27 22 -24 25 29 -27 -28 -29 -30 -31
leaf_value=0.24113138402468001 15.564889780680339 -9.6349755070426255 9.4584324403242643 -7.611567081156231 2.3143396831694107 -2.2548135001083902 -11.57881793067569 4.8949952772685457 -0.9054880771358228 9.234555684603178 -9.3185068835382889 0.25220154033327247 -12.692436857223512 -3.4152077562668746 -17.416239649057388 5.0664954928790822 -5.4520403969652804 9.510014031150126 -1.7503483978100123 -12.44894380154817 -8.0940310460157132 -12.346685647964478 16.853318834304812 9.9902448844909681 -4.7992619521798163 11.499527446428935 -8.092681332790491 1.9256544058663505 2.5511736441126058 -13.016867528642928
leaf_weight=3680 21 22 22 21 21 29 21 28 479 26 23 2659 20 34 32 51 49 22 128 23 52 20 20 20 174 24 33 35 510 28
leaf_count=3680 21 22 22 21 21 29 21 28 479 26 23 2659 20 34 32 51 49 22 128 23 52 20 20 20 174 24 33 35 510 28
internal_value=-8.24087e-10 4.9689 -0.0882715 -0.0390921 -0.0197956 -3.66118 -6.1709 0.0118492 -0.00494376 0.304226 -0.263236 -0.216041 -0.925879 -5.0325 -10.2036 -2.1884 -0.0875871 -0.438742 -0.580316 0.584541 0.998017 -1.67219 2.55443 -0.3938 -2.39834 2.71085 -1.26894 -4.06312 1.68817 -5.93834
internal_weight=8327 65 44 8262 8241 71 50 8170 8142 3706 4436 4413 1754 186 66 120 100 1568 1546 748 725 798 117 97 681 77 53 87 638 202
internal_count=8327 65 44 8262 8241 71 50 8170 8142 3706 4436 4413 1754 186 66 120 100 1568 1546 748 725 798 117 97 681 77 53 87 638 202
is_linear=0
shrinkage=0.05


Tree=198
num_leaves=31
num_cat=0
split_feature=14 7 4 9 0 0 4 13 7 15 10 4 7 5 9 15 10 14 22 1 11 8 7 17 4 10 7 2 9 14
split_gain=660704 334730 404034 390527 583222 1.1906e+06 321463 275341 870978 517281 422655 400347 389594 841916 472664 460196 440744 436484 435614 863104 1.02838e+06 866345 645132 486707 703667 1.01451e+06 925988 945794 866092 798492
threshold=33.500000000000007 17.500000000000004 20.500000000000004 19.500000000000004 14.500000000000002 17.500000000000004 15.500000000000002 10.500000000000002 2.5000000000000004 1.5000000000000002 2.5000000000000004 1.0000000180025095e-35 1.5000000000000002 1.0000000180025095e-35 4.5000000000000009 3.5000000000000004 5.5000000000000009 4.5000000000000009 1.0000000180025095e-35 10.500000000000002 20.500000000000004 7.5000000000000009 3.5000000000000004 1.0000000180025095e-35 5.5000000000000009 16.500000000000004 6.5000000000000009 1.5000000000000002 11.500000000000002 3.5000000000000004
decision_type=2 2 2 2 2 2 2 2 2 2 2 2 2 2 2 2 2 2 2 2 2 2 2 2 2 2 2 2 2 2
left_child=1 2 3 6 -5 -6 7 8 -1 -9 -10 -12 13 14 16 -15 17 -11 23 22 21 -21 -20 24 25 26 29 -28 -29 -14
right_child=-2 -3 -4 4 5 -7 -8 9 10 12 11 -13 18 15 -16 -17 -18 -19 19 20 -22 -23 -24 -25 -26 -27 27 28 -30 -31
leaf_value=-0.2551241109429887 9.0768727684021009 5.7550194244384762 -6.3860538215637206 1.3977931559085848 -16.340065741539004 0.70583643232073101 5.2673127223705425 1.6159611327679781 -10.101469762397535 1.3902289515191859 -7.9756331915440768 0.67266729995608332 -8.2917929507605734 9.1976698764732898 -3.2691439782795699 0.048914131411799677 3.1317651987075807 -3.0188726608214842 2.4218382658781827 1.6801504453023275 8.4640160492488317 -12.056387784264304 13.456620050393619 -0.19019252832197023 -3.1621846046644393 12.163213293892998 -6.2025615621496133 9.0808190231323245 -4.5217045870694248 1.8031732993329557
leaf_weight=528 20 25 25 32 20 21 29 509 33 88 23 32 20 28 276 27 68 155 27 24 21 22 26 5050 97 21 81 25 22 952
leaf_count=528 20 25 25 32 20 21 29 509 33 88 23 32 20 28 276 27 68 155 27 24 21 22 26 5050 97 21 81 25 22 952
internal_value=-3.11136e-09 -0.0218536 -0.0392916 -0.0200753 -3.66095 -7.60924 0.0124008 -0.00628624 -1.02268 0.0767614 -5.62799 -2.94389 -0.0346828 -1.20881 -1.76305 4.70646 -0.426447 -1.42216 0.0833176 3.06741 -0.704068 -4.8895 7.83513 0.0261876 0.92333 1.27685 1.06902 -2.92863 2.71368 1.59546
internal_weight=8327 8307 8282 8257 73 41 8184 8155 616 7539 88 55 7030 642 587 55 311 243 6388 120 67 46 53 6268 1218 1121 1100 128 47 972
internal_count=8327 8307 8282 8257 73 41 8184 8155 616 7539 88 55 7030 642 587 55 311 243 6388 120 67 46 53 6268 1218 1121 1100 128 47 972
is_linear=0
shrinkage=0.05


Tree=199
num_leaves=31
num_cat=0
split_feature=9 7 14 7 10 7 15 11 2 11 8 15 14 7 10 0 13 10 12 7 13 0 1 1 5 14 13 10 0 12
split_gain=663826 1.75571e+06 493411 392232 324465 525878 514463 786387 506017 461807 407218 810537 1.02617e+06 764964 706867 464776 841365 740863 721404 585606 1.18443e+06 1.11738e+06 1.00586e+06 1.56925e+06 997276 1.10893e+06 973467 1.04195e+06 978403 664845
threshold=20.500000000000004 6.5000000000000009 32.500000000000007 15.500000000000002 14.500000000000002 7.5000000000000009 11.500000000000002 25.500000000000004 1.5000000000000002 25.500000000000004 10.500000000000002 3.5000000000000004 11.500000000000002 13.500000000000002 6.5000000000000009 7.5000000000000009 25.500000000000004 9.5000000000000018 1.5000000000000002 7.5000000000000009 42.500000000000007 10.500000000000002 25.500000000000004 22.500000000000004 1.5000000000000002 15.500000000000002 43.500000000000007 12.500000000000002 15.500000000000002 3.5000000000000004
decision_type=2 2 2 2 2 2 2 2 2 2 2 2 2 2 2 2 2 2 2 2 2 2 2 2 2 2 2 2 2 2
left_child=2 -2 3 4 10 6 7 8 -6 -7 13 12 -12 -1 -14 17 -17 18 -13 20 24 -21 23 29 -18 -26 -22 28 -28 -23
right_child=1 -3 -4 -5 5 9 -8 -9 -10 -11 11 15 14 -15 -16 16 19 -19 -20 21 26 22 -24 -25 25 -27 27 -29 -30 -31
leaf_value=0.056357517739900199 -3.2974725280489241 14.572186014387341 -6.9134864220252412 -5.0828390221846735 -1.8419141292572023 1.2245541241433886 5.6738512206077578 -7.7654281125749867 7.9243631771632614 9.0777634608439914 -4.7155385516938706 -1.4357299419244132 14.773951480699623 8.0575515035788214 2.0859957831246514 6.24990841914446 -0.96893831781328543 4.9552137041091919 -9.0109811060356382 5.8466260005648323 13.300234019756317 -7.4552334846234789 1.5921950731521999 -16.721234890292674 -17.342297059013731 -2.7287900940460319 0.99507523054605018 -6.6175072546928169 11.159571090340615 1.8295374716481856
leaf_weight=7029 28 27 26 38 36 36 30 35 21 39 21 60 23 30 21 39 292 20 66 26 20 51 39 34 21 34 91 31 32 31
leaf_count=7029 28 27 26 38 36 36 30 35 21 39 21 60 23 30 21 39 292 20 66 26 20 51 39 34 21 34 91 31 32 31
internal_value=8.37539e-09 5.47491 -0.0364023 -0.0147185 0.00874498 2.01343 -0.0120634 -1.86617 1.75619 5.30822 -0.0405525 -1.01127 4.37816 0.0903617 8.71834 -1.40621 -0.898173 -3.98469 -5.40372 -1.29529 -0.444102 -3.74539 -5.35437 -7.68986 -2.13227 -8.30849 2.92253 1.57478 3.6395 -3.94514
internal_weight=8327 55 8272 8246 8208 197 122 92 57 75 8011 952 65 7059 44 887 741 146 126 702 521 181 155 116 347 55 174 154 123 82
internal_count=8327 55 8272 8246 8208 197 122 92 57 75 8011 952 65 7059 44 887 741 146 126 702 521 181 155 116 347 55 174 154 123 82
is_linear=0
shrinkage=0.05


end of trees

feature_importances:
Column_14=811
Column_13=762
Column_7=672
Column_4=610
Column_5=511
Column_12=325
Column_11=287
Column_9=285
Column_15=258
Column_8=238
Column_10=234
Column_0=233
Column_21=201
Column_1=197
Column_2=143
Column_3=133
Column_17=51
Column_20=26
Column_16=18
Column_22=5

parameters:
[boosting: gbdt]
[objective: regression]
[metric: l2]
[tree_learner: serial]
[device_type: cpu]
[data_sample_strategy: bagging]
[data: ]
[valid: ]
[num_iterations: 200]
[learning_rate: 0.05]
[num_leaves: 31]
[num_threads: 6]
[seed: 0]
[deterministic: 0]
[force_col_wise: 0]
[force_row_wise: 0]
[histogram_pool_size: -1]
[max_depth: -1]
[min_data_in_leaf: 20]
[min_sum_hessian_in_leaf: 0.001]
[bagging_fraction: 1]
[pos_bagging_fraction: 1]
[neg_bagging_fraction: 1]
[bagging_freq: 0]
[bagging_seed: 3]
[bagging_by_query: 0]
[feature_fraction: 1]
[feature_fraction_bynode: 1]
[feature_fraction_seed: 2]
[extra_trees: 0]
[extra_seed: 6]
[early_stopping_round: 0]
[early_stopping_min_delta: 0]
[first_metric_only: 0]
[max_delta_step: 0]
[lambda_l1: 0]
[lambda_l2: 0]
[linear_lambda: 0]
[min_gain_to_split: 0]
[drop_rate: 0.1]
[max_drop: 50]
[skip_drop: 0.5]
[xgboost_dart_mode: 0]
[uniform_drop: 0]
[drop_seed: 4]
[top_rate: 0.2]
[other_rate: 0.1]
[min_data_per_group: 100]
[max_cat_threshold: 32]
[cat_l2: 10]
[cat_smooth: 10]
[max_cat_to_onehot: 4]
[top_k: 20]
[monotone_constraints: ]
[monotone_constraints_method: basic]
[monotone_penalty: 0]
[feature_contri: ]
[forcedsplits_filename: ]
[refit_decay_rate: 0.9]
[cegb_tradeoff: 1]
[cegb_penalty_split: 0]
[cegb_penalty_feature_lazy: ]
[cegb_penalty_feature_coupled: ]
[path_smooth: 0]
[interaction_constraints: ]
[verbosity: -1]
[saved_feature_importance_type: 0]
[use_quantized_grad: 0]
[num_grad_quant_bins: 4]
[quant_train_renew_leaf: 0]
[stochastic_rounding: 1]
[linear_tree: 0]
[max_bin: 255]
[max_bin_by_feature: ]
[min_data_in_bin: 3]
[bin_construct_sample_cnt: 200000]
[data_random_seed: 1]
[is_enable_sparse: 1]
[enable_bundle: 1]
[use_missing: 1]
[zero_as_missing: 0]
[feature_pre_filter: 1]
[pre_partition: 0]
[two_round: 0]
[header: 0]
[label_column: ]
[weight_column: ]
[group_column: ]
[ignore_column: ]
[categorical_feature: ]
[forcedbins_filename: ]
[precise_float_parser: 0]
[parser_config_file: ]
[objective_seed: 5]
[num_class: 1]
[is_unbalance: 0]
[scale_pos_weight: 1]
[sigmoid: 1]
[boost_from_average: 1]
[reg_sqrt: 0]
[alpha: 0.9]
[fair_c: 1]
[poisson_max_delta_step: 0.7]
[tweedie_variance_power: 1.5]
[lambdarank_truncation_level: 30]
[lambdarank_norm: 1]
[label_gain: ]
[lambdarank_position_bias_regularization: 0]
[eval_at: ]
[multi_error_top_k: 1]
[auc_mu_weights: ]
[num_machines: 1]
[local_listen_port: 12400]
[time_out: 120]
[machine_list_filename: ]
[machines: ]
[gpu_platform_id: -1]
[gpu_device_id: -1]
[gpu_use_dp: 0]
[num_gpu: 1]

end of parameters

pandas_categorical:null
